Year,Gold  Forecast Price,Gold Stdv,Gold Forecast Price (+ 1 stdv.),Gold Forecast Price (- 1 stdv.)
2026-01-01,4215.272945,392.8436105,4608.116555,3822.429334
2027-01-01,3997.179235,630.7933853,4627.97262,3366.38585
2028-01-01,3710.903491,730.4539822,4441.357473,2980.449509
2029-01-01,3580.858411,788.6490405,4369.507451,2792.20937
2030-01-01,3531.482552,930.7535316,4462.236084,2600.729021
2031-01-01,2995.115631,859.6905243,3854.806155,2135.425106
2032-01-01,2995.115631,859.6905243,3854.806155,2135.425106
2033-01-01,2995.115631,859.6905243,3854.806155,2135.425106
2034-01-01,2995.115631,859.6905243,3854.806155,2135.425106
2035-01-01,2995.115631,859.6905243,3854.806155,2135.425106
