date,gold_price,gold_price_3y,gold_price_5y,gold_price_price_floor,silver_price,silver_price_3y,silver_price_5y,silver_price_price_floor,zinc_price,zinc_price_3y,zinc_price_5y,zinc_price_price_floor,copper_price,copper_price_3y,copper_price_5y,copper_price_price_floor,lead_price,lead_price_3y,lead_price_5y,lead_price_price_floor,cad_usd
2002-08-01,312.4,283.71527777777777,285.85,283.71527777777777,4.57,4.723055555555556,4.988666666666666,4.57,748.809523809524,975.6518859729518,1013.988759144513,748.809523809524,1482.91666666667,1674.5920919109676,1664.5073547912546,1482.91666666667,424.333333333333,467.5294873018743,492.25768478603254,424.333333333333,1.5694
2002-09-01,322.4,284.23333333333335,285.7441666666666,284.23333333333335,4.53,4.693888888888889,4.978,4.53,756.17619047619,963.5197852033511,999.286932875757,756.17619047619,1478.93333333333,1667.0713006651765,1654.0844177714573,1478.93333333333,420.542857142857,465.14178888917587,488.71871604765823,420.542857142857,1.5761
2002-10-01,316.35,284.71944444444443,285.84333333333336,284.71944444444443,4.48,4.671388888888888,4.972333333333333,4.48,755.086956521739,952.6061953712829,990.5938163145307,755.086956521739,1486.17173913043,1660.4848013553076,1644.675687283596,1486.17173913043,418.247826086957,462.97076289423694,485.7195851705919,418.247826086957,1.578
2002-11-01,318.25,285.4486111111111,286.19916666666666,285.4486111111111,4.43,4.650555555555556,4.957833333333334,4.43,764.566666666666,942.0000926776803,983.8174270187408,764.566666666666,1581.03571428571,1656.436550994557,1639.0512834384647,1581.03571428571,441.442857142857,461.96728165325567,483.70029986320725,441.442857142857,1.5715
2002-12-01,342.75,286.8902777777778,287.09166666666664,286.8902777777778,4.67,4.632222222222222,4.935666666666667,4.632222222222222,794.261904761905,931.1397207511319,978.7007593832622,794.261904761905,1592.96428571429,1651.6610491271433,1636.2431483431153,1592.96428571429,441.209523809524,460.9248991446967,482.29149029095714,441.209523809524,1.5592
2003-01-01,370.35,289.3152777777778,288.2341666666667,288.2341666666667,4.87,4.621388888888889,4.916,4.621388888888889,782.318181818182,920.132586912748,973.4685624135651,782.318181818182,1650.31136363636,1646.28497589482,1635.621670906,1635.621670906,444.825,460.17351025580786,480.86107321738945,444.825,1.5414
2003-02-01,347.65,290.80555555555554,289.08583333333337,289.08583333333337,4.6,4.6075,4.8865,4.6,785.635,911.448836912748,969.175813227367,785.635,1682.145,1642.8160870059312,1635.9240878052617,1635.9240878052617,474.5125,460.7641352558078,480.17586488405607,460.7641352558078,1.5121
2003-03-01,335.35,292.45694444444445,289.6766666666666,289.6766666666666,4.46,4.594166666666667,4.8549999999999995,4.46,790.304761904762,902.4850802989914,964.9017259257798,790.304761904762,1655.69285714286,1640.4797774821216,1634.3996493674601,1634.3996493674601,454.709523809524,461.12162202829455,478.43806869885026,454.709523809524,1.4761
2003-04-01,336.0,294.1277777777778,290.09833333333336,290.09833333333336,4.61,4.584999999999999,4.828166666666666,4.584999999999999,756.725,892.0463302989915,959.2442251119776,756.725,1587.8675,1637.8675552598993,1630.8620230645379,1587.8675,438.0,461.53773313940565,476.2084849586159,438.0,1.4582
2003-05-01,365.8,296.72638888888895,291.32166666666666,291.32166666666666,4.56,4.575555555555556,4.8214999999999995,4.56,776.1,881.5470549366726,954.5064183085922,776.1,1651.1,1634.1453934241506,1629.5193909139384,1629.5193909139384,462.325,462.918741593512,474.8682880185117,462.325,1.384
2003-06-01,345.15,298.2819444444445,292.14500000000004,292.14500000000004,4.51,4.561388888888889,4.807333333333333,4.51,790.642857142857,872.5040534936711,950.8905456802439,790.642857142857,1685.10714285714,1632.2852383014952,1629.994590189473,1629.994590189473,467.654761904762,464.25485871712914,473.8879307787733,464.25485871712914,1.3525
2003-07-01,355.75,300.4583333333333,293.25083333333333,293.25083333333333,5.08,4.565,4.799833333333334,4.565,828.484782608696,863.9643450740713,947.3069587237222,828.484782608696,1712.82608695652,1629.7764391296525,1630.9472461891735,1629.7764391296525,513.336956521739,465.92797523426736,473.3828319991226,465.92797523426736,1.3821
2003-08-01,371.0,303.1263888888889,294.8775,294.8775,5.11,4.570555555555555,4.805166666666667,4.570555555555555,815.195,854.0377569098202,943.74270790992,815.195,1756.725,1626.9875804340002,1633.2272448765616,1626.9875804340002,493.7575,466.51640820528183,472.83129073935703,466.51640820528183,1.3963
2003-09-01,384.5,306.1930555555556,296.38416666666666,296.38416666666666,5.12,4.576944444444445,4.800666666666666,4.576944444444445,818.920454545455,842.850229853543,940.7307762766933,818.920454545455,1789.67045454545,1622.2036248062943,1635.608874253772,1622.2036248062943,520.961363636364,467.43067888830257,472.8564046531531,467.43067888830257,1.3634
2003-10-01,384.6,309.5486111111111,297.90916666666664,297.90916666666664,5.14,4.588055555555555,4.8020000000000005,4.588055555555555,900.080434782609,837.5298631429589,940.0427227320544,837.5298631429589,1925.58260869565,1623.0705659569312,1641.2769189762596,1623.0705659569312,587.434782608696,470.28202385975624,474.4269083745285,470.28202385975624,1.3221
2003-11-01,398.1,313.1902777777778,299.615,299.615,5.35,4.608055555555556,4.809,4.608055555555556,914.2125,833.5168265267971,939.1804308619372,833.5168265267971,2053.275,1630.2281417145068,1649.26941939107,1630.2281417145068,622.6625,474.6371690617764,476.58753347625384,474.6371690617764,1.313
2003-12-01,417.25,317.2069444444444,301.77833333333336,301.77833333333336,5.97,4.6466666666666665,4.825,4.6466666666666665,976.757142857143,831.2231360506069,939.4334012686057,831.2231360506069,2202.03571428571,1639.9402448891099,1661.3739630546363,1639.9402448891099,690.107142857143,480.930978585586,479.74589827175697,479.74589827175697,1.3128
2004-01-01,401.3,320.95972222222224,303.7058333333334,303.7058333333334,6.23,4.6866666666666665,4.841499999999999,4.6866666666666665,1015.8880952381,830.7561386961095,940.8357028559075,830.7561386961095,2421.47619047619,1657.5630052306203,1677.8652324221969,1657.5630052306203,753.559523809524,488.5705108126181,484.1114736685824,484.1114736685824,1.2958
2004-02-01,392.25,324.49444444444447,305.4633333333333,305.4633333333333,6.58,4.746388888888889,4.8581666666666665,4.746388888888889,1085.7875,832.5396803627762,941.9721611892408,832.5396803627762,2751.7175,1684.9405746750647,1700.1780240888634,1684.9405746750647,885.1525,499.2216913681737,490.3148486685824,490.3148486685824,1.3299
2004-03-01,423.0,329.0486111111111,307.85,307.85,7.83,4.8436111111111115,4.904833333333333,4.8436111111111115,1101.79565217391,835.2111504989201,943.188831149715,835.2111504989201,3000.28260869565,1719.888450169136,1727.2081130216698,1719.888450169136,878.141304347826,509.7576871960173,496.5039461652886,496.5039461652886,1.3286
2004-04-01,387.3,332.4888888888889,309.54083333333335,309.54083333333335,5.95,4.887499999999999,4.913333333333333,4.887499999999999,1028.9125,836.8437508075621,943.3677894830485,836.8437508075621,2926.975,1754.9163051074074,1751.5956130216698,1751.5956130216698,747.025,517.2420236157704,500.3364461652886,500.3364461652886,1.342
2004-05-01,393.85,336.0375,311.58750000000003,311.58750000000003,6.17,4.935833333333333,4.933833333333334,4.933833333333334,1030.95789473684,839.4269727513102,943.2184035181361,839.4269727513102,2728.46052631579,1783.9054863939573,1771.8958323199154,1771.8958323199154,804.092105263158,526.631354582075,504.72613914774473,504.72613914774473,1.3789
2004-06-01,393.75,339.4777777777778,313.79666666666674,313.79666666666674,5.91,4.979444444444445,4.945333333333333,4.945333333333333,1018.84090909091,842.8134265752641,943.5339338211663,842.8134265752641,2689.04545454545,1813.865942141913,1793.0106050471882,1793.0106050471882,863.727272727273,538.2700751207957,510.8640179356235,510.8640179356235,1.3578
2004-07-01,389.6,342.9236111111111,316.0108333333334,316.0108333333334,6.42,5.040555555555556,4.9615,4.9615,988.084090909091,846.5573028378905,942.1482141241967,846.5573028378905,2816.79545454545,1849.6999699196906,1812.6374989865822,1812.6374989865822,931.340909090909,551.3030296662503,518.1344724810781,518.1344724810781,1.3225
2004-08-01,408.1,346.61111111111114,318.5691666666666,318.5691666666666,6.74,5.111111111111111,4.989166666666667,4.989166666666667,976.77380952381,850.6334692640569,939.5996030130856,850.6334692640569,2844.20238095238,1887.971942622913,1832.59523708182,1832.59523708182,916.619047619048,563.3305789687996,525.0408216874273,525.0408216874273,1.3127
2004-09-01,412.35,349.9861111111111,320.37916666666666,320.37916666666666,6.67,5.168888888888889,5.007333333333333,5.007333333333333,980.002272727273,855.647143506481,936.0507772555097,855.647143506481,2903.17045454545,1928.9573061263686,1851.8200476878806,1851.8200476878806,932.159090909091,576.3126370496076,532.1351398692454,532.1351398692454,1.2881
2004-10-01,426.2,354.0208333333333,322.5016666666667,322.5016666666667,7.16,5.248888888888889,5.0385,5.0385,1066.92857142857,864.1246279785307,934.6999836047161,864.1246279785307,3009.40476190476,1974.2914359860422,1873.255365148198,1873.255365148198,932.857142857143,589.2091518874269,539.4093462184518,539.4093462184518,1.2469
2004-11-01,452.0,358.9458333333334,325.16833333333335,325.16833333333335,7.76,5.349444444444445,5.0815,5.0815,1100.20454545455,873.1762693926723,933.9302866350192,873.1762693926723,3130.30909090909,2021.402989016345,1896.6476378754705,1896.6476378754705,966.306818181818,602.5311847157095,547.5549901578457,547.5549901578457,1.1968
2004-12-01,438.0,363.43194444444447,327.62083333333334,327.62083333333334,6.82,5.413333333333333,5.1063333333333345,5.1063333333333345,1182.12142857143,884.9582371797873,933.8783888759157,884.9582371797873,3139.78571428571,2067.706840556961,1919.5626938978794,1919.5626938978794,972.333333333333,616.1263916873872,555.7816241447739,555.7816241447739,1.2189
2005-01-01,423.8,367.38472222222225,329.96666666666664,329.96666666666664,6.72,5.481111111111111,5.1306666666666665,5.1306666666666665,1245.525,897.495168997969,934.994222209249,897.495168997969,3168.1,2113.814416314537,1941.6335272312128,1941.6335272312128,954.225,628.4357982530437,563.8207908114405,563.8207908114405,1.2248
2005-02-01,436.55,371.2736111111111,332.3425,332.3425,7.35,5.561944444444444,5.168166666666667,5.168166666666667,1323.08,912.7621134424135,938.7413888759155,912.7621134424135,3247.1,2160.640319092315,1965.634777231213,1965.634777231213,972.975,642.1038538085992,572.4828741447739,572.4828741447739,1.2401
2005-03-01,427.5,374.7319444444445,334.8691666666667,334.8691666666667,7.19,5.631666666666666,5.2056666666666676,5.2056666666666676,1373.92857142857,928.1491570932071,943.0901983997251,928.1491570932071,3378.90476190476,2209.848993034114,1992.9531899296255,1992.9531899296255,1001.69047619048,656.5765059250015,581.8137154146152,581.8137154146152,1.216
2005-04-01,433.2,378.1722222222222,337.4916666666667,337.4916666666667,6.98,5.697777777777778,5.2396666666666665,5.2396666666666665,1297.78571428571,941.7660883101382,945.8446269711536,941.7660883101382,3389.80952380952,2259.8833845685053,2021.4182236597842,2021.4182236597842,980.47619047619,670.6983313218269,591.1046519225516,591.1046519225516,1.2359
2005-05-01,416.9,380.6625,339.9025,339.9025,7.13,5.755555555555556,5.276833333333332,5.276833333333332,1245.5075,955.023241087916,947.3685200870956,947.3685200870956,3241.9,2305.5744199220408,2045.6982598916682,2045.6982598916682,985.2875,685.5566962208168,600.649298661682,600.649298661682,1.2555
2005-06-01,436.8,383.93333333333334,342.3633333333334,342.3633333333334,7.1,5.8175,5.3115,5.3115,1273.09772727273,969.014227339319,949.9836337234593,949.9836337234593,3529.72727272727,2357.7725540410083,2075.325835649244,2075.325835649244,982.647727272727,700.6307071635778,610.0341850253185,610.0341850253185,1.2402
2005-07-01,427.15,387.3125,344.8591666666667,344.8591666666667,7.15,5.886666666666667,5.348166666666667,5.348166666666667,1196.83333333333,980.1759020575153,950.9989511837765,950.9989511837765,3608.47619047619,2413.8889820373274,2105.4147245381328,2105.4147245381328,857.52380952381,712.0611994571134,616.7745024856359,616.7745024856359,1.2229
2005-08-01,433.0,390.6625,347.4933333333333,347.4933333333333,6.74,5.946944444444444,5.378666666666666,5.378666666666666,1300.72272727273,995.5068243759379,953.1351270731049,953.1351270731049,3791.90909090909,2478.0276604885057,2137.661144169226,2137.661144169226,887.420454545455,724.9247306018947,623.6886115106688,623.6886115106688,1.2043
2005-09-01,473.4,394.8569444444445,350.815,350.815,7.53,6.030277777777778,5.422666666666667,5.422666666666667,1396.64772727273,1013.2977003980637,956.0513987181264,956.0513987181264,3850.65909090909,2543.9089315322763,2169.140581398663,2169.140581398663,932.772727272727,739.1533381055021,631.100696647754,631.100696647754,1.1777
2005-10-01,472.65,399.1986111111112,354.29583333333335,354.29583333333335,7.77,6.121666666666666,5.473166666666667,5.473166666666667,1483.20238095238,1033.5231288544705,962.5778777946055,962.5778777946055,4056.16666666667,2615.2976795193945,2205.1704803885627,2205.1704803885627,999.404761904762,755.2965863226634,639.6776699522273,639.6776699522273,1.1774
2005-11-01,493.8,404.07500000000005,358.0758333333334,358.0758333333334,8.21,6.226666666666667,5.532833333333333,5.532833333333333,1610.63636363636,1057.0250648814065,971.7771202188479,971.7771202188479,4278.15909090909,2690.217773314488,2246.5464273582597,2246.5464273582597,1017.84090909091,771.3076433212204,648.8770638916213,648.8770638916213,1.1815
2005-12-01,513.0,408.8041666666667,362.0816666666667,362.0816666666667,8.83,6.342222222222222,5.603666666666667,5.603666666666667,1819.325,1085.4990397491313,984.4437035521811,984.4437035521811,4577.025,2773.1083487113137,2291.9568440249263,2291.9568440249263,1120.15,790.1671009931782,659.820730558288,659.820730558288,1.1615
2006-01-01,569.8,414.34444444444443,367.14166666666665,367.14166666666665,9.91,6.482222222222223,5.688999999999999,5.688999999999999,2091.75,1121.8721458097375,1002.0945368855143,1002.0945368855143,4743.85714285714,2859.040175911891,2341.2368494361813,2341.2368494361813,1258.14285714286,812.759263691591,672.8141721167295,672.8141721167295,1.1572
2006-02-01,556.5,420.1458333333333,372.0,372.0,9.7,6.623888888888889,5.776833333333332,5.776833333333332,2219.725,1161.7079791430706,1022.0636202188477,1022.0636202188477,4974.975,2950.507675911891,2394.717682769515,2394.717682769515,1267.4375,834.7849581360354,685.5762971167295,685.5762971167295,1.1489
2006-03-01,584.0,427.05277777777775,377.41583333333335,377.41583333333335,11.76,6.826666666666666,5.900666666666667,5.900666666666667,2427.64565217391,1207.1896705394358,1045.764002300534,1045.764002300534,5123.67391304348,3046.8404830202417,2451.0762631384214,2451.0762631384214,1193.89130434783,855.3177853732105,697.1603946134359,697.1603946134359,1.1573
2006-04-01,638.25,435.4486111111111,383.6625,383.6625,12.56,7.0475,6.037166666666667,6.037166666666667,3068.33888888889,1271.4011674530163,1080.734002300534,1080.734002300534,6404.44444444444,3180.634287032587,2530.0508001754583,2530.0508001754583,1170.55555555556,875.6665508053094,708.7098390578805,708.7098390578805,1.1441
2006-05-01,654.0,443.45416666666665,390.1275,390.1275,13.13,7.285555555555557,6.182166666666666,6.182166666666666,3544.64285714286,1348.3051357069844,1124.1786848402166,1124.1786848402166,8059.19047619048,3358.6368002601002,2636.289808111966,2636.289808111966,1167.5,895.2547452497538,720.4002358832771,720.4002358832771,1.11
2006-06-01,600.4,450.5444444444444,395.6358333333333,395.6358333333333,10.7,7.4575000000000005,6.288166666666667,6.288166666666667,3197.59090909091,1415.1648038166527,1162.523057134589,1162.523057134589,7222.77272727273,3512.4608442716444,2729.828202772861,2729.828202772861,963.613636363636,909.0313806513892,729.0482409337822,729.0482409337822,1.1137
2006-07-01,637.0,458.3569444444444,401.82666666666665,401.82666666666665,11.44,7.634166666666666,6.4085,6.4085,3320.7380952381,1484.3940625008026,1203.6469496309817,1203.6469496309817,7726.7380952381,3679.5139556127997,2833.160996784405,2833.160996784405,1053.2619047619,924.0292958802826,738.9000302555716,738.9000302555716,1.1294
2006-08-01,621.75,465.3222222222222,407.6,407.6,12.6,7.842222222222223,6.5485,6.5485,3339.96590909091,1554.5265877533282,1245.4791844794663,1245.4791844794663,7690.25,3844.334094501688,2936.8916407237994,2936.8916407237994,1179.31818181818,943.0726481530097,750.49487874042,750.49487874042,1.1182
2006-09-01,601.75,471.3569444444444,412.78166666666664,412.78166666666664,11.55,8.020833333333334,6.6645,6.6645,3394.05952380952,1626.0582285662188,1288.7216765429584,1288.7216765429584,7622.64285714286,4006.36110568495,3040.1407322024957,3040.1407322024957,1346.52857142857,966.0050705916822,765.1902715975627,765.1902715975627,1.1161
2006-10-01,600.9,477.3652777777778,418.1141666666666,418.1141666666666,12.08,8.213611111111112,6.7945,6.7945,3829.60227272727,1707.4338351757929,1339.8527289144997,1339.8527289144997,7497.40909090909,4161.134063524212,3142.141282268372,3142.141282268372,1525.65909090909,992.0668569333599,782.8082129677867,782.8082129677867,1.1285
2006-11-01,638.4,484.0402777777777,424.1758333333334,424.1758333333334,13.68,8.445,6.9535,6.9535,4378.61363636364,1803.6672000747828,1399.9238652781364,1399.9238652781364,7029.29545454545,4299.356853928252,3235.39132014716,3235.39132014716,1626.02272727273,1019.9379743576023,801.7966978162716,801.7966978162716,1.1359
2006-12-01,635.7,490.1083333333333,430.1625,430.1625,12.9,8.6375,7.093166666666667,7.093166666666667,4381.44736842105,1898.241928562669,1460.315144947899,1460.315144947899,6680.97368421053,4423.771797537275,3322.1934305702766,3322.1934305702766,1709.15789473684,1048.2449396875938,822.2342313560033,822.2342313560033,1.1532
2007-01-01,645.75,496.89861111111105,436.23333333333335,436.23333333333335,13.36,8.835555555555556,7.2445,7.2445,3784.86363636364,1975.157915816156,1510.1596146448687,1510.1596146448687,5689.34090909091,4514.545817498795,3391.8786578430036,3391.8786578430036,1664.34090909091,1073.544422612077,841.4551404469124,841.4551404469124,1.1763
2007-02-01,677.0,504.8083333333333,442.5741666666666,442.5741666666666,14.31,9.050277777777778,7.409000000000001,7.409000000000001,3321.375,2037.2575685939341,1552.624697978202,1552.624697978202,5718.15,4596.946720276573,3461.158366176337,3461.158366176337,1775.075,1098.2644920565212,863.024307113579,863.024307113579,1.171
2007-03-01,663.5,511.4888888888888,448.5824999999999,448.5824999999999,13.35,9.20361111111111,7.5535,7.5535,3256.18181818182,2097.1016287608204,1593.2278116145658,1593.2278116145658,6465.29545454545,4693.197077105734,3542.1234154187614,3542.1234154187614,1908.97727272727,1126.898824511506,886.8293449923669,886.8293449923669,1.1682
2007-04-01,678.0,519.5638888888889,454.72666666666663,454.72666666666663,13.5,9.413333333333334,7.701833333333334,7.701833333333334,3566.85526315789,2167.6000388485395,1639.2157961592607,1639.2157961592607,7753.34210526316,4827.262830029711,3644.869593363624,3644.869593363624,1984.15789473684,1161.2636271430847,912.0304686348063,912.0304686348063,1.135
2007-05-01,656.6,526.8625000000001,460.21583333333336,460.21583333333336,13.25,9.61,7.8385,7.8385,3847.52380952381,2245.837980925955,1690.5370263179907,1690.5370263179907,7677.95238095238,4964.748714880727,3746.2184209249513,3746.2184209249513,2106.0,1197.4277353302193,939.6240292408669,939.6240292408669,1.0951
2007-06-01,648.5,533.938888888889,465.7066666666667,465.7066666666667,12.54,9.794166666666667,7.966333333333334,7.966333333333334,3628.65476190476,2318.3328101707843,1738.1909019793666,1738.1909019793666,7514.2380952381,5098.781843788855,3843.9458151048457,3843.9458151048457,2436.64285714286,1241.1198348973187,972.9016879710257,972.9016879710257,1.0651
2007-07-01,666.75,541.6375,471.7275,471.7275,12.93,9.975000000000001,8.104166666666666,8.104166666666666,3546.29545454545,2389.3942369384613,1784.0456088304863,1784.0456088304863,7980.93181818182,5242.230076112089,3950.4899323643976,3950.4899323643976,3072.43181818182,1300.5945823720665,1016.6751168247806,1016.6751168247806,1.0502
2007-08-01,668.0,548.8569444444445,477.65416666666664,477.65416666666664,11.95,10.119722222222222,8.227166666666667,8.227166666666667,3244.17045454545,2452.377477077951,1825.634957676085,1825.634957676085,7500.20454545455,5371.563469570483,4050.7780636775283,4050.7780636775283,3115.19318181818,1361.66608609982,1061.5227809661947,1061.5227809661947,1.0579
2007-09-01,737.75,557.8958333333334,484.5766666666667,484.5766666666667,13.65,10.31361111111111,8.379166666666666,8.379166666666666,2887.6,2505.366302835527,1861.1586878348155,1861.1586878348155,7671.35,5504.012901388664,4153.985008121973,4153.985008121973,3228.025,1425.440139130123,1108.3141500138138,1108.3141500138138,1.0267
2007-10-01,783.0,567.8069444444445,492.3541666666667,492.3541666666667,14.32,10.5125,8.543166666666668,8.543166666666668,2979.98913043478,2558.506873919033,1898.240390733366,1898.240390733366,8020.58695652174,5643.212406794692,4262.891928411828,4262.891928411828,3722.60869565217,1502.9332378188737,1163.386831173234,1163.386831173234,0.9754
2007-11-01,794.75,577.3277777777779,500.29583333333335,500.29583333333335,14.23,10.692222222222222,8.7065,8.7065,2554.60227272727,2598.906810787719,1928.0743175010427,1928.0743175010427,6957.43181818182,5749.521371441156,4352.49853014343,4352.49853014343,3319.90909090909,1568.3110787279647,1211.3612684026712,1211.3612684026712,0.9672
2007-12-01,836.5,588.3972222222224,508.525,508.525,14.76,10.912777777777777,8.874666666666666,8.874666666666666,2378.59722222222,2632.1422495002416,1954.4799061253811,1954.4799061253811,6630.73611111111,5846.492215797417,4436.461393900044,4436.461393900044,2616.08333333333,1613.970800950187,1247.609165228068,1247.609165228068,1.0021
2008-01-01,923.75,602.2847222222222,517.7483333333333,517.7483333333333,16.74,11.19111111111111,9.0725,9.0725,2364.40909090909,2663.222363136605,1980.848087943563,1980.848087943563,7078.90909090909,5955.125801656003,4526.938022687923,4526.938022687923,2621.78409090909,1660.2918868087727,1283.8918167432196,1283.8918167432196,1.0099
2008-02-01,969.0,617.075,528.1041666666666,528.1041666666666,19.62,11.531944444444443,9.322833333333334,9.322833333333334,2458.47619047619,2694.761146205388,2008.7287744514992,2008.7287744514992,7941.14285714286,6085.515881021082,4631.254653640304,4631.254653640304,3089.60714285714,1719.0872241103598,1327.4767274575051,1327.4767274575051,0.9986
2008-03-01,937.25,631.2347222222222,538.1358333333334,538.1358333333334,17.99,11.831944444444444,9.548333333333334,9.548333333333334,2511.18421052632,2726.3515806247697,2037.410098595192,2037.410098595192,8434.31578947368,6225.943965120219,4744.231702512483,4744.231702512483,3012.93421052632,1774.9551056196888,1370.1138055694516,1370.1138055694516,1.0029
2008-04-01,867.75,643.3055555555555,546.9983333333333,546.9983333333333,16.47,12.095555555555556,9.746,9.746,2278.51136363636,2753.593959773399,2062.7732046557985,2062.7732046557985,8714.18181818182,6373.84319551945,4863.0036078155135,4863.0036078155135,2834.875,1826.4661836620169,1410.0617222361184,1410.0617222361184,1.0137
2008-05-01,879.5,656.1555555555556,555.56,555.56,16.85,12.365555555555556,9.950833333333332,9.950833333333332,2178.325,2779.5055569956216,2086.1436213224647,2086.1436213224647,8356.125,6515.905001075005,4974.754024482181,4974.754024482181,2216.0875,1860.6550725509057,1439.2910972361183,1439.2910972361183,0.9993
2008-06-01,932.75,669.9319444444445,565.3533333333332,565.3533333333332,17.65,12.65861111111111,10.169833333333335,10.169833333333335,1906.17380952381,2797.091003724818,2104.7358038621473,1906.17380952381,8292.0,6648.1903546103595,5084.868905434561,5084.868905434561,1860.5119047619,1885.0401885922718,1462.505382950404,1462.505382950404,1.0166
2008-07-01,912.0,683.4000000000001,574.6241666666666,574.6241666666666,17.48,12.945555555555556,10.376499999999998,10.376499999999998,1856.44565217391,2815.4135681370562,2121.8684850215677,1856.44565217391,8407.02173913043,6781.483286517421,5196.438832970794,5196.438832970794,1960.04347826087,1915.665734946079,1486.6171583127227,1486.6171583127227,1.013
2008-08-01,836.5,694.6083333333333,582.3824999999999,582.3824999999999,13.76,13.140555555555556,10.520666666666667,10.520666666666667,1734.65,2827.467103490592,2137.192735021568,1734.65,7633.8,6888.202478436612,5294.390082970794,5294.390082970794,1902.85,1943.8721112087053,1510.102033312723,1510.102033312723,1.0535
2008-09-01,897.0,706.375,590.9241666666666,590.9241666666666,12.96,13.29138888888889,10.651333333333332,10.651333333333332,1744.52272727273,2837.1302979350357,2152.6194395670223,1744.52272727273,6975.11363636364,6974.992882477017,5380.814136001097,5380.814136001097,1872.30681818182,1969.9702804006245,1532.624457555147,1532.624457555147,1.0582
2008-10-01,728.5,713.4819444444445,596.6558333333334,596.6558333333334,9.28,13.333333333333334,10.720333333333334,9.28,1303.00434782609,2832.124797014861,2159.334838117747,1303.00434782609,4894.89130434783,6998.290789079272,5430.3026142619665,4894.89130434783,1494.26086956522,1983.716283391193,1547.7382256710891,1494.26086956522,1.1847
2008-11-01,813.5,722.3625000000001,603.5791666666667,603.5791666666667,10.12,13.38638888888889,10.799833333333332,10.12,1169.3625,2819.8671896916294,2163.5873381177466,1169.3625,3729.1875,6983.0415782206865,5458.234489261967,3729.1875,1286.425,1991.1769525831119,1558.8009340044225,1286.425,1.2171
2008-12-01,865.0,732.1402777777779,611.0416666666666,611.0416666666666,10.79,13.440833333333334,10.880166666666668,10.79,1112.90476190476,2800.2444053000945,2165.8564651018737,1112.90476190476,3105.09523809524,6942.154640389998,5473.285481325459,3105.09523809524,968.166666666667,1986.9551933238524,1563.435259401248,968.166666666667,1.2337
2009-01-01,918.5,741.8263888888889,619.6616666666666,619.6616666666666,12.51,13.513055555555557,10.984833333333334,10.984833333333334,1202.52380952381,2775.5436777868667,2168.967060339969,1202.52380952381,3260.35714285714,6900.946307056664,5487.2668305318075,3260.35714285714,1144.90476190476,1983.8096906783499,1569.9576800361685,1144.90476190476,1.2248
2009-02-01,943.75,752.5833333333334,628.8533333333332,628.8533333333332,13.21,13.610555555555557,11.095333333333334,11.095333333333334,1118.0025,2744.9402750090894,2169.5039770066355,1118.0025,3328.4125,6855.208459834442,5496.878413865142,3328.4125,1099.625,1979.1482323450166,1573.5322217028354,1099.625,1.2452
2009-03-01,918.5,761.875,637.1116666666666,637.1116666666666,13.11,13.648055555555555,11.183333333333334,11.183333333333334,1223.21818181818,2711.483956388097,2171.5276858340403,1223.21818181818,3770.875,6817.630712249902,5509.72162038688,3770.875,1246.52272727273,1980.6102163151527,1579.671912084917,1246.52272727273,1.2645
2009-04-01,889.0,768.8402777777778,645.4733333333332,645.4733333333332,12.63,13.649999999999999,11.294666666666666,11.294666666666666,1388.1375,2664.8116955856276,2177.5147691673733,1388.1375,4436.925,6762.977394348667,5534.887453720215,4436.925,1393.9125,1986.8145758830537,1590.4533704182502,1393.9125,1.2242
2009-05-01,972.0,777.6736111111111,655.1091666666666,655.1091666666666,15.52,13.716388888888888,11.450500000000002,11.450500000000002,1492.51842105263,2607.808239027566,2185.20744460597,1492.51842105263,4591.46052631579,6666.651562407704,5565.937453720214,4591.46052631579,1446.68421052632,1994.5696928421182,1601.1632388393032,1446.68421052632,1.1528
2009-06-01,941.0,787.1347222222223,664.2299999999999,664.2299999999999,13.94,13.806388888888888,11.584333333333332,11.584333333333332,1556.77272727273,2562.2299561992827,2194.1729749090005,1556.77272727273,5015.43181818182,6605.336537155178,5604.71055978082,5015.43181818182,1667.11363636364,2014.111359508785,1614.5530115665758,1614.5530115665758,1.1264
2009-07-01,936.5,795.4541666666668,673.3449999999999,673.3449999999999,13.63,13.867222222222221,11.7045,11.7045,1580.85869565217,2513.8999728774515,2204.0525516547186,1580.85869565217,5228.41304347826,6535.938619050738,5644.904186263034,5228.41304347826,1673.97826086957,2031.3534805117758,1626.9303007628869,1626.9303007628869,1.1229
2009-08-01,950.75,804.5930555555556,682.3891666666666,682.3891666666666,14.54,13.921111111111111,11.834499999999998,11.834499999999998,1818.0125,2471.623489291593,2218.0731964959878,1818.0125,6176.875,6493.900424606294,5700.448729913827,5700.448729913827,1893.0375,2051.179017127937,1643.2039416359025,1643.2039416359025,1.0872
2009-09-01,1001.25,815.6902777777779,692.2041666666667,692.2041666666667,16.45,14.057222222222222,11.9975,11.9975,1879.14772727273,2429.54260605446,2233.058954071746,1879.14772727273,6195.75,6454.264511907881,5755.325055671403,5755.325055671403,2205.47727272727,2075.0387032751237,1664.4259113328724,1664.4259113328724,1.0816
2009-10-01,1044.5,828.0125,702.5091666666666,702.5091666666666,16.57,14.181944444444444,12.154333333333334,12.154333333333334,2070.84454545455,2380.6882247413287,2249.7908869721787,2070.84454545455,6305.98863636364,6421.169499281618,5810.268120245718,5810.268120245718,2227.69318181818,2094.5396502448207,1686.0065119822227,1686.0065119822227,1.0547
2009-11-01,1172.0,842.8347222222224,714.5091666666666,714.5091666666666,18.14,14.305833333333332,12.327333333333334,12.327333333333334,2196.54761904762,2320.0752798158837,2268.0632715320635,2196.54761904762,6682.44047619048,6411.534638771758,5869.470310000408,5869.470310000408,2303.44047619048,2113.35680993698,1708.2920729490338,1708.2920729490338,1.0593
2009-12-01,1104.0,855.8430555555556,725.6091666666666,725.6091666666666,16.99,14.419444444444444,12.496833333333335,12.496833333333335,2374.0380952381,2264.3139111163573,2287.9285493098414,2264.3139111163573,6976.97619047619,6419.756930612471,5933.4234846035815,5933.4234846035815,2326.26285714286,2130.4986144482586,1730.857565012526,1730.857565012526,1.0537
2010-01-01,1082.75,867.9819444444445,736.5916666666667,736.5916666666667,16.29,14.500833333333333,12.656333333333333,12.656333333333333,2414.6625,2226.2527684395895,2307.4141743098417,2226.2527684395895,7367.375,6466.368988693279,6003.4114012702485,6003.4114012702485,2352.15,2149.604422529066,1754.156315012526,1754.156315012526,1.0438
2010-02-01,1112.5,880.0791666666668,747.8575,747.8575,16.12,14.551111111111108,12.8025,12.8025,2158.8,2193.9590184395897,2321.342840976508,2158.8,6867.675,6498.300238693279,6063.754317936916,6063.754317936916,2125.775,2159.3460891957334,1773.3696483458593,1773.3696483458593,1.0572
2010-03-01,1109.5,892.4680555555556,759.2241666666666,759.2241666666666,17.5,14.66638888888889,12.974333333333334,12.974333333333334,2277.26304347826,2166.76683025338,2336.3984155106696,2166.76683025338,7466.9347826087,6526.123553361704,6131.888151615315,6131.888151615315,2162.67608695652,2166.3932784798794,1792.7194085252934,1792.7194085252934,1.0229
2010-04-01,1175.25,906.2805555555556,771.5916666666667,771.5916666666667,18.62,14.808611111111112,13.168333333333333,13.168333333333333,2367.5,2133.4514062767716,2354.226986939241,2133.4514062767716,7729.8375,6525.470647659949,6204.221951218488,6204.221951218488,2272.15,2174.3930591816334,1814.24730535069,1814.24730535069,1.0052
2010-05-01,1214.0,921.7638888888889,784.8766666666667,784.8766666666667,18.53,14.955277777777777,13.358333333333333,13.358333333333333,1969.78947368421,2081.292119170116,2366.298353167311,1969.78947368421,6843.15789473684,6502.281911931739,6264.24291613077,6264.24291613077,1876.78947368421,2168.026100117306,1829.1056715787604,1829.1056715787604,1.0403
2010-06-01,1240.5,938.2083333333334,798.2716666666666,798.2716666666666,18.74,15.127500000000001,13.552333333333333,13.552333333333333,1746.51136363636,2029.0103581071048,2374.188580440038,1746.51136363636,6501.5,6474.150298175125,6313.772461585316,6313.772461585316,1707.28409090909,2147.76613438859,1841.182944306033,1707.28409090909,1.0376
2010-07-01,1168.0,952.1319444444445,810.6191666666666,810.6191666666666,17.66,15.258888888888887,13.7275,13.7275,1847.02727272727,1981.8084641677108,2385.0251460966037,1847.02727272727,6750.56818181818,6439.973530498357,6366.140661441014,6366.140661441014,1843.96590909091,2113.642081358287,1857.623645965485,1843.96590909091,1.0422
2010-08-01,1233.5,967.8402777777778,823.9608333333332,823.9608333333332,18.87,15.45111111111111,13.929666666666666,13.929666666666666,2047.47619047619,1948.566956832454,2397.4710371499946,1948.566956832454,7302.66666666667,6434.486367198693,6424.653287703642,6424.653287703642,2082.79761904762,2084.9644268368825,1877.5465987071875,1877.5465987071875,1.0404
2010-09-01,1311.0,983.7638888888889,837.9208333333333,837.9208333333333,22.07,15.684999999999999,14.172,14.172,2150.94318181818,1928.1042674385144,2410.042628059086,1928.1042674385144,7729.59090909091,6436.104170228997,6489.3021513400045,6436.104170228997,2192.85227272727,2056.2096288570847,1898.5479244647634,1898.5479244647634,1.033
2010-10-01,1336.75,999.1458333333334,852.3225,852.3225,23.96,15.95277777777778,14.441833333333333,14.441833333333333,2373.5619047619,1911.2590667253785,2424.8819534559107,1911.2590667253785,8289.7619047619,6443.581252124557,6559.862071974926,6443.581252124557,2383.54761904762,2019.0134878402916,1921.616972083811,1921.616972083811,1.0179
2010-11-01,1375.0,1015.2638888888889,867.0091666666666,867.0091666666666,27.13,16.311111111111114,14.757166666666668,14.757166666666668,2283.29545454545,1903.7227662203284,2436.092938304396,1903.7227662203284,8458.42045454545,6485.275380912435,6629.5330947021985,6485.275380912435,2364.97727272727,1992.4876040019076,1944.0692448110835,1944.0692448110835,1.0129
2010-12-01,1410.25,1031.201388888889,881.9633333333333,881.9633333333333,30.63,16.751944444444447,15.1205,15.1205,2287.32142857143,1901.1873275078065,2443.892878780586,1901.1873275078065,9152.85714285714,6555.334298460937,6705.796963749818,6555.334298460937,2413.20238095238,1986.8520219913257,1965.6201178269564,1965.6201178269564,1.0081
2011-01-01,1333.5,1042.5833333333333,894.6916666666667,894.6916666666667,27.75,17.05777777777778,15.417833333333334,15.417833333333334,2375.8125,1901.504088871443,2448.627253780586,1901.504088871443,9533.2,6623.509045935683,6785.619344702198,6623.509045935683,2583.975,1985.801769466073,1987.717320207909,1985.801769466073,0.9939
2011-02-01,1409.75,1054.826388888889,908.9125,908.9125,33.49,17.443055555555556,15.814333333333334,15.814333333333334,2473.45,1901.9200280248822,2452.856003780586,1901.9200280248822,9880.9375,6677.392230459493,6867.385386368865,6677.392230459493,2595.575,1972.0786543867082,2009.852945207909,1972.0786543867082,0.9876
2011-03-01,1431.0,1068.5416666666667,923.0291666666667,923.0291666666667,37.87,17.995277777777776,16.2495,16.2495,2341.47826086957,1897.2059738677501,2451.41988059218,1897.2059738677501,9503.35869565217,6707.0878667422285,6940.380132745676,6707.0878667422285,2624.02173913043,1961.2755301812665,2033.6884524542854,1961.2755301812665,0.9766
2011-04-01,1531.0,1086.9652777777778,937.9083333333333,937.9083333333333,48.7,18.890555555555554,16.851833333333335,16.851833333333335,2371.47777777778,1899.7883742605673,2439.8055287403286,1899.7883742605673,9482.75,6728.436982903844,6991.6852253382685,6728.436982903844,2719.34722222222,1958.0664252429951,2059.50164689873,1958.0664252429951,0.958
2011-05-01,1537.0,1105.2291666666667,952.625,952.625,38.65,19.496111111111112,17.27716666666667,17.27716666666667,2159.6,1899.2682353716784,2416.721481121281,1899.2682353716784,8931.675,6744.424482903845,7006.226634068428,6744.424482903845,2419.6375,1963.720591909662,2080.3706052320636,1963.720591909662,0.968
2011-06-01,1508.0,1121.2083333333333,967.7516666666667,967.7516666666667,35.02,19.97861111111111,17.6825,17.6825,2234.46590909091,1908.3874603596535,2400.6693977879477,1908.3874603596535,9066.85227272727,6765.948157146269,7036.961293159337,6765.948157146269,2524.98863636364,1982.1782788985988,2106.39352189873,1982.1782788985988,0.9766
2011-07-01,1613.75,1140.701388888889,984.0308333333334,984.0308333333334,39.63,20.593888888888888,18.15233333333333,18.15233333333333,2397.75476190476,1923.4238245188437,2385.286342232392,1923.4238245188437,9650.46428571429,6800.48822788471,7069.023396333941,6800.48822788471,2681.02380952381,2002.2055103225696,2133.5228869780954,2002.2055103225696,0.9553
2011-08-01,1826.0,1168.1875,1004.1016666666667,1004.1016666666667,41.35,21.360277777777775,18.631500000000003,18.631500000000003,2199.23863636364,1936.3290644178333,2366.274221020271,1936.3290644178333,8997.98863636364,6838.382356672589,7090.819040273334,6838.382356672589,2393.05681818182,2015.8223663831757,2153.7518642508226,2015.8223663831757,0.9817
2011-09-01,1629.0,1188.5208333333333,1021.2225,1021.2225,30.45,21.846111111111114,18.9465,18.9465,2075.22045454545,1945.5151123976316,2344.29356986587,1945.5151123976316,8300.13636363636,6875.188543541275,7102.110598714892,6875.188543541275,2287.67045454545,2027.3602451710544,2169.4375623027704,2027.3602451710544,1.0025
2011-10-01,1718.0,1216.0069444444443,1039.8408333333332,1039.8408333333332,34.24,22.539444444444445,19.31583333333333,19.31583333333333,1871.41666666667,1961.3043434765366,2311.657143098193,1871.41666666667,7394.19047619048,6944.613520536904,7100.390288469583,6944.613520536904,1960.38095238095,2040.3080252492687,2176.682926660635,1960.38095238095,1.0198
2011-11-01,1704.0,1240.7430555555557,1057.6008333333332,1057.6008333333332,31.35,23.12916666666667,19.610333333333337,19.610333333333337,1935.31818181818,1982.580890193708,2270.9355521891025,1935.31818181818,7581.02272727273,7051.608943516702,7109.585743015036,7051.608943516702,1994.21590909091,2059.9688838351276,2182.819479690938,1994.21590909091,1.0248
2011-12-01,1574.5,1260.451388888889,1073.2475,1073.2475,28.18,23.612222222222222,19.865000000000002,19.865000000000002,1911.15,2004.7543690296868,2229.763929382085,1911.15,7558.875,7175.325048014057,7124.217431611528,7124.217431611528,2024.5625,2089.313212538831,2188.07622311199,2024.5625,1.0235
2012-01-01,1738.0,1283.2152777777778,1091.4516666666666,1091.4516666666666,33.6,24.198055555555555,20.202333333333335,20.202333333333335,1989.22619047619,2026.607212945031,2199.836638617294,1989.22619047619,8061.91666666667,7308.701701453211,7163.760360904457,7163.760360904457,2100.21428571429,2115.849588200207,2195.3407793890465,2100.21428571429,1.013
2012-02-01,1788.0,1306.6666666666667,1109.9683333333335,1109.9683333333335,37.23,24.865277777777777,20.584333333333333,20.584333333333333,2057.78571428571,2052.712302230745,2178.7768171887224,2052.712302230745,8441.4880952381,7450.731579098713,7209.149329158426,7209.149329158426,2121.2619047619,2144.22839111026,2201.1105611350786,2121.2619047619,0.9967
2012-03-01,1660.75,1327.2847222222222,1126.5891666666669,1126.5891666666669,32.43,25.401944444444446,20.902333333333335,20.902333333333335,2035.925,2075.2874916246847,2158.439203552359,2035.925,8470.78409090909,7581.284609401744,7242.574139764486,7242.574139764486,2056.69318181818,2166.733125958745,2203.5724929532603,2056.69318181818,0.9938
2012-04-01,1662.5,1348.7708333333333,1142.9975000000002,1142.9975000000002,31.2,25.91777777777778,21.197333333333333,21.197333333333333,2002.68421052632,2092.358233583749,2132.3696860084992,2002.68421052632,8285.52631578947,7688.190201507006,7251.443876606591,7251.443876606591,2073.64473684211,2185.6145769821364,2205.063940321682,2073.64473684211,0.9928
2012-05-01,1567.5,1365.3125,1158.1791666666666,1158.1791666666666,28.1,26.267222222222223,21.444833333333335,21.444833333333335,1928.01136363636,2104.45525976663,2100.377811910375,1928.01136363636,7896.90909090909,7780.008217190155,7255.09315510587,7255.09315510587,1999.25,2200.9636266897387,2203.284773655015,1999.25,1.0097
2012-06-01,1569.5,1382.7708333333333,1173.5291666666667,1173.5291666666667,27.08,26.63222222222222,21.687166666666666,21.687166666666666,1855.93421052632,2112.765300968119,2070.832469387401,1855.93421052632,7428.28947368421,7847.03204095411,7253.660678079972,7253.660678079972,1850.95789473684,2206.07041164455,2193.5233576149144,1850.95789473684,1.028
2012-07-01,1622.75,1401.8333333333333,1189.4625,1189.4625,28.2,27.036944444444444,21.941666666666666,21.941666666666666,1847.75,2120.1789483111143,2042.52337847831,1847.75,7584.26136363636,7912.472272069612,7247.049503837548,7247.049503837548,1881.47727272727,2211.8342730850413,2173.6741151906717,1881.47727272727,1.0142
2012-08-01,1657.75,1421.4722222222222,1205.9583333333333,1205.9583333333333,30.52,27.480833333333337,22.251166666666666,22.251166666666666,1816.31818181818,2120.1318839171745,2018.7258405995224,1816.31818181818,7510.43181818182,7949.515517019107,7247.219958383002,7247.219958383002,1897.77272727273,2211.965807175951,2153.383774281581,1897.77272727273,0.9924
2012-09-01,1781.0,1443.1319444444443,1223.3458333333333,1223.3458333333333,34.65,27.98638888888889,22.601166666666668,22.601166666666668,2009.85,2123.762502604043,2004.0966739328555,2004.0966739328555,8087.7425,8002.070864241329,7254.1598333830025,7254.1598333830025,2177.675,2211.1935218224153,2135.8779409482477,2135.8779409482477,0.9783
2012-10-01,1718.0,1461.8402777777778,1238.9291666666666,1238.9291666666666,32.28,28.422777777777775,22.9005,22.9005,1903.95869565217,2119.1267845539774,1986.1628333531453,1903.95869565217,8062.03260869565,8050.849863472773,7254.850594252567,7254.850594252567,2141.96739130435,2208.812249863698,2109.5339192091174,2109.5339192091174,0.9872
2012-11-01,1728.25,1477.2916666666667,1254.4875,1254.4875,34.28,28.87111111111111,23.234666666666666,23.234666666666666,1912.39772727273,2111.233732004675,1975.4594242622366,1912.39772727273,7711.22727272727,8079.427274487684,7267.413851828325,7267.413851828325,2181.96590909091,2205.437956333155,2090.5681995121477,2090.5681995121477,0.997
2012-12-01,1664.0,1492.8472222222222,1268.2791666666667,1268.2791666666667,29.95,29.231111111111108,23.487833333333334,23.487833333333334,2040.42894736842,2101.966811230517,1969.8232863480066,1969.8232863480066,7966.48684210526,8106.913681477381,7289.67636401156,7289.67636401156,2279.80263157895,2204.1473945119346,2084.9635211495747,2084.9635211495747,0.9898
2013-01-01,1674.5,1509.2847222222222,1280.7916666666667,1280.7916666666667,32.03,29.668333333333333,23.742666666666665,23.742666666666665,2031.40909090909,2091.320883200214,1964.2732863480064,1964.2732863480064,8053.73863636364,8125.9793380430365,7305.9235231024695,7305.9235231024695,2334.46590909091,2203.65616976446,2080.1748847859385,2080.1748847859385,0.9921
2013-02-01,1591.0,1522.576388888889,1291.1583333333333,1291.1583333333333,28.95,30.024722222222223,23.89816666666667,23.89816666666667,2128.6875,2090.4844248668805,1958.7768081734034,1958.7768081734034,8060.925,8159.125171376371,7307.919892150088,7307.919892150088,2365.7875,2210.3231836533487,2068.1112240716525,2068.1112240716525,1.0098
2013-03-01,1602.5,1536.2708333333333,1302.2458333333334,1302.2458333333334,28.64,30.334166666666672,24.075666666666667,24.075666666666667,1929.15,2080.8146181035954,1949.0762379979647,1929.15,7652.375,8164.276288526129,7294.88754565886,7294.88754565886,2173.35,2210.61968123789,2054.118153896214,2054.118153896214,1.0244
2013-04-01,1472.75,1544.5347222222222,1312.3291666666667,1312.3291666666667,24.42,30.495277777777776,24.208166666666667,24.208166666666667,1855.6,2066.595173659151,1942.027715270692,1855.6,7221.1619047619,8150.146410880627,7270.003880435195,7221.1619047619,2024.36904761905,2203.736877005086,2040.6097213565315,2024.36904761905,1.0187
2013-05-01,1410.25,1549.986111111111,1321.175,1321.175,22.57,30.6075,24.3035,22.57,1831.0119047619,2062.7402411890866,1936.2391636833902,1831.0119047619,7248.71428571429,8161.411866185556,7251.547035197101,7248.71428571429,2031.89285714286,2208.0453043233815,2037.539810642246,2031.89285714286,1.0196
2013-06-01,1203.25,1548.951388888889,1325.6833333333334,1203.25,18.86,30.610833333333332,24.323666666666668,18.86,1839.0125,2065.3097171991885,1935.1198085246604,1839.0125,7000.2375,8175.26568563,7230.017660197101,7000.2375,2099.6875,2218.9453990203515,2041.526070562881,2041.526070562881,1.0314
2013-07-01,1331.5,1553.4930555555557,1332.675,1331.5,19.94,30.674166666666665,24.364666666666665,19.94,1837.61956521739,2065.04839199058,1934.8060404087182,1837.61956521739,6906.64130434783,8179.601050144713,7205.011319617391,6906.64130434783,2047.72826086957,2224.6054643475363,2042.9874836063593,2042.9874836063593,1.0402
2013-08-01,1392.75,1557.9166666666667,1341.9458333333334,1341.9458333333334,23.64,30.806666666666665,24.529333333333334,23.64,1896.39285714286,2060.851632731321,1937.5017546944325,1896.39285714286,7186.25,8176.367253848416,7197.552152950724,7186.25,2173.08333333333,2227.1134008554727,2047.491372495248,2047.491372495248,1.0407
2013-09-01,1335.75,1558.6041666666667,1349.2583333333334,1335.75,21.68,30.795833333333334,24.674666666666667,21.68,1846.88095238095,2052.405459691398,1939.2077251129028,1846.88095238095,7159.26904761905,8160.524979918642,7200.62140980498,7159.26904761905,2084.91904761905,2224.115255713578,2051.0349096525356,2051.0349096525356,1.0342
2013-10-01,1333.75,1558.5208333333333,1359.3458333333333,1333.75,22.2,30.74694444444445,24.889999999999997,22.2,1884.83695652174,2038.8297666847272,1948.9049352578304,1884.83695652174,7203.02173913043,8130.337753095546,7239.09025038469,7203.02173913043,2115.42826086957,2216.667495764187,2061.3876995076075,2061.3876995076075,1.0363
2013-11-01,1245.25,1554.9166666666667,1366.5416666666667,1245.25,19.93,30.546944444444446,25.0535,19.93,1866.41666666667,2027.249800354761,1960.522504702275,1866.41666666667,7070.65476190476,8091.788706077749,7294.781371416437,7070.65476190476,2089.55952380952,2209.0170027386944,2074.773274904433,2074.773274904433,1.0486
2013-12-01,1201.5,1549.1180555555557,1372.15,1201.5,19.5,30.237777777777783,25.198666666666668,19.5,1974.975,2018.573510672221,1974.890342003862,1974.890342003862,7214.9,8037.956563220605,7363.278117448182,7214.9,2136.7275,2201.3371449344613,2094.2492887933217,2094.2492887933217,1.0639
2014-01-01,1246.5,1546.701388888889,1377.6166666666666,1246.5,19.31,30.003333333333337,25.312,19.31,2036.93181818182,2009.1601583994936,1988.7971421481625,1988.7971421481625,7291.46590909091,7975.686171806465,7430.463263552079,7291.46590909091,2143.17045454545,2189.092574227391,2110.8870503373337,2110.8870503373337,1.094
2014-02-01,1327.75,1544.423611111111,1384.0166666666667,1327.75,21.27,29.66388888888889,25.44633333333333,21.27,2034.525,1996.9677972883826,2004.0725171481622,1996.9677972883826,7149.2125,7899.804921806465,7494.143263552078,7149.2125,2108.025,2175.549518671835,2127.693717004,2108.025,1.1054
2014-03-01,1294.0,1540.6180555555557,1390.275,1294.0,19.97,29.166666666666668,25.560666666666666,19.97,2007.90476190476,1987.7018667615823,2017.1506268162718,1987.7018667615823,6650.03571428571,7820.54595010184,7542.12927545684,6650.03571428571,2053.08333333333,2159.690118510805,2141.1363937716765,2053.08333333333,1.1107
2014-04-01,1292.0,1533.9791666666667,1396.9916666666666,1292.0,19.28,28.349444444444444,25.671499999999998,19.28,2027.2125,1978.1389423788667,2027.8018768162722,1978.1389423788667,6673.5625,7742.512963990729,7579.406567123507,6673.5625,2087.0875,2142.127348449076,2152.6893104383435,2087.0875,1.0992
2014-05-01,1254.0,1526.1180555555557,1401.6916666666666,1254.0,19.0,27.803611111111113,25.729499999999998,19.0,2058.975,1975.3438034899773,2037.242819798728,1975.3438034899773,6891.125,7685.8310195462855,7617.734308351577,6891.125,2097.325,2133.174223449076,2163.533323596238,2097.325,1.0894
2014-06-01,1313.0,1520.701388888889,1407.8916666666667,1313.0,20.87,27.410555555555558,25.845000000000002,20.87,2128.09523809524,1972.3890626289863,2046.76486164577,1972.3890626289863,6821.14285714286,7623.450202446718,7647.829492334261,6821.14285714286,2106.94047619048,2121.5617745553773,2170.8637709266854,2106.94047619048,1.083
2014-07-01,1295.0,1511.8472222222222,1413.8666666666666,1295.0,20.69,26.88444444444444,25.962666666666667,20.69,2310.61956521739,1969.9686404987817,2058.92754280519,1969.9686404987817,7113.38043478261,7552.97565103195,7679.245615522666,7113.38043478261,2193.23913043478,2108.012200136238,2179.5181187527724,2108.012200136238,1.0739
2014-08-01,1285.75,1496.8402777777778,1419.45,1285.75,19.47,26.276666666666667,26.044833333333333,19.47,2326.9875,1973.5172200442366,2067.410459471857,1973.5172200442366,7001.8375,7497.527008355181,7692.994990522667,7001.8375,2236.8375,2103.6727746311867,2185.2481187527724,2103.6727746311867,1.0926
2014-09-01,1210.0,1485.201388888889,1422.9291666666666,1210.0,17.11,25.906111111111112,26.055833333333332,17.11,2294.59090909091,1979.6108437816101,2074.33451250216,1979.6108437816101,6872.21590909091,7457.862551284476,7704.269422340848,6872.21590909091,2117.23863636364,2098.9385574594703,2183.7774748133784,2098.9385574594703,1.1011
2014-10-01,1173.25,1470.0694444444443,1425.075,1173.25,16.2,25.404999999999998,26.049666666666667,16.2,2276.82608695652,1990.8722165674392,2077.7675381938598,1990.8722165674392,6737.47826086957,7439.620545303339,7711.460916082614,6737.47826086957,2034.26086956522,2100.9907773812556,2180.5536029424957,2034.26086956522,1.1212
2014-11-01,1184.5,1455.638888888889,1425.2833333333333,1184.5,15.97,24.977777777777774,26.013500000000004,15.97,2253.225,1999.7029615169345,2078.7121612097326,1999.7029615169345,6712.85,7415.50463621243,7711.96774147944,6712.85,2030.1825,2101.989849350952,2175.999303339321,2030.1825,1.1325
2014-12-01,1199.25,1445.2152777777778,1426.8708333333334,1199.25,15.97,24.63861111111111,25.996500000000005,15.97,2175.7619047619,2007.0532922047653,2075.407558035129,2007.0532922047653,6446.45238095238,7384.604007905551,7703.125677987377,6446.45238095238,1938.10714285714,2099.5883116525397,2169.5300414345593,1938.10714285714,1.1532
2015-01-01,1263.5,1432.0347222222222,1429.8833333333334,1263.5,16.92,24.175277777777776,26.007,16.92,2113.04761904762,2010.4927763317492,2070.3806433525897,2010.4927763317492,5830.53571428571,7322.6212036727475,7677.511689892139,5830.53571428571,1843.13095238095,2092.4471079488358,2161.046390640908,1843.13095238095,1.2122
2015-02-01,1205.0,1415.8402777777778,1431.425,1205.0,16.53,23.600277777777777,26.01383333333333,16.53,2097.7625,2011.6032426015906,2069.363351685923,2011.6032426015906,5729.275,7247.281951027244,7658.538356558804,5729.275,1795.6625,2083.402680038783,2155.5445156409082,1795.6625,1.2499
2015-03-01,1179.25,1402.4652777777778,1432.5875,1179.25,16.6,23.160555555555554,25.998833333333334,16.6,2028.72727272727,2011.4033057329034,2065.2210888400728,2011.4033057329034,5939.67045454545,7176.973238906032,7633.083951091084,5939.67045454545,1792.47045454545,2076.0631598367627,2149.3744217673902,1792.47045454545,1.2618
2015-04-01,1204.3,1389.7375,1433.0716666666665,1204.3,16.52,22.75277777777778,25.963833333333337,16.52,2212.725,2017.2377721071725,2062.6415055067396,2017.2377721071725,6042.0875,7114.655494022991,7604.954784424417,6042.0875,2005.3625,2074.166431035593,2144.9279634340573,2005.3625,1.2337
2015-05-01,1189.8,1379.2458333333334,1432.6683333333333,1189.8,16.7,22.43611111111111,25.933333333333334,16.7,2281.80263157895,2027.0653073278,2067.8417248049855,2027.0653073278,6294.77631578947,7070.151805825224,7595.815091441961,6294.77631578947,1991.77631578947,2073.9588286964117,2146.8444108024783,1991.77631578947,1.2176
2015-06-01,1171.8,1368.1986111111112,1431.5233333333333,1171.8,15.58,22.116666666666667,25.880666666666666,15.58,2082.09090909091,2033.347437843483,2073.4347172292278,2033.347437843483,5833.01136363636,7025.838524990561,7584.673614169234,5833.01136363636,1829.5,2073.3627760648324,2148.8813426206602,1829.5,1.2365
2015-07-01,1095.1,1353.5416666666667,1430.3083333333334,1095.1,14.75,21.743055555555557,25.83216666666667,14.75,2000.6847826087,2037.5956262492805,2075.9956757272516,2000.6847826087,5456.75,6966.740987111773,7563.109977805597,5456.75,1763.04347826087,2070.072948440766,2147.5326354401595,1763.04347826087,1.2863
2015-08-01,1132.5,1338.951388888889,1428.625,1132.5,14.59,21.300555555555558,25.76083333333333,14.59,1807.6375,2037.3544961987755,2071.998364219315,1807.6375,5127.3,6900.542881051168,7526.853866694485,5127.3,1703.6,2064.6792615720788,2141.212675122699,1703.6,1.3147
2015-09-01,1115.2,1320.4569444444444,1425.3616666666667,1115.2,14.52,20.741388888888892,25.634999999999998,14.52,1720.22727272727,2029.3094204411993,2064.8197657344667,1720.22727272727,5217.25,6820.806978273389,7484.981518209637,5217.25,1684.25,2050.973011572079,2132.7359705772446,1684.25,1.3266
2015-10-01,1141.4,1304.4402777777777,1422.1058333333333,1141.4,15.57,20.27722222222222,25.495166666666666,15.57,1724.34090909091,2024.3200374811645,2053.999415806617,1724.34090909091,5216.09090909091,6741.753042173257,7433.753668281788,5216.09090909091,1720.11363636364,2039.254851712615,2121.6787375325116,1720.11363636364,1.3072
2015-11-01,1065.3,1286.025,1416.9441666666667,1065.3,14.09,19.716388888888886,25.277833333333334,14.09,1583.30952380952,2015.1786984960754,2042.3329836276848,1583.30952380952,4799.90476190476,6660.882972428188,7372.778406737776,4799.90476190476,1618.34523809524,2023.598721962735,2109.2348702886443,1618.34523809524,1.3279
2015-12-01,1060.2,1269.2527777777777,1411.11,1060.2,13.8,19.267777777777777,24.997333333333334,13.8,1527.78571428571,2000.9386086882223,2029.674055056256,1527.78571428571,4638.83333333333,6568.448152740079,7297.544676579046,4638.83333333333,1706.58333333333,2007.6759636781344,2097.45788616166,1706.58333333333,1.3713
2016-01-01,1116.4,1253.75,1407.4916666666666,1116.4,14.24,18.77361111111111,24.772166666666667,14.24,1520.3625,1986.7428700518585,2015.416555056256,1520.3625,4471.7875,6468.94951006331,7213.187801579046,4471.7875,1646.2,1988.5574662033869,2081.8283028283267,1646.2,1.4208
2016-02-01,1234.4,1243.8444444444444,1404.5691666666667,1234.4,14.92,18.38388888888889,24.462666666666667,14.92,1709.84523809524,1975.1083627767266,2002.68980902451,1709.84523809524,4598.61904761905,6372.774344719396,7125.149160706031,4598.61904761905,1765.75,1971.8897578700537,2067.99788616166,1765.75,1.3797
2016-03-01,1235.6,1233.6527777777778,1401.3125,1233.6527777777778,15.46,18.017777777777777,24.089166666666667,15.46,1801.69047619048,1971.5678204486842,1993.6933459465251,1801.69047619048,4953.79761904762,6297.813861915163,7049.3231427626215,4953.79761904762,1802.19047619048,1961.5797710975671,2054.3006984459944,1802.19047619048,1.3226
2016-04-01,1290.5,1228.5902777777778,1397.3041666666666,1228.5902777777778,17.82,17.834444444444443,23.5745,17.82,1855.37380952381,1971.561537379901,1985.0916131422923,1855.37380952381,4872.7380952381,6232.579867206168,6972.48961101659,4872.7380952381,1732.27380952381,1953.46601448381,2037.8494749010208,1732.27380952381,1.2818
2016-05-01,1217.5,1223.236111111111,1391.9791666666667,1217.5,15.994,17.65177777777778,23.196899999999996,15.994,1869.025,1972.6174566920708,1980.2486964756256,1869.025,4694.5375,6161.630512047438,6901.870652683256,4694.5375,1707.8,1944.463435118731,2025.9855165676875,1707.8,1.2945
2016-06-01,1320.6,1226.4958333333334,1388.8558333333333,1226.4958333333334,18.623,17.645194444444442,22.923616666666664,17.645194444444442,2026.19318181818,1977.8169200759087,1976.7774843544134,1976.7774843544134,4641.96590909091,6096.122967855519,6828.12254662265,4641.96590909091,1712.77272727273,1933.7158025429735,2012.4485847495057,1712.77272727273,1.2894
2016-07-01,1357.5,1227.2180555555556,1384.5849999999998,1227.2180555555556,20.347,17.656499999999998,22.602233333333334,17.656499999999998,2183.25,1987.417765486537,1973.2024049893341,1973.2024049893341,4864.90476190476,6039.408063898767,6748.363221225824,4864.90476190476,1834.78571428571,1927.8007318045331,1998.3446164955374,1834.78571428571,1.3052
2016-08-01,1311.4,1224.9583333333333,1376.0083333333334,1224.9583333333333,18.707,17.519472222222223,22.22485,17.519472222222223,2279.13636363636,1998.0495295558005,1974.534033777213,1974.534033777213,4751.67045454545,5971.780854302808,6677.591251528855,4751.67045454545,1835.52272727273,1918.4240483028495,1989.0523816470525,1835.52272727273,1.2998
2016-09-01,1317.1,1224.4402777777777,1370.81,1224.4402777777777,19.214,17.450972222222223,22.037583333333334,17.450972222222223,2292.30681818182,2010.4224702724916,1978.1521398378188,1978.1521398378188,4722.20454545455,5904.084618131571,6617.959054559158,4722.20454545455,1947.64318181818,1914.610829808381,1983.3852604349313,1914.610829808381,1.3108
2016-10-01,1273.1,1222.7555555555555,1363.395,1222.7555555555555,17.796,17.32863888888889,21.763516666666668,17.32863888888889,2311.5,2022.274221480221,1985.4868620600412,1985.4868620600412,4731.2619047619,5835.424622732446,6573.5769117020145,4731.2619047619,2024.4880952381,1912.084714096396,1984.453712815884,1912.084714096396,1.3251
2016-11-01,1173.9,1220.773611111111,1354.56,1173.9,16.482,17.232861111111113,21.515716666666666,16.482,2566.20454545455,2041.7127736687735,1996.001634787314,1996.001634787314,5450.93181818182,5790.432318740141,6538.0753965505,5450.93181818182,2180.57954545455,1914.6130480309798,1987.5597734219446,1914.6130480309798,1.3434
2016-12-01,1151.7,1219.3902777777776,1347.513333333333,1151.7,15.989,17.135333333333335,21.31253333333333,15.989,2664.8125,2060.8749264465514,2008.5626764539809,2008.5626764539809,5660.35,5747.250374295697,6506.433313217166,5660.35,2209.8375,1916.6438813643133,1990.6476900886112,1916.6438813643133,1.3339
2017-01-01,1211.4,1218.4152777777776,1338.7366666666667,1211.4,17.543,17.08625,21.044916666666666,17.08625,2714.79761904762,2079.704532026157,2020.6555335968378,2020.6555335968378,5754.55952380952,5704.558530260103,6467.977360836214,5704.558530260103,2242.61904761905,1919.4063422830243,1993.021102787024,1919.4063422830243,1.3183
2017-02-01,1253.9,1216.3638888888888,1329.8349999999998,1216.3638888888888,18.469,17.008444444444443,20.732233333333333,17.008444444444443,2845.55,2102.233004248379,2033.7849383587425,2033.7849383587425,5940.9125,5670.994641371214,6426.301100915579,5670.994641371214,2311.5,1925.0584256163577,1996.1917377076586,1925.0584256163577,1.3109
2017-03-01,1251.2,1215.175,1323.0091666666665,1215.175,18.256,16.96083333333333,20.496,16.96083333333333,2776.88043478261,2123.593439606097,2046.1341956051194,2046.1341956051194,5824.63043478261,5648.066716940572,6382.198539980138,5648.066716940572,2280.92391304348,1931.3873306083067,1999.9289165614139,1931.3873306083067,1.3387
2017-04-01,1268.3,1214.5166666666667,1316.4391666666666,1214.5166666666667,17.262,16.904777777777777,20.263700000000004,16.904777777777777,2614.91666666667,2139.918555346838,2056.3380698741253,2056.3380698741253,5683.90277777778,5620.576169101067,6338.838147679942,5620.576169101067,2220.61111111111,1935.096319805837,2002.378356132564,1935.096319805837,1.3437
2017-05-01,1275.4,1215.111111111111,1311.5708333333334,1215.111111111111,17.406,16.8605,20.085466666666665,16.8605,2590.21428571429,2154.675202172235,2067.374785242091,2067.374785242091,5599.55952380952,5584.699350317997,6300.548988228283,5584.699350317997,2125.10714285714,1935.8680459963132,2004.4759751801828,1935.8680459963132,1.3606
2017-06-01,1242.3,1213.1472222222221,1306.1174999999998,1213.1472222222221,16.627,16.74263888888889,19.91125,16.627,2573.39772727273,2167.0447157604985,2079.3325105211975,2079.3325105211975,5719.76136363636,5554.105419942816,6272.073519727486,5554.105419942816,2132.93181818182,1936.590027718295,2009.1755405709325,1936.590027718295,1.3295
2017-07-01,1273.4,1212.5472222222222,1300.2949999999998,1212.5472222222222,16.786,16.634194444444447,19.721016666666667,16.634194444444447,2787.19047619048,2180.2827966208624,2094.989851791039,2094.989851791039,5985.11904761905,5522.764825854941,6245.421147793863,5522.764825854941,2269.85714285714,1938.7183058411383,2015.6485384064304,1938.7183058411383,1.269
2017-08-01,1322.2,1213.5597222222223,1294.7024999999999,1213.5597222222223,17.575,16.581555555555557,19.505266666666667,16.581555555555557,2980.72727272727,2198.442234752175,2114.396669972857,2114.396669972857,6485.625,5508.425589743829,6228.341034157501,5508.425589743829,2348.46590909091,1941.8190949825528,2023.1600914367334,1941.8190949825528,1.2608
2017-09-01,1284.8,1215.6374999999998,1286.4325,1215.6374999999998,16.676,16.569499999999998,19.205699999999997,16.569499999999998,3116.85714285714,2221.2829634679038,2132.846789020476,2132.846789020476,6577.16666666667,5500.229777454268,6203.164770268611,5500.229777454268,2374.39285714286,1948.9622677819752,2026.4387223891142,1948.9622677819752,1.2279
2017-10-01,1270.5,1218.3388888888887,1278.9741666666666,1218.3388888888887,16.693,16.58319444444444,18.945916666666665,16.58319444444444,3264.60227272727,2248.721190850424,2155.524181971728,2155.524181971728,6807.60227272727,5502.177666672536,6182.257598002472,5502.177666672536,2498.21590909091,1961.8499077688002,2032.376197685557,1961.8499077688002,1.2607
2017-11-01,1282.15,1221.0513888888888,1271.5391666666665,1221.0513888888888,16.4052,16.595283333333334,18.648003333333335,16.4052,3229.30681818182,2275.8345746888085,2177.4726668202125,2177.4726668202125,6826.54545454545,5505.335873743244,6167.512901032775,5505.335873743244,2461.43181818182,1973.8290554960731,2037.033962837072,1973.8290554960731,1.2773
2017-12-01,1296.5,1223.7527777777777,1265.4141666666665,1223.7527777777777,17.128,16.62745,18.434303333333332,16.62745,3195.94736842105,2304.173059790451,2196.7313071710896,2196.7313071710896,6833.8947368421,5516.098161406847,6148.636365945056,5516.098161406847,2509.92105263158,1989.7127752120296,2040.8692698546158,1989.7127752120296,1.2769
2018-01-01,1343.35,1225.9708333333333,1259.895,1225.9708333333333,17.241,16.636366666666667,18.18782,16.636366666666667,3441.52272727273,2341.0751461300374,2220.2332011104836,2220.2332011104836,7065.85227272727,5550.412510252445,6132.171593217782,5550.412510252445,2584.09090909091,2010.2949962317507,2045.0296865212827,2010.2949962317507,1.2429
2018-02-01,1320.3,1229.173611111111,1255.3833333333334,1229.173611111111,16.3904,16.632488888888886,17.978493333333333,16.3904,3532.9,2380.9400766855933,2243.63674277715,2243.63674277715,7006.525,5585.891676919112,6114.59825988445,5585.891676919112,2581.0625,2032.1116628984173,2048.6176031879495,2032.1116628984173,1.2588
2018-03-01,1323.9,1233.1916666666666,1250.74,1233.1916666666666,16.268,16.62326666666667,17.772293333333334,16.268,3269.17857142857,2415.397057205074,2265.97055230096,2265.97055230096,6799.17857142857,5609.766902388088,6100.37831940826,5609.766902388088,2390.0,2048.7097058277104,2052.2284365212827,2048.7097058277104,1.2933
2018-04-01,1316.25,1236.301388888889,1248.1316666666667,1236.301388888889,16.3832,16.619466666666668,17.638346666666667,16.3832,3188.05,2442.489418316185,2288.1780523009597,2288.1780523009597,6851.5125,5632.2509301658665,6094.217495995561,5632.2509301658665,2352.4125,2058.3499836054884,2057.6958273942987,2057.6958273942987,1.2732
2018-05-01,1303.5,1239.4597222222224,1246.3525,1239.4597222222224,16.458,16.612744444444445,17.53648,16.458,3059.86904761905,2464.102374317299,2308.6590046819124,2308.6590046819124,6825.27380952381,5646.986971658485,6087.160154725719,5646.986971658485,2360.92857142857,2068.6042129287966,2063.179755965727,2063.179755965727,1.2866
2018-06-01,1250.55,1241.6472222222221,1247.1408333333334,1241.6472222222221,16.1792,16.62938888888889,17.491799999999998,16.1792,3088.57142857143,2492.060166525091,2329.4849868247697,2329.4849868247697,6965.85714285714,5678.454909970174,6086.587148773338,5678.454909970174,2436.28571428571,2085.459371658955,2068.7897262038223,2068.7897262038223,1.3125
2018-07-01,1219.2,1245.0944444444444,1245.2691666666665,1219.2,15.559,16.65186111111111,17.418783333333334,15.559,2656.125,2510.266839230405,2343.1267440711467,2343.1267440711467,6250.75,5700.51046552573,6075.655627034208,5700.51046552573,2207.02272727273,2097.792128575951,2071.4446339772085,2071.4446339772085,1.3133
2018-08-01,1206.85,1247.1597222222222,1242.1708333333333,1206.85,14.5332,16.65028333333333,17.26700333333333,14.5332,2512.0,2529.832464230405,2353.3868631187656,2353.3868631187656,6051.04545454545,5726.170061485326,6056.735551276632,5726.170061485326,2053.53409090909,2107.5125199900926,2069.4521466034707,2053.53409090909,1.3042
2018-09-01,1183.5,1249.0569444444445,1239.6333333333334,1183.5,14.712,16.655616666666663,17.15087,14.712,2434.675,2549.6782344324256,2363.183430579083,2363.183430579083,6050.7625,5749.323186485326,6038.260442149648,5749.323186485326,2022.9125,2116.919811656759,2068.4187041431533,2022.9125,1.3034
2018-10-01,1217.7,1251.1763888888888,1237.6991666666665,1217.7,14.282,16.61983888888889,17.018903333333334,14.282,2673.67391304348,2576.04859565333,2376.330713187779,2376.330713187779,6219.58695652174,5777.198076691738,6021.869862439503,5777.198076691738,1987.55434782609,2124.3487203084937,2066.2874722590955,1987.55434782609,1.3004
2018-11-01,1220.45,1255.486111111111,1237.2858333333331,1220.45,14.1268,16.62086111111111,16.922183333333333,14.1268,2595.69318181818,2604.170363931348,2388.485321773637,2388.485321773637,6195.92045454545,5815.976290376201,6007.290957316847,5815.976290376201,1937.11363636364,2133.2033980381716,2063.7467074683304,1937.11363636364,1.3205
2018-12-01,1281.65,1261.6374999999998,1238.6216666666667,1238.6216666666667,15.5186,16.6686,16.855826666666665,15.5186,2616.28947368421,2634.406579470195,2399.173896335041,2399.173896335041,6075.31578947368,5855.878580824544,5988.297887141409,5855.878580824544,1972.31578947368,2140.5848551531813,2061.0065122928922,1972.31578947368,1.3436
2019-01-01,1322.5,1267.3625,1239.8883333333333,1239.8883333333333,16.072,16.71948888888889,16.801859999999998,16.072,2569.70454545455,2663.5549696217113,2408.0534417895856,2408.0534417895856,5939.10227272727,5896.637324511414,5965.7584932020145,5896.637324511414,1997.13636363636,2150.3330874764138,2058.5726107777405,1997.13636363636,1.33
2019-02-01,1325.45,1269.8916666666667,1239.85,1239.85,15.6148,16.73878888888889,16.707606666666667,15.6148,2707.1875,2691.2589213412875,2419.2644834562525,2419.2644834562525,6300.4875,5943.911448188662,5951.613076535348,5943.911448188662,2062.7875,2158.58412914308,2057.8186524444072,2057.8186524444072,1.3209
2019-03-01,1291.15,1271.4347222222223,1239.8025,1239.8025,15.11,16.729066666666668,16.626606666666664,15.11,2850.59523809524,2720.3951647275308,2433.309324726094,2433.309324726094,6439.46428571429,5985.17996670718,5948.103552725825,5948.103552725825,2046.46428571429,2165.369512740964,2057.70833498409,2046.46428571429,1.3371
2019-04-01,1285.15,1271.2861111111113,1239.6883333333333,1239.6883333333333,14.9672,16.649822222222223,16.554726666666667,14.9672,2932.65,2750.3195033518696,2448.3999497260943,2448.3999497260943,6438.3625,6028.669533506121,5944.1835527258245,5944.1835527258245,1938.9875,2171.111559698636,2055.2400016507563,1938.9875,1.3378
2019-05-01,1296.0,1273.4666666666667,1240.3883333333333,1240.3883333333333,14.567,16.61018333333333,16.480843333333333,14.567,2742.80952380952,2774.5912956799116,2459.797191789586,2459.797191789586,6017.90476190476,6065.429735225699,5929.629882090903,5929.629882090903,1815.19047619048,2174.094628481705,2050.5377595872646,1815.19047619048,1.346
2019-06-01,1413.2,1276.038888888889,1242.0583333333334,1242.0583333333334,15.3234,16.518527777777777,16.3884,15.3234,2601.225,2790.564401740518,2467.682687821332,2467.682687821332,5882.225,6099.881376639841,5913.9812511385235,5882.225,1899.7,2179.287052724129,2047.0837516507565,1899.7,1.3289
2019-07-01,1430.55,1278.0680555555555,1244.3175,1244.3175,16.405,16.40902777777778,16.316983333333333,16.316983333333333,2446.51086956522,2797.877203672885,2469.947542893796,2446.51086956522,5941.19565217391,6129.778345813984,5894.444838095045,5894.444838095045,1975.64130434783,2183.199708003632,2043.4571212159742,1975.64130434783,1.3105
2019-08-01,1526.55,1284.0444444444445,1248.3308333333332,1248.3308333333332,18.3106,16.398016666666663,16.29766,16.29766,2273.0119047619,2797.7070798152613,2469.0479496398275,2273.0119047619,5709.44047619048,6156.383068637456,5872.904887698219,5709.44047619048,2044.54761904762,2189.0059549973794,2040.2522898667678,2040.2522898667678,1.3273
2019-09-01,1487.6,1288.7805555555556,1252.9575,1252.9575,16.998,16.336461111111113,16.295793333333332,16.295793333333332,2331.55952380952,2798.797432749364,2469.6640932184705,2331.55952380952,5759.25,6185.189886819275,5854.355455880038,5759.25,2071.84523809524,2192.4560121161867,2039.495733228961,2039.495733228961,1.3241
2019-10-01,1506.4,1295.2611111111112,1258.5099999999998,1258.5099999999998,18.067,16.343988888888887,16.32691,16.32691,2451.65217391304,2802.690548691393,2472.5778613344132,2451.65217391304,5757.29782608696,6213.690884633859,5838.019115300327,5757.29782608696,2184.08695652174,2196.8893138185094,2041.9928346782365,2041.9928346782365,1.3189
2019-11-01,1456.35,1303.1069444444445,1263.0408333333332,1263.0408333333332,17.0042,16.358494444444446,16.344146666666667,16.344146666666667,2425.47619047619,2798.7814277197713,2475.448714509016,2425.47619047619,5859.95238095238,6225.052566933042,5823.804154982867,5823.804154982867,2021.15476190476,2192.4608476087933,2041.8423723766489,2021.15476190476,1.3237
2019-12-01,1523.0,1313.4208333333333,1268.4366666666667,1268.4366666666667,17.9024,16.41164444444444,16.376353333333334,16.376353333333334,2272.5375,2787.884899941994,2477.061641096318,2272.5375,6077.0625,6236.627914155264,5817.647656966994,5817.647656966994,1900.5375,2183.869180942127,2041.2162116623633,1900.5375,1.3169
2020-01-01,1580.85,1323.6833333333334,1273.7258333333334,1273.7258333333334,18.012,16.424672222222224,16.394553333333334,16.394553333333334,2354.30681818182,2777.8712665846106,2481.082627748555,2354.30681818182,6031.20909090909,6244.312624352474,5820.992213244051,5820.992213244051,1923.93181818182,2175.0167579022036,2042.5628927590446,1923.93181818182,1.3089
2020-02-01,1626.35,1334.0291666666667,1280.7483333333332,1280.7483333333332,16.443,16.368394444444444,16.393103333333332,16.368394444444444,2113.2375,2757.529252695722,2481.3405444152213,2113.2375,5687.75,6237.2803326858075,5820.300129910717,5687.75,1872.5375,2162.8233551244257,2043.8441427590444,1872.5375,1.3286
2020-03-01,1604.65,1343.8472222222222,1287.8383333333334,1287.8383333333334,14.156,16.254505555555554,16.35237,14.156,1903.625,2733.2721572850933,2479.2555065364336,1903.625,5182.63181818182,6219.44703778023,5807.682819304656,5182.63181818182,1734.44136363636,2147.6432843075613,2042.8769912438931,1734.44136363636,1.396
2020-04-01,1716.75,1356.3041666666666,1296.3791666666668,1296.3791666666668,14.958,16.190505555555557,16.326336666666666,14.958,1903.367,2713.506888766575,2474.0995398697664,1903.367,5057.972,6202.060071730847,5791.280894304657,5057.972,1657.546,2132.002586776697,2037.0800495772264,1657.546,1.4048
2020-05-01,1725.65,1368.8111111111111,1305.3100000000002,1305.3100000000002,18.499,16.22086666666667,16.35632,16.22086666666667,1975.32263157895,2696.4265650405932,2468.9915398697663,1975.32263157895,5239.82631578947,6192.067482619179,5773.698394304656,5239.82631578947,1626.33526315789,2118.147812340607,2030.9893653666998,1626.33526315789,1.3972
2020-06-01,1770.7,1383.488888888889,1315.2916666666667,1315.2916666666667,18.6178,16.27616666666667,16.406950000000002,16.27616666666667,2025.71454545455,2681.2131433234217,2468.0519338091613,2025.71454545455,5754.59545454546,6193.035096255543,5772.391462486475,5754.59545454546,1744.84318181818,2107.367572441617,2029.578418397003,1744.84318181818,1.3552
2020-07-01,1971.68,1402.8855555555556,1329.9013333333335,1329.9013333333335,24.216,16.482555555555557,16.564716666666666,16.482555555555557,2177.19565217391,2664.2688426562945,2470.9937816352476,2177.19565217391,6372.46086956522,6203.794591309603,5787.653310312561,5787.653310312561,1817.92608695652,2094.813931999933,2030.4931285419304,1817.92608695652,1.3497
2020-08-01,1970.5,1420.8938888888888,1343.868,1343.868,28.5626,16.787766666666666,16.79759333333333,16.787766666666666,2413.91380952381,2648.5240242339764,2481.098386793978,2413.91380952381,6508.39285714286,6204.427031785794,5810.671524598277,5810.671524598277,1936.27,2083.364045636297,2034.3709618752641,1936.27,1.3229
2020-09-01,1893.9,1437.8133333333333,1356.8463333333334,1356.8463333333334,23.494,16.97715555555556,16.94716,16.94716,2442.45909090909,2629.790745013197,2493.1355837636747,2442.45909090909,6704.9,6207.975179933941,5835.4656912649425,5835.4656912649425,1872.91181818182,2069.434016776268,2037.5153255116275,1872.91181818182,1.323
2020-10-01,1879.9,1454.7411111111112,1369.1546666666666,1369.1546666666666,23.646,17.170294444444444,17.08176,17.08176,2440.65227272727,2606.903245013197,2505.0741064909475,2440.65227272727,6713.81136363636,6205.369876903638,5860.427698840701,5860.427698840701,1776.265,2049.379824857076,2038.4511815722335,1776.265,1.3218
2020-11-01,1779.86,1468.566388888889,1381.0639999999999,1381.0639999999999,22.5532,17.341072222222223,17.22281333333333,17.22281333333333,2671.60476190476,2591.411521227723,2523.212360459201,2523.212360459201,7068.90714285714,6212.102146023408,5898.244405189907,5898.244405189907,1915.62380952381,2034.2184912832422,2043.4058244293765,1915.62380952381,1.3073
2020-12-01,1895.1,1485.1941666666667,1394.979,1394.979,26.396,17.59851666666667,17.432746666666667,17.432746666666667,2779.85142857143,2579.853300676345,2544.0801223639637,2544.0801223639637,7772.2380952381,6238.167239312185,5950.467817888319,5950.467817888319,2020.46904761905,2020.6226022551164,2048.6372530008052,2020.46904761905,1.2809
2021-01-01,1849.7,1499.2594444444446,1407.2006666666666,1407.2006666666666,26.914,17.86721111111111,17.64398,17.64398,2705.345,2559.403919363214,2563.8298306972965,2559.403919363214,7972.1475,6263.342106736429,6008.807151221653,6008.807151221653,2014.7255,2004.8068964470356,2054.7793446674714,2004.8068964470356,1.2725
2021-02-01,1728.8,1510.6066666666666,1415.4406666666666,1415.4406666666666,26.4324,18.146155555555556,17.835853333333333,17.835853333333333,2744.5025,2537.503988807658,2581.0741183957093,2537.503988807658,8470.94,6304.0203011808735,6073.345833761336,6073.345833761336,2080.1125,1990.8916186692577,2060.0187196674715,1990.8916186692577,1.2696
2021-03-01,1715.24,1521.4772222222223,1423.4346666666668,1423.4346666666668,24.532,18.37571111111111,17.987053333333332,17.987053333333332,2791.93695652174,2524.247277282468,2597.5782264012305,2524.247277282468,8988.24782608696,6364.827780476939,6140.586670545324,6140.586670545324,1948.00043478261,1978.6138529687746,2062.448885644007,1948.00043478261,1.2569
2021-04-01,1767.7,1534.0175,1431.388,1431.388,25.869,18.639205555555556,18.121203333333334,18.121203333333334,2829.0125,2514.274013393579,2613.805537909167,2514.274013393579,9324.8175,6433.530697143605,6214.787993958022,6214.787993958022,2011.919,1969.1557001909973,2067.10963881861,1969.1557001909973,1.2494
2021-05-01,1904.74,1550.718611111111,1442.8419999999999,1442.8419999999999,28.014,18.960205555555557,18.321536666666667,18.321536666666667,2969.62,2511.767095404162,2632.148787909167,2511.767095404162,10166.285,6526.336563545722,6305.9837856246895,6305.9837856246895,2182.5345,1964.200309317981,2075.021880485277,1964.200309317981,1.2125
2021-06-01,1771.6,1565.1922222222224,1450.3586666666667,1450.3586666666667,26.1882,19.23823333333333,18.447623333333336,18.447623333333336,2951.85227272727,2507.969341075157,2647.576439424319,2507.969341075157,9631.5,6600.382198466356,6389.142687139842,6389.142687139842,2191.02909090909,1957.3876253352973,2082.9928198792163,1957.3876253352973,1.222
2021-07-01,1814.12,1581.7177777777777,1457.969,1457.969,25.547,19.51567777777778,18.534290000000002,18.534290000000002,2947.51727272727,2516.063570873137,2660.3142273031062,2516.063570873137,9450.82045454546,6689.273044425953,6465.574615350519,6465.574615350519,2337.51363636364,1961.0123728100452,2091.371618580515,1961.0123728100452,1.253
2021-08-01,1815.8,1598.6330555555555,1466.3756666666666,1466.3756666666666,23.9968,19.778555555555556,18.622453333333333,18.622453333333333,2987.94714285714,2529.2843248413906,2672.127740290119,2529.2843248413906,9370.13857142857,6781.470075450485,6542.5490839652375,6542.5490839652375,2414.46761904762,1971.038304147226,2101.0207001100966,1971.038304147226,1.2599
2021-09-01,1756.66,1614.5541666666666,1473.7016666666668,1473.7016666666668,22.047,19.982305555555556,18.66967,18.66967,3036.01863636364,2545.9883147403802,2684.5229372598164,2545.9883147403802,9324.70954545455,6872.413048935332,6619.257500631905,6619.257500631905,2248.29772727273,1977.2990049048021,2106.0316092010057,1977.2990049048021,1.2671
2021-10-01,1783.9,1630.2819444444444,1482.215,1482.215,23.949,20.250833333333333,18.77222,18.77222,3359.91238095238,2565.050494404517,2701.9964769423555,2565.050494404517,9829.21904761905,6972.680607021369,6704.223453012857,6704.223453012857,2344.83238095238,1987.2233947138654,2111.370680629577,1987.2233947138654,1.2434
2021-11-01,1775.92,1645.7116666666666,1492.2486666666666,1492.2486666666666,22.781,20.49122777777778,18.877203333333334,18.877203333333334,3311.27181818182,2584.927678747951,2714.4142648211437,2584.927678747951,9728.90454545454,7070.8190539910665,6775.522998467402,6775.522998467402,2329.97727272727,1998.1362735017444,2113.8606427507893,1998.1362735017444,1.2567
2021-12-01,1828.6,1660.9047222222225,1503.5303333333334,1503.5303333333334,23.3472,20.708688888888886,18.99984,18.99984,3399.21428571429,2606.6755901932315,2726.654294583049,2606.6755901932315,9551.18,7167.370837616797,6840.370165134069,6840.370165134069,2301.69,2007.2855571274756,2115.3915177507893,2007.2855571274756,1.28
2022-01-01,1796.12,1674.0608333333334,1513.2756666666667,1513.2756666666667,22.393,20.884272222222222,19.080673333333333,19.080673333333333,3599.1375,2635.270950041716,2741.3932925989216,2635.270950041716,9782.3375,7274.127371707706,6907.4997980705775,6907.4997980705775,2331.8495,2016.5831442486876,2116.8786919571385,2016.5831442486876,1.2622
2022-02-01,1900.7,1690.04,1524.0556666666669,1524.0556666666669,24.365,21.127333333333333,19.17894,19.17894,3620.0375,2660.6278944861606,2754.301417598922,2660.6278944861606,9943.175,7375.313135596595,6974.204173070577,6974.204173070577,2296.8605,2023.0851720264654,2116.6347002904718,2023.0851720264654,1.2711
2022-03-01,1953.04,1708.4258333333332,1535.7530000000002,1535.7530000000002,25.133,21.40575,19.293556666666667,19.293556666666667,3962.20739130435,2691.50600985308,2774.056866874284,2691.50600985308,10230.8939130435,7480.630625244629,7047.6418977082585,7047.6418977082585,2344.83565217391,2031.373265539232,2117.6998959426455,2031.373265539232,1.266
2022-04-01,1911.7,1725.83,1546.4763333333333,1546.4763333333333,23.076,21.630994444444447,19.39045666666667,19.39045666666667,4371.34285714286,2731.4697003292704,2803.3306367155537,2731.4697003292704,10174.3476190476,7584.407989662617,7122.482645062756,7122.482645062756,2386.10857142857,2043.7932953011373,2120.458186947936,2043.7932953011373,1.2628
2022-05-01,1847.26,1741.142777777778,1556.0073333333335,1556.0073333333335,21.688,21.8288,19.46182333333333,19.46182333333333,3769.65181818182,2759.9930973951678,2822.987928923346,2759.9930973951678,9395.02727272727,7678.2169482965755,7185.740440878052,7185.740440878052,2147.77772727273,2053.031830053422,2120.83603002153,2053.031830053422,1.2859
2022-06-01,1817.4548,1752.3720777777778,1565.5932466666668,1565.5932466666668,20.734,21.979094444444442,19.530273333333337,19.530273333333337,3652.89136363636,2789.206051940622,2840.9794895294062,2789.206051940622,9067.55181818182,7766.6982488016265,7241.53694845381,7241.53694845381,2075.15954545455,2057.9057063160485,2119.8731588094083,2057.9057063160485,1.2804
2022-07-01,1766.4309,1761.702102777778,1573.8104283333334,1573.8104283333334,20.3604,22.088966666666668,19.58984666666667,19.58984666666667,3105.3619047619,2807.5074695849744,2846.2823466722634,2807.5074695849744,7544.80952380952,7811.243078569283,7267.531789723651,7267.531789723651,1985.19619047619,2058.171119819614,2115.1288096030594,1985.19619047619,1.2936
2022-08-01,1708.58,1766.7584916666665,1580.250095,1580.250095,17.9156,22.077994444444446,19.595523333333333,17.9156,3590.13130434783,2844.0941195734727,2856.439080532606,2844.0941195734727,7990.81217391304,7874.614514617133,7292.618242622201,7292.618242622201,2068.84391304348,2058.846016875055,2110.468443002269,2058.846016875055,1.2917
2022-09-01,1660.8799,1771.5718222222222,1586.5180933333334,1586.5180933333334,19.0341,22.134552777777778,19.634825,19.0341,3124.96818181818,2866.133248962602,2856.5742645152905,2856.5742645152905,7746.01136363636,7929.802330273698,7312.098987571695,7312.098987571695,1870.10136363636,2053.242020362308,2102.0635847771605,1870.10136363636,1.3339
2022-10-01,1632.38,1775.0712666666668,1592.5494266666667,1592.5494266666667,19.1625,22.164983333333332,19.67598333333333,19.1625,2967.21047619048,2880.454312914753,2851.6177345730102,2851.6177345730102,7651.08285714286,7982.4074700252495,7326.156997311956,7326.156997311956,1999.86047619048,2048.124618130884,2093.7576608954864,1999.86047619048,1.3689
2022-11-01,1768.61,1783.7451555555556,1600.6570933333335,1600.6570933333335,22.2355,22.31029722222222,19.773154999999996,19.773154999999996,2938.92045454545,2894.716653583344,2846.777961845737,2846.777961845737,8049.86136363636,8043.238275099806,7346.545595796804,7346.545595796804,2099.99272727273,2050.314561613328,2087.7336760470016,2050.314561613328,1.3457
2022-12-01,1824.3233,1792.1152472222223,1609.4541483333335,1609.4541483333335,23.9641,22.47867777777778,19.88709,19.88709,3116.52272727273,2918.160687674253,2845.454217826599,2845.454217826599,8371.09136363636,8106.961299089704,7372.1655395767075,7372.1655395767075,2226.11363636364,2059.358343178984,2083.003552442536,2059.358343178984,1.3585
2023-01-01,1928.1201,1801.761638888889,1619.2003166666666,1619.2003166666666,23.6774,22.636049999999997,19.994363333333336,19.994363333333336,3295.87818181818,2944.315447775263,2843.0268087356894,2843.0268087356894,9007.34636363636,8189.631778887683,7404.523774425194,7404.523774425194,2207.40318181818,2067.2325477244385,2076.7254236546573,2067.2325477244385,1.3422
2023-02-01,1826.7404,1807.3280388888888,1627.6409899999999,1627.6409899999999,20.8946,22.759705555555556,20.069433333333333,20.069433333333333,3133.838,2972.6654616641517,2836.3757754023563,2836.3757754023563,8936.587,8279.877251109905,7436.6914744251935,7436.6914744251935,2093.0625,2073.358242168883,2068.592090321324,2068.592090321324,1.3454
2023-03-01,1969.5459,1817.4640361111112,1638.4017549999999,1638.4017549999999,24.0924,23.03571666666667,20.19984,20.19984,2967.4647826087,3002.2165667366157,2831.3472122553585,2831.3472122553585,8856.31086956522,8381.923891426111,7470.9770127274705,7470.9770127274705,2115.17826086957,2083.9342670920278,2064.011728002484,2064.011728002484,1.3683
2023-04-01,1990.6,1825.0709805555557,1649.6409216666666,1649.6409216666666,25.0503,23.316058333333334,20.344291666666667,20.344291666666667,2770.357,3026.2996222921706,2824.3856622553585,2770.357,8809.1575,8486.123488648333,7503.604429394137,7503.604429394137,2144.8615,2097.4708087586946,2060.5525446691504,2060.5525446691504,1.3484
2023-05-01,1965.2,1831.7251472222222,1660.669255,1660.669255,23.548,23.456308333333332,20.462458333333334,20.462458333333334,2485.78086956522,3040.4790177917894,2814.8175259544614,2485.78086956522,8243.15608695652,8569.549315625198,7527.235800684682,7527.235800684682,2088.27304347826,2110.302413767594,2056.0082858699784,2056.0082858699784,1.3517
2023-06-01,1919.5693,1835.8604055555556,1671.8195766666665,1671.8195766666665,22.7603,23.571377777777776,20.572143333333333,20.572143333333333,2375.45,3050.1938915291635,2802.932168811604,2375.45,8396.51772727273,8642.936045423176,7551.080143758275,7551.080143758275,2122.88636363636,2120.803613262543,2050.784963359156,2050.784963359156,1.3286
2023-07-01,1964.3387,1835.6564805555556,1684.2385550000001,1684.2385550000001,24.7305,23.58566944444444,20.72500166666667,20.72500166666667,2404.64523809524,3056.5119355825336,2798.7408394465247,2404.64523809524,8476.67904761905,8701.386550369114,7588.178961218593,7588.178961218593,2109.1219047619,2128.8923859793595,2049.1532829839753,2049.1532829839753,1.3211
2023-08-01,1939.8281,1834.8044833333333,1696.4548566666667,1696.4548566666667,24.4216,23.470641666666666,20.889808333333335,20.889808333333335,2405.16347826087,3056.26887082523,2796.9602307508726,2405.16347826087,8347.82826086957,8752.481978250413,7626.458674657329,7626.458674657329,2154.61434782609,2134.957506752306,2050.837953932592,2050.837953932592,1.3478
2023-09-01,1848.4898,1833.5430888888889,1707.53802,1707.53802,22.1847,23.43427222222222,21.014353333333336,21.014353333333336,2495.49619047619,3057.7421235909824,2797.9739172588093,2495.49619047619,8276.71380952381,8796.143472959408,7663.557863149393,7663.557863149393,2252.10142857143,2145.490551485351,2054.6577694087823,2054.6577694087823,1.3531
2023-10-01,1984.0109,1836.4350583333335,1720.3098683333333,1720.3098683333333,22.8467,23.41206944444444,21.157098333333334,21.157098333333334,2447.18181818182,3057.923499853609,2794.1990490111148,2447.18181818182,7941.35590909091,8830.241932555367,7692.254012358879,7692.254012358879,2131.35909090909,2155.354276232825,2057.0545151268325,2057.0545151268325,1.3712
2023-11-01,2044.8957,1843.7971611111109,1734.0506300000002,1734.0506300000002,24.9569,23.478838888888887,21.3376,21.3376,2543.61045454545,3054.3681024269617,2793.331003556569,2543.61045454545,8189.58772727273,8861.371948789134,7725.481800237666,7725.481800237666,2188.45545454545,2162.9329330389824,2061.2435454298625,2061.2435454298625,1.3707
2023-12-01,2062.9233,1848.4589194444443,1747.0718516666666,1747.0718516666666,23.7927,23.406525000000002,21.475501666666666,21.475501666666666,2510.56857142857,3046.888023061882,2791.5689885189754,2510.56857142857,8407.90047619048,8879.029237148921,7764.358211682947,7764.358211682947,2027.20285714286,2163.1199833035325,2062.1583298910155,2027.20285714286,1.3416
2024-01-01,2039.1538,1853.721525,1759.0160816666664,1759.0160816666664,22.9401,23.296138888888887,21.589969999999997,21.589969999999997,2520.93913043478,3041.765637796181,2790.756231601979,2520.93913043478,8351.33956521739,8889.562350071628,7804.562166557781,7804.562166557781,2087.38869565217,2165.1384054049818,2063.6625354246125,2063.6625354246125,1.3423
2024-02-01,2044.1997,1862.4826277777777,1770.9952433333333,1770.9952433333333,22.6725,23.19169722222222,21.707598333333337,21.707598333333337,2360.0919047619,3031.087565706234,2784.9713050146775,2360.0919047619,8304.95047619048,8884.951529965807,7837.969882827622,7837.969882827622,2079.82761904762,2165.130492045193,2063.9465374087395,2063.9465374087395,1.35
2024-03-01,2231.5551,1876.824713888889,1786.6686616666666,1786.6686616666666,24.9661,23.203755555555556,21.871866666666666,21.871866666666666,2457.85619047619,3021.807544427191,2778.4256542210264,2457.85619047619,8692.81904761905,8876.745175008364,7875.525795526035,7875.525795526035,2054.66666666667,2168.093442930862,2064.0832437579456,2054.66666666667,1.3536
2024-04-01,2285.9886,1891.2216194444445,1803.349305,1803.349305,26.2896,23.21543888888889,22.06057333333333,22.06057333333333,2725.55954545455,3018.9338512453733,2774.9741466452692,2725.55954545455,9445.59363636363,8880.100067685133,7925.646314465429,7925.646314465429,2124.96909090909,2171.233723233892,2067.182936939764,2067.182936939764,1.3674
2024-05-01,2327.2836,1902.9589416666665,1820.537365,1820.537365,30.4055,23.281869444444443,22.324548333333336,22.324548333333336,2955.18826086957,3018.532969602861,2778.5137922629365,2778.5137922629365,10117.1634782609,8878.735580970158,7993.967293071366,7993.967293071366,2220.01739130435,2172.2749146590127,2073.9300521916616,2073.9300521916616,1.3667
2024-06-01,2326.7177,1918.3788777777781,1835.7626599999999,1835.7626599999999,29.1402,23.363869444444447,22.55482833333333,22.55482833333333,2809.185,3014.5699898048815,2781.979792262937,2781.979792262937,9648.167,8879.19855319238,8056.732993071364,8056.732993071364,2147.1015,2171.054703800427,2078.0534105249953,2078.0534105249953,1.3705
2024-07-01,2447.3573,1935.9688027777775,1852.7094483333333,1852.7094483333333,29.0065,23.459966666666666,22.764853333333335,22.764853333333335,2777.26869565217,3009.840862663906,2787.492422697719,2777.26869565217,9385.31304347826,8877.378902884959,8114.1349495931045,8114.1349495931045,2106.93782608696,2164.6498201816303,2080.241685887314,2080.241685887314,1.3714
2024-08-01,2503.3796,1955.0682361111112,1868.9899416666667,1868.9899416666667,28.8613,23.59509166666667,22.94069833333333,22.94069833333333,2721.07818181818,3002.4278359683794,2794.9601939819904,2721.07818181818,8981.11772727273,8866.572768325073,8168.662903777808,8168.662903777808,1999.11181818182,2153.112159046469,2079.4844225395505,1999.11181818182,1.3655
2024-09-01,2634.7649,1979.4600388888891,1888.1093566666668,1888.1093566666668,31.1593,23.848211111111112,23.17672,23.17672,2847.48380952381,2997.190757445051,2803.5589320772287,2803.5589320772287,9259.12857142857,8864.75107460213,8226.994213301617,8226.994213301617,2002.73571428571,2146.290992019052,2078.3325971427253,2002.73571428571,1.3546
2024-10-01,2746.7019,2006.204536111111,1908.7810550000002,1908.7810550000002,32.6625,24.090252777777778,23.419978333333336,23.419978333333336,3105.77086956522,2990.13127101763,2814.4609103380985,2814.4609103380985,9533.99130434783,8856.550303955706,8289.939104605966,8289.939104605966,2033.99608695652,2137.656650519167,2075.8310826499714,2033.99608695652,1.3757
2024-11-01,2651.2196,2030.5184138888887,1928.6955483333334,1928.6955483333334,30.6073,24.30765,23.646696666666667,23.646696666666667,3004.19619047619,2981.601392470251,2824.106243671432,2824.106243671432,9075.72714285714,8838.406487216891,8343.53535063771,8343.53535063771,1987.52619047619,2128.1441204566368,2075.2706064594954,1987.52619047619,1.3973
2024-12-01,2624.603,2052.6296083333336,1947.0555983333334,1947.0555983333334,28.8744,24.461183333333334,23.829563333333333,23.829563333333333,3033.75818181818,2971.4498340286927,2836.793255035068,2836.793255035068,8909.90772727273,8820.59336853002,8390.749437758925,8390.749437758925,1987.91090909091,2119.428034598051,2076.726829944344,1987.91090909091,1.4247
2025-01-01,2798.1969,2080.4650777777774,1967.3447133333332,1967.3447133333332,31.3118,24.708927777777777,24.05122666666667,24.05122666666667,2824.82869565217,2949.941256130142,2844.6352863262405,2824.82869565217,8976.68043478261,8798.214005607317,8439.840626823481,8439.840626823481,1921.51782608696,2108.029932544911,2076.686596742763,1921.51782608696,1.4389
2025-02-01,2858.0493,2107.058113888889,1987.873035,1987.873035,31.1476,24.897333333333332,24.296303333333334,24.296303333333334,2798.2765,2927.1145616856975,2856.0526029929074,2798.2765,9330.975,8781.208450051761,8500.561043490148,8500.561043490148,1957.07,2098.591307544911,2078.0954717427626,1957.07,1.4299
2025-03-01,3123.0822,2139.5592861111113,2013.1802383333334,2013.1802383333334,34.0593,25.14528611111111,24.628024999999997,24.628024999999997,2886.76190476191,2897.2410759484073,2872.438218072273,2872.438218072273,9735.82333333334,8767.456489504255,8576.447568742675,8576.447568742675,2030.88285714286,2089.8703965718264,2083.0361633012044,2030.88285714286,1.4356
2025-04-01,3288.7814,2177.811547222222,2039.3807616666666,2039.3807616666666,32.6096,25.41010833333333,24.922218333333333,24.922218333333333,2611.345,2848.352246583328,2884.237851405606,2611.345,9172.69590909091,8739.632830894348,8645.026300560856,8645.026300560856,1905.74909090909,2076.527077668508,2087.1728814830226,1905.74909090909,1.3981
2025-05-01,3289.5548,2217.8752916666667,2065.4458416666666,2065.4458416666666,32.9896,25.724041666666665,25.163728333333335,25.163728333333335,2642.62136363636,2817.0458450681767,2895.359496939896,2642.62136363636,9531.20090909091,8743.41543190445,8716.549210449213,8716.549210449213,1956.71227272727,2071.2197039311336,2092.6791649758457,1956.71227272727,1.3867
2025-06-01,3266.4101,2258.1240500000004,2090.3743433333334,2090.3743433333334,35.7821,26.142044444444444,25.4498,25.4498,2654.65,2789.3169183004998,2905.8417545156535,2654.65,9835.0680952381,8764.735328489345,8784.557087794092,8764.735328489345,1973.85619047619,2068.4057218484013,2096.496048453479,1973.85619047619,1.3668
2025-07-01,3285.7772,2300.3281138888888,2112.275963333333,2112.275963333333,37.1164,26.607488888888888,25.664806666666667,25.664806666666667,,,,,,,,,,,,,1.3691
2025-08-01,3373.9558,2346.5885527777773,2135.666893333333,2135.666893333333,38.825,27.188305555555555,25.835846666666665,25.835846666666665,,,,,,,,,,,,,1.3797
2025-09-01,3547.005,2398.9809166666664,2163.218643333333,2163.218643333333,40.8951,27.795555555555556,26.125865,26.125865,,,,,,,,,,,,,1.3834
2025-10-01,,,,,,,,,,,,,,,,,,,,,1.3988
