id,report_id,effective_date,report_type,cu_price_usd_dmt,reported_copper_price_rolling_40_mean,reported_copper_price_rolling_40_std,reported_copper_price_upper_1STD,reported_copper_price_lower_1STD,reported_copper_price_upper_2STD,reported_copper_price_lower_2STD
0,2007-000025906 Centenario Copper Corporation-f1-01159654_1-2-2,2007-08-31,FS,2866.006,,,,,,
1,2007-000007056 Formation Capital Corporation-f1-01158950_1-1-1,2007-09-14,,5070.625999999999,,,,,,
2,2007-000003212 Taseko Mines Limited-f1-01168446_1-1-2,2007-09-21,FS,3306.93,,,,,,
3,2007-000026163 Nord Resources Corporation-f1-01181885_1-9-1,2007-09-28,FS,5401.319,,,,,,
4,2007-000002154 Karmin Exploration Inc-f1-01174686_1-1-1,2007-09-31,MRE,3306.93,,,,,,
5,2007-000026138 Marengo Mining Limited-f1-01180022_1-1-1,2007-11-01,PEA,3306.93,,,,,,
6,2007-000003031 Dia Bras Exploration Inc-f1-01180256_1-1-1,2007-11-09,PEA,4409.24,,,,,,
7,2007-000003448 Sherwood Copper Corporation-f1-01199204_1-1-1,2007-11-30,PFS,5533.596199999999,,,,,,
8,2007-000007781 Independent Nickel Corp-f1-01195133_1-1-1,2007-12-05,,4695.8406,,,,,,
9,2008-000005815 Norsemont Mining Inc-f1-01200489_1-17-1,2007-12-11,PEA,3968.316,,,,,,
10,2008-000003832 Halo Resources Ltd-f1-01204651_1-1-1,2007-12-19,MRE,4400.0,,,,,,
11,2007-000002465 CONSTELLATION COPPER CORPORATION-f1-01202191_2-1-1,2007-12-20,PEA,5511.549999999999,,,,,,
12,2008-000005970 Inca Pacific Resources Inc-f1-01203599_1-2-1,2008-01-17,FS,3306.93,,,,,,
13,2008-000000880 NovaGold Resources Inc-f1-01212400_1-1-1,2008-01-25,MRE,3417.161,,,,,,
14,2008-000000042 International Barytex Resources Ltd-f1-01230071_1-1-1,2008-01-30,PEA,3306.93,,,,,,
15,2008-000003532 International Minerals Corporation-f1-01235618_1-1-1,2008-03-26,PFS,5511.549999999999,,,,,,
16,2008-000008502 Entree Gold Inc-f1-01238160_1-1-1,2008-03-26,,2976.237,,,,,,
17,2008-000023811 First Metals Inc-f1-01253557_1-1-1,2008-04-07,PFS,6569.767599999999,,,,,,
18,2008-000009374 Starfield Resources Inc-f1-01258110_1-1-1,2008-04-30,PEA,4409.24,,,,,,
19,2008-000004159 Far West Mining Ltd-f1-01267122_1-1-1,2008-04-30,PEA,3306.93,4229.10147,1079.0185165322168,5308.119986532216,3150.0829534677828,6387.138503064433,2071.064436935566
20,2008-000023611 Linear Metals Corporation-f1-01283852_1-1-1,2008-05-06,MRE,5511.549999999999,4290.170447619047,1088.2944140463862,5378.464861665433,3201.876033572661,6466.75927571182,2113.5816195262746
21,2008-000020335 Quadra Mining Ltd-f1-01268597_1-1-1,2008-05-16,PEA,2204.62,4195.3727,1151.386530965728,5346.759230965728,3043.986169034272,6498.145761931456,1892.5996380685438
22,2008-000020823 Equinox Minerals Limited-f1-01282420_1-1-1,2008-06-01,FS,3306.93,4156.744756521739,1140.0662168619695,5296.810973383708,3016.6785396597697,6436.877190245677,1876.6123227978
23,2008-000025543 Paramount Gold and Silver Corp-f1-01285714_1-1-1,2008-06-13,MRE,8818.48,4350.983724999999,1465.8549422500485,5816.838667250047,2885.128782749951,7282.6936095000965,1419.2738404999022
24,2008-000024059 ATW Venture Corp-f1-01283919_2-1-1,2008-06-13,OTHER,9511.0,4557.384375999999,1767.5494289348367,6324.933804934835,2789.8349470651624,8092.483233869672,1022.2855181303257
25,2009-000025132 Coro Mining Corp-f1-01424004_1-1-1,2008-06-18,PEA,3637.623,4522.0089384615385,1741.2061065496325,6263.215045011171,2780.8028319119057,8004.421151560804,1039.5967253622734
26,2008-000004513 Buchans River Ltd-f1-01295302_2-1-1,2008-07-22,,5511.549999999999,4558.6586074074075,1717.9806213344714,6276.6392287418785,2840.677986072936,7994.61985007635,1122.6973647384648
27,2008-000009698 Virgin Metals Inc-f1-01320310_2-1-1,2008-07-28,PFS,5511.549999999999,4592.690442857142,1695.4565228138306,6288.146965670973,2897.2339200433116,7983.603488484803,1201.7773972294813
28,2008-000003827 Wildcat Silver Corporation-f1-01309358_1-1-1,2008-08-07,OTHER,2425.082,4517.945324137931,1712.8711732419436,6230.816497379874,2805.0741508959873,7943.687670621817,1092.2029776540435
29,2008-000025279 Copper Mountain Mining Corporation-f1-01321217_2-1-1,2008-09-11,FS,4437.573804573804,4515.266273485793,1683.1438014377948,6198.410074923588,2832.1224720479986,7881.553876361382,1148.9786706102036
30,2008-000017383 Manicouagan Minerals Inc-f1-01321090_1-1-1,2008-09-12,,6657.9524,4584.385180792703,1699.0116965089417,6283.396877301645,2885.373484283761,7982.408573810586,1186.3617877748197
31,2008-000003832 Halo Resources Ltd-f1-01328625_2-1-1,2008-09-15,MRE,5511.549999999999,4613.359081392931,1679.4007511022776,6292.759832495209,2933.958330290654,7972.160583597486,1254.5575791883762
32,2008-000001691 HudBay Minerals Inc-f1-01323392_3-1-1,2008-09-19,,4409.24,4607.173654684055,1653.333709912534,6260.507364596589,2953.839944771521,7913.841074509122,1300.5062348589868
33,2008-000027145 Tiger Resources Limited-f1-01332326_3-1-1,2008-10-07,FS,5511.549999999999,4633.772958958052,1635.4615342932211,6269.234493251273,2998.311424664831,7904.696027544494,1362.84989037161
34,2008-000020132 Cogitore Resources Inc-f1-01357048_1-1-1,2008-10-24,,7165.014999999999,4706.0941601306795,1667.07175469719,6373.1659148278695,3039.0224054334894,8040.23766952506,1371.9506507362994
35,2009-000002894 Abacus Mining & Exploration Corp-f1-01382375_1-1-1,2008-10-31,MRE,5511.549999999999,4728.4679334603825,1648.5586607189668,6377.02659417935,3079.9092727414154,8025.585254898317,1431.3506120224488
36,2008-000024893 Victory Nickel Inc-f1-01354993_1-1-1,2008-11-05,,6613.86,4779.424475799292,1654.78874287802,6434.213218677312,3124.635732921272,8089.001961555332,1469.846990043252
37,2008-000004130 KINBAURI GOLD CORP-f1-01345065_2-1-1,2008-11-14,MRE,5511.549999999999,4798.690936962468,1636.5886613848431,6435.279598347312,3162.102275577625,8071.868259732155,1525.513614192782
38,2008-000013177 Candente Resource Corp-f1-01357519_3-1-1,2008-11-30,PEA,4409.24,4788.7050155018915,1616.1146839927762,6404.8196994946675,3172.5903315091155,8020.9343834874435,1556.475647516339
39,"2009-000006010 Redhawk Resources, Inc-f1-01380852_1-1-1",2009-02-18,PEA,4960.395,4792.997265114345,1595.4916776418856,6388.488942756231,3197.5055874724594,7983.980620398117,1602.013909830574
40,2009-000005733 Sabina Silver Corporation-f1-01407382_1-1-1,2009-02-26,MRE,3363.939929328621,4805.4456133475605,1581.956473855363,6387.402087202923,3223.489139492198,7969.358561058287,1641.5326656368347
41,2009-000009025 IAMGOLD Corporation-f1-01384641_1-1-3,2009-02-27,,4426.236749116607,4789.335882075475,1582.4677491696696,6371.803631245144,3206.8681329058054,7954.271380414813,1624.4003837361356
42,2009-000014092 Skyline Gold Corporation-f1-01384343_1-1-1,2009-03-04,PEA,4409.24,4816.893632075475,1565.4976386348383,6382.391270710313,3251.3959934406366,7947.888909345151,1685.8983548057981
43,2009-000004130 KINBAURI GOLD CORP-f1-01384831_1-1-1,2009-03-06,PEA,5149.882089,4810.607709300476,1563.5944716159038,6374.20218091638,3247.0132376845722,7937.796652532284,1683.4187660686684
44,2009-000003026 North American Palladium Ltd-f1-01386739_1-1-1,2009-03-13,MRE,4409.24,4838.165459300476,1546.0284221046832,6384.193881405159,3292.137037195793,7930.222303509842,1746.1086150911096
45,2009-000024750 South American Silver Corp-f1-01389824_1-1-1,2009-03-13,PEA,3086.468,4832.653909300475,1552.0086097602584,6384.662519060734,3280.6452995402165,7936.671128820992,1728.636689779958
46,2009-000005955 Serengeti Resources Inc-f1-01403700_1-1-1,2009-04-08,MRE,4409.24,4832.653909300476,1552.0086097602584,6384.662519060734,3280.6452995402174,7936.671128820993,1728.636689779959
47,2009-000022748 Explorator Resources Inc-f1-01441034_2-1-1,2009-05-30,PEA,3968.316,4793.521904300475,1553.614525335288,6347.136429635763,3239.9073789651875,7900.750954971051,1686.2928536298996
48,2009-000005760 Sunridge Gold Corp-f1-01443806_1-1-1,2009-06-05,PEA,5886.3354,4823.284274300475,1563.069575304257,6386.353849604731,3260.214698996218,7949.423424908989,1697.145123691961
49,2009-000010193 Chariot Resources Limited-f1-01415384_1-2-1,2009-06-08,FS,4409.24,4834.307374300476,1558.4334257237351,6392.740800024211,3275.873948576741,7951.174225747946,1717.4405228530059
50,2009-000024169 Moly Mines Limited-f1-01465727_1-1-1,2009-08-25,OTHER,5732.012,4867.607674300476,1563.139257986908,6430.746932287384,3304.468416313568,7993.886190274292,1741.32915832666
51,2009-000003958 OPAWICA EXPLORATIONS INC-f1-01472014_3-1-1,2009-08-31,MRE,3858.085,4826.271049300475,1567.530271273388,6393.801320573863,3258.740778027087,7961.331591847251,1691.210506753699
52,2009-000009161 Silver Wheaton Corp-f1-01475484_2-1-1,2009-09-09,FS,4409.24,4853.828799300476,1549.7231795121043,6403.55197881258,3304.1056197883718,7953.2751583246845,1754.3824402762675
53,2009-000005815 Norsemont Mining Inc-f1-01483747_1-1-1,2009-09-28,FS,4409.24,4878.630774300475,1533.9999223408504,6412.630696641326,3344.630851959625,7946.630618982176,1810.6309296187746
54,2009-000008808 Aura Minerals Inc-f1-01483612_5-1-1,2009-09-30,PEA,4409.24,4906.188524300475,1514.8223378911541,6421.01086219163,3391.366186409321,7935.833200082783,1876.5438485181671
55,2009-000008483 Anatolia Minerals Development Limited-f1-01484954_2-1-1,2009-10-02,MRE,4409.24,4878.630774300475,1513.5532995767555,6392.184073877231,3365.07747472372,7905.737373453987,1851.5241751469644
56,2009-000003295 Tri Origin Exploration Ltd-f1-01495592_1-1-1,2009-10-09,MRE,7350.0,4987.974849300475,1530.4869238877232,6518.461773188199,3457.4879254127522,8048.948697075922,1927.001001525029
57,2009-000001640 IMPACT Silver Corp-f1-01501206_1-1-1,2009-11-10,MRE,4629.702,4939.473209300476,1509.673198704103,6449.146408004579,3429.800010596373,7958.819606708682,1920.1268118922699
58,2009-000007586 International PBX Ventures Ltd-f1-01516184_1-1-1,2009-12-13,PEA,4409.24,4939.473209300475,1509.673198704103,6449.146408004578,3429.800010596372,7958.819606708681,1920.126811892269
59,2010-000003295 Tri Origin Exploration Ltd-f1-01524409_1-1-1,2009-12-15,FS,5511.549999999999,4994.588709300476,1488.6405715484832,6483.229280848959,3505.9481377519924,7971.869852397442,2017.3075662035094
60,2010-000011649 Lithic Resources Ltd-f1-01521254_1-1-1,2009-12-23,MRE,4409.24,4967.030959300476,1489.0281312555303,6456.059090556006,3478.0028280449455,7945.087221811536,1988.9746967894152
61,2010-000004818 New Gold Inc-f1-01544679_1-1-1,2009-12-31,,4409.24,5022.146459300476,1423.5176182003681,6445.664077500844,3598.628841100108,7869.181695701212,2175.1112228997395
62,2010-000002968 Kinross Gold Corporation-f1-01592433_2-2-1,2010-02-18,FS,4409.24,5049.704209300476,1399.9359289912354,6449.640138291711,3649.7682803092403,7849.5760672829465,2249.832351318005
63,2010-000009151 LIBERTY MINES INC-f1-01542198_2-1-1,2010-02-26,,5952.474,4978.054059300475,1269.3525119138449,6247.40657121432,3708.7015473866304,7516.759083128165,2439.3490354727855
64,2010-000005801 Exeter Resource Corporation-f1-01563980_2-1-1,2010-03-12,MRE,5070.625999999999,4867.044709300475,1035.3622407341206,5902.406950034596,3831.682468566354,6937.769190768717,2796.3202278322337
65,2010-000002549 Ivanhoe Mines Ltd-f1-01559123_1-1-1,2010-03-30,OTHER,2204.62,4831.219634300475,1101.6620772481936,5932.881711548669,3729.5575570522815,7034.543788796862,2627.895479804088
66,2010-000008502 Entree Gold Inc-f1-01595887_2-1-1,2010-03-30,PFS,4409.24,4803.661884300475,1097.9883025309186,5901.6501868313935,3705.6735817695567,6999.638489362313,2607.685279238638
67,2010-000003181 Inmet Mining Corporation-f1-01555466_1-2-1,2010-03-31,FS,4629.702,4781.615684300476,1092.2485540237744,5873.8642383242495,3689.367130276701,6966.112792348024,2597.1185762529267
68,2010-000008895 Katanga Mining Limited-f1-01557968_1-1-1,2010-03-31,OTHER,6922.5068,4894.051304300476,1074.7899289695567,5968.841233270033,3819.261375330919,7043.63116223959,2744.4714463613623
69,2010-000018939 Carpathian Gold Inc-f1-01585312_1-1-1,2010-04-23,PEA,4960.395,4907.12183418613,1072.2724310990031,5979.394265285134,3834.849403087127,7051.666696384136,2762.576971988124
70,2011a-000026050 Josephine Mining Corp. ( Green Park Capital Corp.)-f1-01717587_1-1-1,2010-05-17,,4409.24,4850.904024186131,1036.4760248996608,5887.380049085792,3814.4279992864704,6923.856073985453,2777.9519743868095
71,2010-000002331 Orsu Metals Corporation-f1-01585902_3-1-1,2010-05-25,PEA,6613.86,4878.46177418613,1068.6464352745672,5947.108209460697,3809.8153389115632,7015.754644735265,2741.1689036369958
72,2010-000002178 Silver Standard Resources Inc-f1-01592513_3-1-1,2010-06-01,PEA,6503.629,4930.8214991861305,1096.024760479512,6026.846259665643,3834.7967387066183,7122.871020145154,2738.7719782271065
73,2010-000009542 Bravo Gold Corp-f1-01601622_2-1-1,2010-06-28,,7165.014999999999,4972.15812418613,1148.4166032763242,6120.574727462455,3823.7415209098062,7268.991330738779,2675.324917633482
74,2010-000027268 PCI-1 Capital Corp-f1-01660906_1-1-1,2010-07-01,,5511.549999999999,4930.8214991861305,1096.024760479512,6026.846259665643,3834.7967387066183,7122.871020145154,2738.7719782271065
75,2010-000003958 OPAWICA EXPLORATIONS INC-f1-01622819_1-1-1,2010-08-16,PEA,6283.167,4950.111924186131,1113.1642204951158,6063.2761446812465,3836.947703691015,7176.440365176362,2723.783483195899
76,2010-000004159 Far West Mining Ltd-f1-01625530_1-1-1,2010-08-26,MRE,4960.395,4908.775299186131,1080.0041323407133,5988.779431526844,3828.7711668454176,7068.783563867557,2748.767034504704
77,2010-000008329 Antares Minerals Inc. ( Planet Ventures Inc.)-f1-01632733_2-1-1,2010-09-02,PEA,4960.395,4894.996424186131,1075.6236243218057,5970.620048507936,3819.3727998643253,7046.243672829742,2743.7491755425194
78,2010-000022586 Donner Metals Ltd-f1-01646195_1-1-1,2010-09-21,,5511.549999999999,4922.554174186131,1076.979190470773,5999.533364656903,3845.574983715358,7076.512555127676,2768.595793244585
79,2010-000003851 Salazar Resources Limited-f1-01641644_1-2-1,2010-09-24,,7165.014999999999,4977.669674186131,1133.8743744594633,6111.544048645594,3843.7952997266675,7245.418423105057,2709.920925267204
80,2010-000025297 Sandstorm Resources Ltd-f1-01643054_3-1-1,2010-10-05,,6613.86,5058.917675952915,1131.7120949272787,6190.629770880193,3927.205581025636,7322.341865807472,2795.493486098357
81,2011a-000010750 Geologix Explorations Inc-f1-01696761_1-8-1,2010-10-08,PEA,6062.705,5099.829382225,1137.8169774719677,6237.646359696968,3962.012404753032,7375.463337168935,2824.1954272810644
82,2010-000029999 Ratel Gold Limited-f1-01665671_2-1-1,2010-10-12,MRE,3858.085,5086.050507225,1149.6698814343001,6235.7203886593,3936.3806257907,7385.3902700936,2786.7107443563996
83,2010-000005208 SOHO Resources Corp-f1-01651891_1-1-1,2010-10-29,PEA,6437.4904,5118.240715,1169.3605479030973,6287.601262903097,3948.8801670969024,7456.961810806195,2779.5196191938053
84,2011a-000024683 Ventana Gold Corp-f1-01648578_1-19-1,2010-11-08,,6613.86,5173.356215,1186.909862506367,6360.266077506367,3986.4463524936327,7547.175940012734,2799.5364899872657
85,2010-000013177 Candente Copper Corp-f1-01676988_1-1-1,2010-11-08,MRE,5511.549999999999,5233.983265,1138.529110620918,6372.512375620918,4095.454154379082,7511.041486241836,2956.925043758164
86,2010-000030584 EMED Mining Public Limited-f1-01647178_1-25-2,2010-11-17,PFS,5511.549999999999,5261.541015,1131.372635220805,6392.913650220805,4130.168379779195,7524.28628544161,2998.7957445583897
87,2010-000017006 Aquila Resources Inc-f1-01670111_1-1-1,2010-11-29,MRE,5511.549999999999,5300.121864999999,1112.2936780506045,6412.415543050603,4187.828186949395,7524.709221101208,3075.53450889879
88,2010-000003985 Minera Andes Inc-f1-01677470_1-1-1,2010-12-01,PEA,6613.86,5318.30998,1127.963005174716,6446.272985174716,4190.346974825284,7574.2359903494325,3062.383969650568
89,2010-000023684 Western Copper Corporation-f1-01671582_1-1-1,2010-12-01,MRE,4409.24,5318.30998,1127.963005174716,6446.272985174716,4190.346974825284,7574.2359903494325,3062.383969650568
90,2010-000002929 Breakwater Resources Ltd-f1-01673123_2-1-1,2010-12-03,,5864.2892,5321.61691,1129.399972489897,6451.0168824898965,4192.216937510103,7580.416854979794,3062.8169650202058
91,2011a-000005689 Capstone Mining Corp-f1-01723434_2-1-1,2010-12-15,PFS,6062.705,5376.73241,1109.770186287009,6486.502596287009,4266.962223712991,7596.272782574018,3157.1920374259817
92,2011a-000011551 TintinaGold Resources Inc-f1-01689809_1-1-1,2010-12-20,,6062.705,5418.0690349999995,1103.5859145003185,6521.654949500318,4314.483120499681,7625.240864000636,3210.8972059993625
93,2011a-000002432 Pan American Silver Corp-f1-01687065_1-1-1,2011-01-14,PEA,6500.0,5470.338035,1104.091802358605,6574.429837358604,4366.246232641395,7678.52163971721,3262.1544302827897
94,2011a-000005795 Bard Ventures Ltd-f1-01704876_1-1-1,2011-01-21,PEA,6613.86,5525.453535,1104.7906673087734,6630.244202308773,4420.662867691226,7735.034869617546,3315.872200382453
95,2011a-000001640 IMPACT Silver Corp-f1-01695177_1-1-1,2011-01-28,MRE,5754.0582,5559.073989999999,1090.319270598464,6649.393260598463,4468.754719401535,7739.712531196927,3378.435448803071
96,"2011a-000023256 Mines Management, Inc-f1-01693687_1-1-1",2011-02-03,,6834.322,5546.18204,1071.4864080215098,6617.66844802151,4474.6956319784895,7689.154856043019,3403.20922395698
97,2011a-000020823 Equinox Minerals Limited-f1-01709025_1-1-1,2011-03-07,FS,4409.24,5540.6704899999995,1076.8749687165614,6617.5454587165605,4463.795521283439,7694.420427433122,3386.9205525668767
98,2011a-000008502 Entree Gold Inc-f1-01716539_1-1-1,2011-03-11,MRE,5511.549999999999,5568.22824,1061.1684911469079,6629.396731146908,4507.059748853093,7690.565222293816,3445.8912577061847
99,2011a-000000923 Barrick Gold Corporation-f1-01723131_1-1-2,2011-03-30,FS,7716.17,5623.343739999999,1114.0823146102916,6737.4260546102905,4509.261425389708,7851.508369220583,3395.179110779416
100,2011a-000018190 Chesapeake Gold Corp-f1-01733412_1-1-1,2011-04-21,PEA,7716.17,5706.01699,1143.975030633577,6849.992020633577,4562.041959366423,7993.967051267155,3418.066928732846
101,2011a-000000880 NovaGold Resources Inc-f1-01743319_1-1-1,2011-05-09,,5511.549999999999,5733.57474,1125.0559601217603,6858.63070012176,4608.51877987824,7983.68666024352,3483.4628197564793
102,2011b-000004187 Mediterranean Resources Ltd-f1-01789335_1-1-1,2011-06-14,PEA,6062.705,5774.911365,1105.3529565620195,6880.264321562019,4669.558408437981,7985.617278124038,3564.205451875961
103,2011b-000031165 Mawson West Ltd-f1-01770009_1-1-1,2011-06-30,FS,5511.549999999999,5763.888265,1105.7352995540746,6869.623564554075,4658.152965445925,7975.358864108149,3552.4176658918504
104,2011b-000000880 NovaGold Resources Inc-f1-01801094_1-1-1,2011-07-11,PFS,5842.243,5783.17869,1100.0467779223263,6883.225467922326,4683.131912077673,7983.272245844652,3583.085134155347
105,2011b-000001913 Northgate Minerals Corporation-f1-01800614_1-1-1,2011-07-22,,6172.936,5882.38659,935.7042294731249,6818.090819473125,4946.6823605268755,7753.79504894625,4010.97813105375
106,2011b-000030669 Ivanhoe Australia Limited-f1-01816075_1-1-1,2011-09-30,PEA,6613.86,5937.50209,911.3182553298504,6848.82034532985,5026.18383467015,7760.1386006597,4114.8655793402995
107,2011b-000030669 Ivanhoe Australia Limited-f1-01816075_1-1-2,2011-10-10,,8818.48,6042.2215400000005,994.0925981165202,7036.314138116521,5048.12894188348,8030.406736233041,4054.0363437669603
108,2011b-000008911 Monument Mining Limited-f1-01836878_1-1-1,2011-11-01,OTHER,1373.79,5903.50362,1227.779192784007,7131.282812784008,4675.724427215993,8359.062005568014,3447.9452344319866
109,2011b-000011375 Thundermin Resources Inc-f1-01840639_2-1-1,2011-11-01,,8267.324999999999,5986.176869999999,1273.145016614719,7259.321886614718,4713.031853385281,8532.466903229437,3439.8868367705613
110,"2011b-000023134 General Moly, Inc-f1-01825783_1-1-1",2011-11-11,PFS,5511.549999999999,6013.73462,1249.8532702626453,7263.5878902626455,4763.881349737355,8513.44116052529,3514.0280794747096
111,2011b-000006077 Stratabound Minerals Corp-f1-01836274_1-1-1,2011-11-23,PEA,7980.7244,6047.90623,1284.8763789280947,7332.782608928094,4763.029851071905,8617.65898785619,3478.15347214381
112,2012-000033030 Intergeo MMC Ltd-f1-01908033_1-1-1,2011-12-01,PEA,6062.705,6036.88313,1282.7560519835865,7319.639181983586,4754.127078016414,8602.395233967174,3471.371026032827
113,2012-000032889 Newcrest Mining Limited-f1-01866663_1-1-1,2011-12-31,,5070.625999999999,5984.523405,1278.2637479158918,7262.787152915892,4706.259657084108,8541.050900831784,3427.9959091682163
114,2012-000002894 Abacus Mining & Exploration Corp-f1-01846955_1-1-1,2012-01-06,FS,6062.705,5998.302279999999,1276.0032190329155,7274.305499032915,4722.299060967083,8550.30871806583,3446.295841934168
115,2012-000009698 Virgin Metals Inc-f1-01912517_1-1-1,2012-01-10,PEA,5511.549999999999,5979.011855,1277.4180633850037,7256.4299183850035,4701.593791614996,8533.847981770006,3424.1757282299923
116,2012-000005801 Exeter Resource Corporation-f1-01849096_1-1-1,2012-01-16,PFS,6062.705,6006.569604999999,1266.7253005962611,7273.29490559626,4739.844304403738,8540.020206192521,3473.1190038074765
117,2012-000008330 Queenston Mining Inc-f1-01883856_1-1-1,2012-02-16,,6613.86,6047.90623,1258.663293367046,7306.569523367046,4789.242936632953,8565.232816734091,3530.5796432659076
118,2012-000025132 Coro Mining Corp-f1-01881235_1-1-1,2012-03-01,PFS,6172.936,6064.44088,1255.7775894110603,7320.21846941106,4808.66329058894,8575.99605882212,3552.8857011778796
119,2012-000000923 Barrick Gold Corporation-f1-01878575_1-1-3,2012-03-16,OTHER,6062.705,6036.88313,1243.0368029380368,7279.919932938037,4793.846327061963,8522.956735876074,3550.8095241239266
120,2012-000004818 New Gold Inc-f1-01877712_2-1-1,2012-03-23,FS,6062.705,6023.104255,1239.5268887504856,7262.6311437504855,4783.577366249515,8502.15803250097,3544.050477499029
121,2012-000002331 Orsu Metals Corporation-f1-01880475_1-1-1,2012-03-27,FS,7163.0,6050.611629999999,1252.5684102590021,7303.1800402590015,4798.043219740997,8555.748450518004,3545.474809481995
122,2013-000029557 Yellowhead Mining Inc-f1-02012574_1-1-1,2012-03-29,FS,5511.549999999999,6091.948254999999,1204.726195382546,7296.674450382545,4887.222059617454,8501.40064576509,3682.4958642349075
123,2012-000029557 Yellowhead Mining Inc-f1-01882029_1-1-1,2012-03-29,FS,5511.549999999999,6068.799744999999,1206.8104990876839,7275.610244087683,4861.989245912316,8482.420743175368,3655.1787468246316
124,2012-000001691 HudBay Minerals Inc-f1-01884181_1-1-1,2012-03-29,,6062.705,6055.020869999999,1203.5697311950455,7258.590601195045,4851.451138804954,8462.16033239009,3647.8814076099084
125,2012-000033030 Intergeo MMC Ltd-f1-01908033_1-3-1,2012-03-31,PEA,6062.705,6068.799745,1200.338926277804,7269.138671277804,4868.460818722197,8469.477597555608,3668.1218924443924
126,2012-000016934 VMS Ventures Inc-f1-01906981_1-1-1,2012-04-02,,6062.705,6082.578619999999,1196.936726380023,7279.5153463800225,4885.641893619976,8476.452072760045,3688.7051672399534
127,2012-000033594 IMX Resources Limited-f1-01966520_4-1-1,2012-04-13,PEA,7495.708,6132.18257,1213.662421244186,7345.844991244186,4918.520148755814,8559.507412488372,3704.857727511628
128,2012-000030669 Ivanhoe Australia Limited-f1-01915126_1-1-1,2012-04-16,,7716.17,6159.740319999999,1237.1670314575686,7396.9073514575675,4922.57328854243,8634.074382915136,3685.406257084862
129,2012-000005760 Sunridge Gold Corp-f1-01923758_4-1-1,2012-05-01,PFS,7231.1536,6230.28816,1215.0477823503895,7445.33594235039,5015.24037764961,8660.38372470078,3800.192595299221
130,2012-000030469 Cerro Resources NL-f1-01930652_2-1-1,2012-05-11,FS,7582.0,6273.23093,1232.0163774953471,7505.247307495347,5041.214552504653,8737.263684990694,3809.1981750093055
131,2012-000005760 Sunridge Gold Corp-f1-01928370_5-1-1,2012-05-14,FS,7231.1536,6302.442145,1240.7180788216447,7543.160223821645,5061.724066178355,8783.87830264329,3821.0059873567106
132,2012-000004904 Cadillac Ventures Inc-f1-01928596_2-1-1,2012-05-15,PEA,8231.571159750421,6356.663798993761,1276.838423605969,7633.50222259973,5079.825375387792,8910.3406462057,3802.986951781823
133,2014-000005703 Quaterra Resources Inc-f1-02157819_2-1-1,2012-05-23,PEA,6613.86,6359.51029899376,1277.2929964925684,7636.803295486328,5082.2173025011925,8914.096291978898,3804.9243060086237
134,2012-000007531 Seabridge Gold Inc-f1-01928341_1-1-1,2012-06-22,PFS,7605.939,6384.312273993761,1291.9067976068006,7676.219071600562,5092.40547638696,8968.125869207362,3800.4986787801595
135,2012-000031148 Serabi Gold plc-f1-01928965_1-1-1,2012-06-28,,6613.86,6405.80731899376,1288.2993585935596,7694.1066775873205,5117.5079604002,8982.40603618088,3829.208601806641
136,2012-000013727 MAG Silver Corp-f1-01932793_1-1-1,2012-07-01,,198.4158,6239.909663993761,1617.0255822913966,7856.9352462851575,4622.884081702364,9473.960828576553,3005.8584994109674
137,2012-000008808 Aura Minerals Inc-f1-01957515_2-1-1,2012-07-12,PEA,5952.474,6278.49051399376,1590.4186368762414,7868.909150870001,4688.071877117519,9459.327787746242,3097.653240241277
138,2012-000005386 Augusta Resource Corporation-f1-01952933_1-1-1,2012-07-24,FS,7716.17,6333.60601399376,1601.3219058438203,7934.927919837581,4732.284108149939,9536.2498256814,3130.9622023061193
139,2012-000011551 Tintina Resources Inc-f1-01957549_2-1-1,2012-08-30,,6547.7214,6304.394798993761,1586.0390302948638,7890.433829288624,4718.355768698897,9476.472859583488,3132.316738404033
140,2012-000008808 Aura Minerals Inc-f1-01971153_3-1-1,2012-09-04,FS,6415.4442,6271.87665399376,1569.6006186471752,7841.477272640935,4702.276035346585,9411.07789128811,3132.675416699409
141,2012-000003339 Noront Resources Ltd-f1-01971248_1-1-1,2012-09-04,,7936.632,6332.503703993761,1586.2266640005084,7918.730367994269,4746.277039993252,9504.957031994778,3160.0503759927437
142,2012-000033595 Ivanplats Limited-f1-01959806_1-1-1,2012-09-05,PEA,6283.167,6338.01525399376,1585.6480826318568,7923.6633366256165,4752.367171361903,9509.311419257474,3166.719088730046
143,2012-000001767 Dundee Precious Metals Inc-f1-01959503_2-1-1,2012-09-07,,6613.86,6365.573003993761,1580.4866352232007,7946.059639216961,4785.0863687705605,9526.546274440163,3204.5997335473594
144,2013-000006160 Catalyst Copper Corp-f1-02007057_1-1-1,2012-09-19,PEA,5952.474,6368.32877899376,1579.6466245759502,7947.975403569711,4788.68215441781,9527.62202814566,3209.03552984186
145,2012-000008330 Queenston Mining Inc-f1-01979771_2-1-1,2012-09-20,,6613.86,6379.351878993761,1579.7865952594393,7959.1384742532,4799.565283734321,9538.92506951264,3219.778688474882
146,2012-000005277 Polymet Mining Corp-f1-01975549_1-1-1,2012-10-12,FS,3306.93,6296.678628993761,1652.0747582651263,7948.753387258887,4644.603870728634,9600.828145524014,2992.529112463508
147,2014-000008250 Northland Resources S.A-f1-02180596_1-1-1,2012-10-24,FS,6950.0,6249.96662899376,1604.678700088722,7854.645329082483,4645.287928905038,9459.324029171205,3040.6092288163163
148,2012-000008502 Entree Gold Inc-f1-01983697_3-1-1,2012-10-24,PEA,6613.86,6380.96837899376,1396.8243930743506,7777.792772068111,4984.143985919409,9174.617165142461,3587.3195928450587
149,2012-000032329 Copper North Mining Corp-f1-01988874_1-1-1,2012-10-31,FS,7146.256077795786,6352.9416559386555,1368.974172281032,7721.915828219688,4983.967483657623,9090.89000050072,3614.9933113765915
150,2012-000033594 IMX Resources Limited-f1-01981915_5-1-1,2012-11-05,PEA,7980.7244,6414.671015938655,1385.6298880373097,7800.3009039759645,5029.041127901345,9185.930792013274,3643.4112398640355
151,2012-000003827 Wildcat Silver Corporation-f1-01981481_3-1-1,2012-11-12,PEA,7716.17,6408.057155938655,1378.5765973556254,7786.633753294281,5029.48055858303,9165.210350649906,3650.9039612274046
152,2012-000009131 Euromax Resources Ltd-f1-01995793_2-1-1,2012-12-05,PEA,6635.906199999999,6422.3871859386545,1377.87365950885,7800.260845447505,5044.513526429804,9178.134504956355,3666.6398669209543
153,2012-000026619 Crazy Horse Resources Inc-f1-01922019_3-1-1,2012-12-06,PFS,6613.86,6460.968035938655,1360.5500518164258,7821.518087755081,5100.4179841222285,9182.068139571507,3739.867932305803
154,2013-000030715 Chieftain Metals Inc-f1-02009167_1-1-1,2012-12-12,,8068.9092,6511.123140938655,1382.296502901314,7893.419643839969,5128.826638037341,9275.716146741283,3746.5301351360267
155,2012-000031912 Sunshine Silver Mines Corporation-f1-02001215_1-2-1,2012-12-21,,6062.705,6524.902015938655,1374.8038491752957,7899.7058651139505,5150.098166763359,9274.509714289246,3775.294317588063
156,2013-000012585 Scorpio Mining Corporation-f1-02063975_1-1-1,2012-12-31,PEA,7495.708,6560.727090938655,1381.1073229410806,7941.834413879736,5179.619767997575,9322.941736820816,3798.512445056494
157,2013-000023684 Western Copper and Gold Corporation-f1-02014531_1-1-1,2013-01-25,FS,7022.0735812922085,6570.932430470961,1383.0168768248775,7953.9493072958385,5187.915553646083,9336.966184120716,3804.8986768212058
158,2013-000029999 St. Augustine Gold and Copper Limited-f1-02126728_1-1-1,2013-02-25,PFS,6613.86,6581.95553047096,1381.5197210831855,7963.475251554146,5200.4358093877745,9344.99497263733,3818.9160883045893
159,2013-000027259 Lumina Copper Corp-f1-02065843_2-1-1,2013-04-09,PEA,6062.705,6581.95553047096,1381.5197210831855,7963.475251554146,5200.4358093877745,9344.99497263733,3818.9160883045893
160,2013-000005760 Sunridge Gold Corp-f1-02080601_3-1-1,2013-05-16,FS,7165.014999999999,6609.51328047096,1381.890500858352,7991.403781329313,5227.622779612608,9373.294282187664,3845.732278754256
161,2013-000008209 El Nino Ventures Inc-f1-02086368_1-1-1,2013-06-04,PEA,8157.094,6634.36563047096,1400.9080009772547,8035.273631448215,5233.457629493705,9436.181632425469,3832.549628516451
162,2013-000004926 AVINO SILVER & GOLD MINES LTD-f1-02086857_1-1-1,2013-07-19,PEA,7120.9226,6674.59994547096,1390.9087289758559,8065.508674446815,5283.6912164951045,9456.41740342267,3892.782487519248
163,2013-000023668 McEwen Mining Inc. ( US Gold Corporation)-f1-02129007_3-1-1,2013-08-01,PEA,6613.86,6702.15769547096,1378.1358980216469,8080.293593492606,5324.021797449313,9458.429491514253,3945.885899427666
164,2013-000013198 Nevada Copper Corp-f1-02132890_1-1-1,2013-08-22,FS,7341.384599999999,6734.124685470961,1377.7529022899198,8111.8775877608805,5356.371783181041,9489.6304900508,3978.618880891121
165,2013-000005673 Bellhaven Copper & Gold Inc-f1-02129085_1-1-1,2013-09-01,PEA,7165.014999999999,6761.682435470961,1375.000272416552,8136.682707887512,5386.682163054409,9511.682980304064,4011.6818906378567
166,2013-000008633 Los Andes Copper Ltd-f1-02146428_1-1-1,2013-09-09,PEA,6062.705,6761.682435470959,1375.000272416552,8136.68270788751,5386.682163054407,9511.682980304064,4011.681890637855
167,"2013-000029836 Silver Bull Resources, Inc-f1-02133395_2-1-1",2013-09-30,PEA,8157.094,6778.21708547096,1387.9688936115024,8166.185979082463,5390.248191859458,9554.154872693965,4002.2792982479555
168,2013-000006220 International Enexco Limited-f1-02119941_1-1-1,2013-10-01,PFS,7054.784,6761.682435470961,1380.4277127779217,8142.110148248882,5381.254722693039,9522.537861026804,4000.8270099151173
169,2013-000005717 Belvedere Resources Ltd-f1-02118272_1-1-1,2013-10-02,PEA,6000.0,6730.90359547096,1383.4137414059078,8114.317336876868,5347.489854065052,9497.731078282775,3964.076112659144
170,2013-000008938 THEMAC Resources Group Limited-f1-02135989_1-1-1,2013-10-07,FS,6613.86,6706.70009547096,1376.593820821798,8083.293916292758,5330.1062746491625,9459.887737114557,3953.512453827364
171,2013-000033595 Ivanhoe Mines Ltd-f1-02141851_1-1-1,2013-11-15,PEA,6613.86,6691.267755470961,1374.0213568457834,8065.289112316745,5317.246398625177,9439.310469162527,3943.225041779394
172,2014-000005967 Amerigo Resources Ltd-f1-02196760_1-1-1,2013-12-31,PEA,6503.629,6648.069201477199,1351.3287098098567,7999.397911287057,5296.740491667342,9350.726621096914,3945.411781857486
173,2014-000005689 Capstone Mining Corp-f1-02202859_1-1-1,2014-01-01,PFS,6062.705,6634.2903264772,1354.4927016997083,7988.783028176908,5279.797624777492,9343.275729876617,3925.3049230777838
174,2014-000003827 Wildcat Silver Corporation-f1-02155649_1-1-1,2014-01-17,PFS,7165.014999999999,6623.2672264772,1348.1618622323688,7971.4290887095685,5275.105364244831,9319.590950941938,3926.9435020124624
175,2014-000010711 DNI Metals Inc-f1-02155474_1-1-1,2014-01-17,PEA,8024.8168,6658.5411464772,1366.2465764442654,8024.787722921465,5292.294570032935,9391.03429936573,3926.0479935886688
176,2014-000004588 Continental Precious Minerals Inc-f1-02168893_1-1-1,2014-02-06,PEA,8024.8168,6854.2011714772,897.2998591511356,7751.501030628336,5956.901312326064,8648.800889779472,5059.601453174929
177,2014-000015722 Platinum Group Metals Ltd-f1-02175498_1-1-1,2014-02-14,,7892.5396,6902.702811477199,899.7388921683461,7802.441703645545,6002.963919308853,8702.180595813892,5103.225027140507
178,2014-000011649 InZinc Mining Ltd-f1-02204980_1-1-1,2014-03-17,PEA,6613.86,6875.145061477199,891.0235688365831,7766.168630313782,5984.121492640616,8657.192199150366,5093.097923804033
179,2014-000003851 Salazar Resources Limited-f1-02173905_1-2-1,2014-03-21,PEA,6746.1372,6880.1054564771985,889.705361228555,7769.810817705754,5990.400095248643,8659.51617893431,5100.694734020089
180,2014-000002470 Fortune Minerals Limited-f1-02205231_1-1-1,2014-04-02,FS,5246.995599999999,6850.8942414772,923.8777735639738,7774.772015041174,5927.016467913226,8698.649788605147,5003.138694349253
181,2014-000009674 Mustang Minerals Corp-f1-02213716_1-1-1,2014-04-30,PEA,7495.708,6839.8711414772,913.1595394140073,7753.030680891207,5926.711602063192,8666.190220305214,5013.552062649185
182,2014-000008301 Trevali Mining Corporation-f1-02208589_1-2-1,2014-05-13,,6613.86,6848.1384664772,909.4797191310494,7757.618185608249,5938.658747346151,8667.0979047393,5029.179028215101
183,2014-000005689 Capstone Mining Corp-f1-02231705_2-1-1,2014-05-22,FS,6283.167,6839.8711414772,913.1595394140073,7753.030680891207,5926.711602063192,8666.190220305214,5013.552062649185
184,2014-000028675 Discovery Ventures Inc-f1-02215154_1-1-1,2014-05-26,,6071.103359647513,6842.836875468386,910.3920235478505,7753.228899016237,5932.444851920535,8663.620922564087,5022.052828372685
185,2014-000000204 GoldQuest Mining Corp-f1-02232713_1-1-1,2014-05-27,,7165.014999999999,6856.615750468387,911.0082589006036,7767.62400936899,5945.607491567784,8678.632268269594,5034.59923266718
186,"2014-000023134 General Moly, Inc-f1-02238615_2-1-1",2014-07-25,PFS,7165.014999999999,6953.067875468388,706.9295568752912,7659.997432343679,6246.138318593096,8366.92698921897,5539.208761717806
187,2014-000008483 Alacer Gold Corp-f1-02237181_1-1-1,2014-07-29,FS,7253.199799999999,6960.647870468388,708.5195479681574,7669.167418436546,6252.12832250023,8377.686966404703,5543.608774532073
188,2014-000023735 Duluth Metals Limited-f1-02265653_2-1-1,2014-08-20,,7716.17,6988.205620468388,716.0821597678284,7704.287780236216,6272.123460700559,8420.369940004044,5556.041300932731
189,2014-000023934 Intrepid Mines Limited-f1-02266751_1-1-1,2014-09-25,,7716.17,7002.453468523492,724.9227167617097,7727.376185285202,6277.530751761782,8452.298902046912,5552.608035000073
190,2014-000001767 Dundee Precious Metals Inc-f1-02266641_3-1-1,2014-09-30,,6062.705,6954.502983523492,721.983522684003,7676.486506207495,6232.519460839489,8398.470028891497,5510.535938155486
191,2014-000031165 Mawson West Limited-f1-02295404_1-1-1,2014-11-30,FS,7100.0,6939.098733523492,711.817629610601,7650.916363134093,6227.281103912891,8362.733992744694,5515.463474302291
192,2015-000004264 Global Minerals Ltd-f1-02302451_1-1-1,2014-12-12,,6613.86,6938.547578523493,712.06690022922,7650.614478752713,6226.480678294273,8362.681378981933,5514.413778065053
193,2015-000031453 Pilot Gold Inc-f1-02308581_1-1-1,2014-12-20,PEA,6393.397999999999,6933.036028523493,715.4894773843367,7648.52550590783,6217.546551139156,8364.014983292167,5502.05707375482
194,2015-000024464 Wellgreen Platinum Ltd-f1-02304935_1-2-1,2015-02-02,PEA,6613.86,6896.659798523493,692.8909850393675,7589.5507835628605,6203.7688134841255,8282.441768602228,5510.877828444758
195,2015-000023269 INV Metals Inc-f1-02322965_1-1-1,2015-03-20,,6613.86,6910.438673523492,681.2642770655104,7591.702950589002,6229.174396457982,8272.967227654513,5547.910119392471
196,2015-000019503 Panoro Minerals Ltd-f1-02354457_1-1-1,2015-05-01,PEA,7165.014999999999,6902.171348523492,675.9656827884753,7578.137031311968,6226.205665735017,8254.102714100443,5550.239982946541
197,2015-000027965 Ecuador Gold and Copper Corp-f1-02358631_1-1-1,2015-05-19,PEA,7363.430799999999,6910.705278991188,679.6629101401,7590.368189131288,6231.042368851087,8270.031099271388,5551.379458710988
198,2015-000006237 First Quantum Minerals Ltd-f1-02400929_2-1-1,2015-05-31,,6613.86,6910.705278991188,679.6629101401,7590.368189131288,6231.042368851087,8270.031099271388,5551.379458710988
199,2015-000024909 Rambler Metals and Mining plc-f1-02396630_1-1-1,2015-07-20,,6150.8898,6912.909898991187,676.9794501360906,7589.8893491272775,6235.930448855097,8266.868799263368,5558.950998719006
200,2015-000020511 COPPER FOX METALS INC-f1-02432352_2-1-1,2015-12-18,,6613.86,6899.131023991188,677.3255367125978,7576.456560703786,6221.805487278591,8253.782097416384,5544.479950565992
201,2016-000016002 Gold Reach Resources Ltd-f1-02457915_1-1-1,2016-01-01,PEA,6613.86,6860.550173991188,647.1118251020332,7507.661999093221,6213.438348889154,8154.773824195254,5566.326523787122
202,2016-000002899 NGEx Resources Inc-f1-02445738_1-1-1,2016-02-12,PEA,6613.86,6847.873608991188,646.8469736006923,7494.720582591881,6201.026635390495,8141.567556192573,5554.1796617898035
203,2016-000009131 Euromax Resources Ltd-f1-02445372_1-1-1,2016-02-16,FS,6393.397999999999,6842.362058991186,649.8244320216344,7492.186491012821,6192.537626969552,8142.010923034455,5542.713194947917
204,2016-000002894 Abacus Mining & Exploration Corporation-f1-02446208_1-1-1,2016-02-19,FS,7076.830199999999,6835.748198991188,645.9499463141447,7481.698145305332,6189.798252677043,8127.648091619477,5543.848306362898
205,2016-000022162 Golden Dawn Minerals Inc-f1-02487437_2-1-1,2016-03-24,,6613.86,6821.969323991187,644.6232340924578,7466.592558083645,6177.346089898729,8111.215792176103,5532.722855806271
206,2016-000008502 Entree Gold Inc-f1-02463061_1-1-1,2016-03-29,FS,6790.2296,6840.157438991188,632.8064928563311,7472.963931847519,6207.350946134858,8105.770424703851,5574.544453278526
207,2016-000029998 Falco Resources Ltd. ( Falco Pacific Resource Group Inc.)-f1-02500830_2-1-1,2016-04-28,,6283.167,6793.309263991187,601.3967635689426,7394.70602756013,6191.912500422245,7996.102791129073,5590.515736853302
208,2016-000030584 Atalaya Mining plc ( EMED Mining Public Limited)-f1-02537909_1-1-1,2016-04-30,PFS,6349.3056,6775.672303991187,603.8715337944205,7379.543837785607,6171.800770196766,7983.415371580028,5567.929236402346
209,2016-000019503 Panoro Minerals Ltd-f1-02498568_1-1-1,2016-05-02,PEA,6613.86,6791.018803991186,591.3233190798272,7382.342123071014,6199.695484911359,7973.665442150841,5608.372165831532
210,2016-000033595 Ivanhoe Mines Ltd-f1-02490485_3-1-1,2016-05-12,,6614.0,6791.022303991187,591.3222440160873,7382.344548007274,6199.7000599751,7973.666792023361,5608.377815959013
211,2016-000003859 Asiamet Resources Limited ( Kalimantan Gold Corporation Limited)-f1-02486851_1-1-1,2016-05-19,PEA,7165.014999999999,6804.801178991188,593.5056134208965,7398.306792412084,6211.295565570292,7991.812405832981,5617.789952149395
212,2016-000024066 AQM Copper Inc-f1-02506315_1-1-1,2016-06-01,PFS,6613.86,6807.556953991187,592.3260903253546,7399.883044316542,6215.230863665832,7992.209134641896,5622.904773340478
213,2016-000036217 Heron Resources Limited-f1-02509900_1-1-1,2016-07-19,FS,6613.86,6821.335828991188,580.8543105808765,7402.190139572064,6240.481518410311,7983.04445015294,5659.627207829435
214,2016-000000204 GoldQuest Mining Corp-f1-02552025_1-1-1,2016-09-27,,5511.549999999999,6779.999203991187,613.6764443840104,7393.675648375197,6166.3227596071765,8007.352092759207,5552.646315223166
215,2016-000032329 Copper North Mining Corp-f1-02557849_2-1-1,2016-10-12,PEA,5511.549999999999,6717.167533991187,611.6147635951281,7328.7822975863155,6105.552770396059,7940.397061181444,5493.93800680093
216,2016-000030617 K92 Mining Inc-f1-02541048_1-4-1,2016-11-25,,4800.0,6636.547113991188,646.3790824020734,7282.926196393261,5990.168031589114,7929.305278795335,5343.788949187041
217,2017-000025928 Excelsior Mining Corp-f1-02563670_1-3-1,2016-12-17,,6062.705,6590.801248991188,619.397993274079,7210.1992422652675,5971.403255717109,7829.597235539346,5352.00526244303
218,2017-000008895 Katanga Mining Limited-f1-02605929_1-1-1,2016-12-31,PFS,5685.0,6567.579748991187,635.7082818116362,7203.288030802823,5931.8714671795515,7838.996312614459,5296.1631853679155
219,2017-000003212 Taseko Mines Limited-f1-02591172_1-1-1,2017-01-16,,6613.86,6564.272818991187,635.0993750198566,7199.372194011044,5929.17344397133,7834.4715690309,5294.074068951473
220,2017-000010750 Geologix Explorations Inc-f1-02587974_1-1-1,2017-01-19,PEA,5511.549999999999,6570.886678991187,622.2777384296875,7193.164417420875,5948.608940561499,7815.442155850562,5326.3312021318125
221,2017-000020943 Strongbow Exploration Inc-f1-02585313_1-2-1,2017-02-16,,5842.243,6529.550053991187,614.1333739411906,7143.6834279323775,5915.416680049997,7757.816801873569,5301.283306108806
222,2017-000031780 Mariana Resources Limited-f1-02593534_1-1-1,2017-03-01,,6062.705,6515.771178991187,618.361650055947,7134.132829047135,5897.40952893524,7752.494479103081,5279.047878879293
223,2017-000020880 Rosita Mining Corporation-f1-02613443_1-1-1,2017-03-06,PEA,5511.549999999999,6496.480753991187,637.5422506365041,7134.023004627691,5858.938503354683,7771.565255264195,5221.396252718179
224,2017-000001691 Hudbay Minerals Inc. ( HudBay Minerals Inc.)-f1-02604944_1-1-2,2017-03-30,FS,6613.86,6510.049669999999,634.0228110639624,7144.072481063962,5876.026858936037,7778.095292127924,5242.004047872075
225,2017-000007875 Skeena Resources Limited-f1-02630480_1-1-1,2017-04-20,PEA,6062.705,6482.4919199999995,628.7589028762856,7111.250822876285,5853.733017123714,7740.00972575257,5224.974114247429
226,2017-000022162 Golden Dawn Minerals Inc-f1-02592894_2-12-1,2017-05-05,PEA,5180.857,6432.88797,651.3923193753765,7084.280289375376,5781.4956506246235,7735.672608750752,5130.103331249247
227,2019-000039579 BMC Minerals (No.1) Ltd-f1-02904658_4-1-1,2017-05-31,PFS,6503.629,6414.1487,637.8291022054915,7051.977802205492,5776.319597794508,7689.8069044109825,5138.490495589017
228,2019-000039579 BMC Minerals (No.1) Ltd-f1-02899896_1-1-1,2017-05-31,PFS,6503.629,6383.835175,602.1798744754539,6986.015049475454,5781.655300524546,7588.194923950908,5179.475426049093
229,2017-000043429 Ero Copper Corp-f1-02673886_1-1-2,2017-06-01,FS,6614.0,6356.280925,563.635036961764,6919.915961961764,5792.645888038236,7483.550998923528,5229.010851076472
230,2017-000037111 Desert Star Resources Ltd-f1-02654496_1-1-1,2017-06-15,PFS,6062.705,6356.280925,563.635036961764,6919.915961961764,5792.645888038236,7483.550998923528,5229.010851076472
231,2017-000037372 AuRico Metals Inc-f1-02649947_1-1-1,2017-07-14,,6613.86,6344.127425000001,552.3148107229612,6896.442235722961,5791.81261427704,7448.757046445923,5239.497803554078
232,2017-000002154 Karmin Exploration Inc-f1-02684450_2-1-1,2017-07-31,,6040.6588,6329.797395,552.5729539852845,6882.370348985284,5777.224441014715,7434.943302970569,5224.65148702943
233,2018-000003031 Sierra Metals Inc. ( Dia Bras Exploration Inc.)-f1-02805626_4-1-1,2017-07-31,,5732.012,6313.262745,560.4600780645093,6873.72282306451,5752.80266693549,7434.182901129018,5192.342588870982
234,2017-000043521 VM Holding S.A-f1-02677003_1-1-5,2017-08-02,PEA,6040.6588,6298.932715,559.9048608694195,6858.837575869419,5739.027854130581,7418.742436738839,5179.12299326116
235,2017-000023668 McEwen Mining Inc. ( US Gold Corporation)-f1-02683877_1-1-1,2017-09-01,PEA,6613.86,6298.932715,559.9048608694195,6858.837575869419,5739.027854130581,7418.742436738839,5179.12299326116
236,2017-000007056 eCobalt Solutions Inc-f1-02693937_1-1-1,2017-09-27,,5732.012,6263.10764,548.8030754319253,6811.910715431925,5714.304564568075,7360.713790863851,5165.50148913615
237,2017-000029998 Falco Resources Ltd. ( Falco Pacific Resource Group Inc.)-f1-02687669_1-1-1,2017-10-05,,6613.86,6244.368369999999,522.4321219692372,6766.800491969237,5721.936248030762,7289.232613938473,5199.504126061525
238,2017-000032328 NorthIsle Copper and Gold Inc-f1-02686281_2-1-1,2017-10-24,PEA,6834.322,6249.87992,527.5678032525452,6777.447723252546,5722.312116747455,7305.015526505091,5194.74431349491
239,2018-000003031 Sierra Metals Inc. ( Dia Bras Exploration Inc.)-f1-02810331_5-1-1,2017-10-31,,6613.86,6261.454175,530.4112486176904,6791.86542361769,5731.04292638231,7322.276672235381,5200.631677764619
240,2017-000004947 Yorbeau Resources Inc-f1-02711026_2-1-1,2017-12-06,,7716.17,6289.011925000001,575.8770055728804,6864.888930572881,5713.134919427121,7440.765936145762,5137.25791385424
241,2018-000008895 Katanga Mining Limited-f1-02752550_1-1-1,2017-12-31,OTHER,6500.0,6286.165425,574.5099202425491,6860.675345242549,5711.655504757451,7435.185265485098,5137.145584514902
242,2018-000008808 Aura Minerals Inc-f1-02820570_1-1-1,2018-01-31,FS,6746.1372,6289.472355,576.820577305037,6866.292932305037,5712.651777694963,7443.113509610073,5135.831200389926
243,2018-000029868 Tahoe Resources Inc-f1-02730867_1-1-1,2018-02-20,PEA,7275.245999999999,6311.518555,597.3802830351791,6908.898838035178,5714.138271964821,7506.279121070358,5116.757988929641
244,2018-000031478 Lupaka Gold Corp-f1-02756702_1-1-1,2018-03-01,,6613.86,6299.9443,586.5591713882758,6886.503471388276,5713.385128611724,7473.062642776552,5126.825957223448
245,2018-000005247 Deep-South Resources Inc-f1-02736873_2-1-1,2018-03-02,PEA,6613.86,6299.9443,586.5591713882758,6886.503471388276,5713.385128611724,7473.062642776552,5126.825957223448
246,2018-000004884 Nevsun Resources Ltd-f1-02771114_1-1-1,2018-03-08,,6944.553,6303.802385,590.36190786307,6894.16429286307,5713.44047713693,7484.52620072614,5123.07856927386
247,2018-000012057 Gold Reserve Inc-f1-02754631_1-1-1,2018-03-16,PEA,6613.86,6312.06971,592.377566425688,6904.447276425688,5719.692143574312,7496.824842851376,5127.314577148623
248,2018-000005623 Cardero Resource Corp-f1-02737920_1-2-1,2018-03-22,PEA,6613.86,6318.68357,594.2777820834424,6912.961352083443,5724.4057879165575,7507.2391341668845,5130.128005833116
249,2018-000005277 Polymet Mining Corp-f1-02745589_1-1-1,2018-03-26,FS,7098.8764,6330.80898,605.3006863151853,6936.109666315185,5725.508293684815,7541.410352630371,5120.207607369629
250,2018-000005208 Telson Mining Corporation-f1-02753739_1-1-1,2018-03-30,,6274.2,6322.31398,603.6064419780733,6925.920421978073,5718.707538021927,7529.526863956146,5115.101096043853
251,2018-000007860 Torex Gold Resources Inc-f1-02819812_1-1-1,2018-03-31,PEA,6613.86,6308.535105,590.0140917899469,6898.549196789947,5718.521013210053,7488.563288579893,5128.506921420107
252,2018-000034410 East Africa Metals Inc-f1-02785045_1-1-1,2018-04-30,,7054.784,6319.558204999999,599.9006816165377,6919.458886616537,5719.657523383462,7519.359568233074,5119.7568417669245
253,2018-000034410 East Africa Metals Inc-f1-02785058_3-1-1,2018-04-30,PEA,6613.86,6319.558204999999,599.9006816165377,6919.458886616537,5719.657523383462,7519.359568233074,5119.7568417669245
254,2018-000031889 Callinex Mines Inc-f1-02792445_2-1-1,2018-05-14,PEA,5089.166329861651,6308.99861324654,617.9345038792362,6926.933117125776,5691.064109367304,7544.867621005013,5073.129605488068
255,2018-000023055 Rockhaven Resources Ltd-f1-02802389_1-1-1,2018-06-05,PEA,2425.082,6231.836913246541,863.8406465449206,7095.677559791462,5367.996266701621,7959.518206336383,4504.1556201567
256,2018-000019503 Panoro Minerals Ltd-f1-02789096_1-1-1,2018-06-11,PEA,7054.784,6288.206513246541,841.2839627250613,7129.490475971603,5446.92255052148,7970.774438696664,4605.6385877964185
257,2018-000025132 Coro Mining Corp-f1-02792182_2-1-1,2018-06-13,FS,6613.86,6301.985388246541,842.0091128184694,7143.994501065011,5459.976275428072,7986.00361388348,4617.967162609602
258,2018-000024140 Highland Copper Company Inc-f1-02801230_1-1-1,2018-06-14,,6834.322,6330.718438246541,840.0226228503641,7170.7410610969055,5490.695815396177,8010.763683947269,4650.673192545813
259,2018-000003467 Aurcana Corporation-f1-02825402_2-1-1,2018-06-15,,0.0,6165.371938246541,1305.0604708161543,7470.432409062695,4860.311467430386,8775.49287987885,3555.250996614232
260,2018-000004884 Nevsun Resources Ltd-f1-02803204_2-1-1,2018-06-19,,6944.553,6201.197013246541,1306.3202676681308,7507.517280914672,4894.876745578411,8813.837548582804,3588.5564779102797
261,2018-000001604 Lumina Gold Corp-f1-02789909_2-10-1,2018-06-27,PEA,7165.014999999999,6234.26631324654,1313.722319828086,7547.988633074627,4920.543993418454,8861.710952902713,3606.8216735903684
262,2018-000009698 Minera Alamos Inc-f1-02858872_2-1-1,2018-07-13,PEA,5725.0,6225.823688246541,1315.936390675849,7541.76007892239,4909.887297570692,8857.696469598239,3593.950906894843
263,2018-000008846 Great Panther Silver Limited-f1-02795635_3-1-1,2018-07-13,,6613.86,6253.381438246541,1312.1313927524186,7565.5128309989595,4941.250045494122,8877.644223751378,3629.1186527417035
264,2018-000013198 Nevada Copper Corp-f1-02830221_1-1-1,2018-08-17,FS,7054.784,6264.404538246541,1317.0801409057724,7581.484679152313,4947.324397340769,8898.564820058085,3630.2442564349963
265,2018-000005627 Azarga Metals Corp-f1-02830929_2-1-1,2018-08-30,PEA,7165.014999999999,6291.962288246542,1324.2641219420482,7616.22641018859,4967.6981663044935,8940.490532130638,3643.4340443624455
266,2018-000017006 Aquila Resources Inc-f1-02820553_2-1-1,2018-08-30,FS,6613.86,6327.787363246541,1312.7683496822146,7640.555712928755,5015.019013564326,8953.32406261097,3702.2506638821114
267,2018-000025279 Copper Mountain Mining Corporation-f1-02843445_2-1-1,2018-10-01,FS,6790.2296,6334.952378246541,1314.5336298931918,7649.486008139733,5020.41874835335,8964.019638032925,3705.8851184601576
268,2018-000010633 Sprott Resource Holdings Inc. ( Adriana Resources Inc. )-f1-02856944_2-1-1,2018-10-04,FS,6062.705,6323.929278246541,1314.931551144132,7638.860829390673,5008.997727102409,8953.792380534805,3694.0661759582767
269,"2018-000043521 Nexa Resources S.A. (, VM Holding S.A.)-f1-02832441_1-1-1",2018-10-15,,6591.8138,6323.374623246541,1314.8107319313083,7638.1853551778495,5008.5638913152325,8952.996087109157,3693.7531593839244
270,2018-000002899 NGEx Resources Inc-f1-02858390_2-1-1,2018-11-20,PFS,6613.86,6337.153498246541,1314.8969149128066,7652.050413159348,5022.256583333734,8966.947328072154,3707.359668420928
271,2020-000008938 THEMAC Resources Group Limited-f1-03043389_1-1-1,2018-12-11,FS,7165.014999999999,6350.932373246541,1320.7456699130005,7671.678043159542,5030.18670333354,8992.423713072541,3709.44103342054
272,2019-000008895 Katanga Mining Limited-f1-02983049_1-1-1,2018-12-31,OTHER,6500.0,6362.415903246541,1319.9754510907212,7682.391354337263,5042.44045215582,9002.366805427984,3722.465001065099
273,2019-000039553 Filo Mining Corp-f1-02877026_1-1-1,2019-01-13,PFS,6613.86,6384.462103246541,1316.5363076297735,7700.998410876315,5067.925795616768,9017.53471850609,3751.389487986994
274,2019-000032588 Toachi Mining Inc-f1-02930919_1-1-1,2019-03-30,,5908.3816,6381.1551732465405,1317.5877397515205,7698.742912998061,5063.56743349502,9016.33065274958,3745.9796937434994
275,2019-000012585 Americas Silver Corporation-f1-02918824_1-1-1,2019-04-03,,6613.86,6381.155173246541,1317.5877397515205,7698.742912998062,5063.567433495021,9016.330652749582,3745.9796937435003
276,2020-000024599 Sama Resources Inc-f1-_1-Ressources Sama Inc__-03067250 -1-,2019-05-22,PEA,966.0,6262.004873246541,1569.256786010498,7831.261659257039,4692.748087236043,9400.518445267537,3123.491301225545
277,2019-000025085 Sandspring Resources Ltd-f1-02941780_1-1-1,2019-06-11,PEA,6613.86,6262.004873246541,1569.256786010498,7831.261659257039,4692.748087236043,9400.518445267537,3123.491301225545
278,2019-000024140 Highland Copper Company Inc-f1-02983645_1-1-1,2019-09-22,,6613.86,6256.493323246541,1567.5814100355376,7824.074733282078,4688.911913211004,9391.656143317616,3121.3305031754658
279,2019-000015722 Platinum Group Metals Ltd-f1-02973302_1-1-1,2019-10-04,,6327.2594,6249.3283082465405,1566.5607520513377,7815.889060297878,4682.767556195203,9382.449812349216,3116.206804143865
280,2019-000005643 American CuMo Mining Corporation-f1-02992459_1-1-1,2019-11-01,PEA,6613.86,6221.7705582465405,1549.7003236115042,7771.470881858045,4672.070234635036,9321.171205469549,3122.369911023532
281,2020-000026264 Ascendant Resources Inc-f1-03022181_1-1-1,2019-12-19,,5952.474,6208.082408246541,1549.597855384443,7757.680263630984,4658.484552862097,9307.278119015427,3108.8866974776547
282,"2020-000043521 Nexa Resources S.A. (, VM Holding S.A.)-f1-03026212_1-1-1",2019-12-31,,6503.629,6202.019703246541,1547.9122548208825,7749.931958067424,4654.107448425659,9297.844212888307,3106.1951936047763
283,2020-000003212 Taseko Mines Limited-f1-03007907_1-2-1,2019-12-31,PFS,6834.322,6190.996603246541,1541.6307778840364,7732.627381130577,4649.365825362504,9274.258159014615,3107.735047478468
284,2020-000047809 Jervois Mining Limited-f1-03135491_1-1-1,2020-01-20,,6613.86,6190.996603246541,1541.6307778840364,7732.627381130577,4649.365825362504,9274.258159014615,3107.735047478468
285,2020-000025546 Argonaut Gold Inc-f1-03014070_1-1-1,2020-01-31,PFS,6000.0,6175.650103246541,1540.368241064305,7716.018344310846,4635.281862182236,9256.386585375152,3094.913621117931
286,2020-000048037 Tethyan Resource Corp-f1-03084677_1-1-1,2020-04-30,PEA,6500.0,6164.536278246541,1536.2766253288898,7700.812903575431,4628.259652917651,9237.08952890432,3091.983027588761
287,"2020-000025132 Marimaca Copper Corp. (, Coro Mining Corp.)-f1-03114720_1-1-1",2020-08-04,PEA,6944.553,6172.803603246541,1539.642726160374,7712.446329406915,4633.160877086167,9252.089055567289,3093.5181509257927
288,2020-000033050 Trilogy Metals Inc. ( NovaCopper Inc.)-f1-03119913_1-1-1,2020-08-20,FS,6613.86,6172.803603246541,1539.642726160374,7712.446329406915,4633.160877086167,9252.089055567289,3093.5181509257927
289,2020-000005620 Troilus Gold Corp-f1-03122905_2-1-1,2020-08-31,PEA,6613.86,6160.678193246541,1534.062213678801,7694.7404069253425,4626.6159795677395,9228.802620604143,3092.553765888939
290,2020-000002899 Josemaria Resources Inc-f1-03131257_1-1-1,2020-09-28,FS,6613.86,6169.169693246541,1535.6459466790564,7704.815639925598,4633.5237465674845,9240.461586604653,3097.8777998884284
291,2021-000008433 Metallum Resources Inc-f1-03288400_1-1-1,2020-10-15,,7300.0,6186.323193246541,1544.546971003293,7730.8701642498345,4641.776222243248,9275.417135253127,3097.2292512399554
292,"2020-000011551 Sandfire Resources America Inc. (, Tintina Resources Inc.)-f1-03149838_1-1-1",2020-10-19,,7054.784,6186.3231932465405,1544.546971003293,7730.870164249834,4641.7762222432475,9275.417135253127,3097.2292512399545
293,2020-000006237 First Quantum Minerals Ltd-f1-03144495_3-1-1,2020-10-30,OTHER,6613.86,6186.323193246541,1544.546971003293,7730.8701642498345,4641.776222243248,9275.417135253127,3097.2292512399554
294,2022-000005697 Aris Gold Corporation ( Caldas Gold Corp.)-f1-03352739_1-1-1,2021-01-01,,6613.86,6224.440535,1535.5639217075486,7760.004456707548,4688.876613292451,9295.568378415097,3153.3126915849025
295,2021-000031522 Rockcliff Metals Corporation-f1-03163342_1-1-1,2021-01-12,,6944.553,6337.42731,1409.9745586004403,7747.40186860044,4927.45275139956,9157.376427200881,3517.4781927991194
296,2021-000029249 GoGold Resources Inc-f1-03176062_1-1-1,2021-01-20,PEA,6613.86,6326.40421,1405.940291636118,7732.3445016361175,4920.463918363882,9138.284793272236,3514.5236267277637
297,2021-000030536 Braveheart Resources Inc-f1-03176084_1-1-1,2021-01-21,PEA,7672.0776,6352.859649999999,1421.3596458511852,7774.219295851184,4931.500004148815,9195.57894170237,3510.140358297629
298,2021-000025297 SANDSTORM GOLD LTD-f1-03318282_1-1-1,2021-02-28,,7032.7378,6357.8200449999995,1423.427702584835,7781.2477475848345,4934.392342415164,9204.67545016967,3510.9646398303294
299,2021-000050209 1246778 B.C. LTD-f1-03239369_1-1-1,2021-03-31,PEA,6834.322,6528.678095,982.6336930435856,7511.311788043586,5546.044401956415,8493.945481087172,4563.410708912829
300,2021-000018939 Euro Sun Mining Inc-f1-03198456_1-2-1,2021-04-14,FS,6613.86,6520.4107699999995,980.4337094616301,7500.84447946163,5539.977060538369,8481.27818892326,4559.54335107674
301,2021-000048095 Arizona Sonoran Copper Company Inc-f1-03285858_1-1-1,2021-08-31,PEA,7385.477,6525.92232,984.7604155966243,7510.682735596624,5541.161904403375,8495.443151193249,4556.401488806751
302,2021-000043429 Ero Copper Corp-f1-03301311_3-1-1,2021-08-31,FS,7495.708,6570.19002,987.6285051192938,7557.818525119294,5582.561514880706,8545.447030238587,4594.933009761413
303,2021-000003151 Northern Dynasty Minerals Ltd-f1-03277351_2-2-1,2021-09-09,PEA,7716.17,6597.747769999999,1004.1194428497621,7601.867212849761,5593.628327150237,8605.986655699524,4589.508884300475
304,2021-000020511 COPPER FOX METALS INC-f1-03296960_3-1-1,2021-09-10,PEA,7165.014999999999,6600.503545,1005.5561618113347,7606.059706811335,5594.947383188664,8611.61586862267,4589.39122137733
305,2021-000026107 Mexican Gold Mining Corp-f1-03280410_1-1-1,2021-09-18,,7165.014999999999,6600.503545,1005.5561618113347,7606.059706811335,5594.947383188664,8611.61586862267,4589.39122137733
306,2021-000003851 Salazar Resources Limited-f1-03291760_1-2-1,2021-10-26,FS,7716.17,6628.0612949999995,1020.9189004209553,7648.980195420955,5607.142394579044,8669.89909584191,4586.223494158089
307,2021-000037111 Kutcho Copper Corp. ( Desert Star Resources Ltd.)-f1-03321014_1-1-1,2021-11-08,FS,7716.17,6651.209805,1035.0893495729401,7686.29915457294,5616.120455427061,8721.388504145882,4581.03110585412
308,"2022-000005465 Clean Air Metals Inc. (, Regency Gold Corp.)-f1-03325993_1-1-1",2021-12-01,,5322.09046875,6632.69444171875,1052.3660285008332,7685.060470219583,5580.328413217916,8737.426498720415,4527.962384717083
309,2022-000003093 Orvana Minerals Corp-f1-03337903_1-1-1,2021-12-29,PEA,7165.014999999999,6647.02447171875,1055.692457393111,7702.716929111861,5591.332014325639,8758.409386504973,4535.639556932528
310,"2022-000023797 Sedibelo Platinum Mines Limited (, Platmin Limited)-f1-03392820_1-1-1",2021-12-31,,7160.0,6660.67797171875,1058.7796955810406,7719.457667299791,5601.898276137709,8778.237362880831,4543.118580556669
311,"2022-000023797 Sedibelo Platinum Mines Limited (, Platmin Limited)-f1-03392820_1-1-3",2021-12-31,PFS,8057.0,6682.97759671875,1078.876810828254,7761.854407547004,5604.100785890496,8840.731218375258,4525.223975062241
312,"2022-000023797 Sedibelo Platinum Mines Limited (, Platmin Limited)-f1-03392820_1-1-2",2021-12-31,,8057.0,6721.90259671875,1099.9869729251066,7821.889569643857,5621.915623793643,8921.876542568963,4521.928650868536
313,2022-000030617 K92 Mining Inc-f1-03449414_3-1-1,2022-01-01,,8818.48,6777.01809671875,1148.59264113184,7925.610737850589,5628.42545558691,9074.20337898243,4479.83281445507
314,2022-000030266 Cordoba Minerals Corp-f1-03325638_1-1-1,2022-01-11,PFS,7936.632,6827.72435671875,1154.0193661925446,7981.743722911295,5673.704990526205,9135.763089103839,4519.685624333661
315,2022-000031036 GoldMining Inc. ( Brazil Resources Inc.)-f1-03343368_1-1-1,2022-01-12,PEA,7473.6618,6849.21940171875,1157.9345331957836,8007.153934914534,5691.2848685229665,9165.088468110318,4533.350335327183
316,2022-000031900 Magna Mining Inc-f1-03352191_1-1-1,2022-01-31,FS,8708.249,7042.775626718749,709.5835357230877,7752.359162441837,6333.192090995661,8461.942698164925,5623.6085552725735
317,2022-000031522 Rockcliff Metals Corporation-f1-03340402_1-1-1,2022-02-01,,8289.3712,7084.66340671875,732.692460697399,7817.355867416149,6351.970946021351,8550.048328113548,5619.278485323952
318,2022-000024614 World Copper Ltd. ( Allante Resources Ltd.)-f1-03353414_1-1-1,2022-02-15,PEA,7936.632,7117.732706718751,740.7055356058637,7858.438242324614,6377.027171112887,8599.143777930478,5636.3216355070235
319,2022-000008072 Spruce Ridge Resources Ltd-f1-03366701_1-1-1,2022-03-09,PEA,8818.48,7180.013221718749,776.4099124459964,7956.4231341647455,6403.603309272753,8732.833046610742,5627.193396826757
320,2022-000013027 Cornerstone Capital Resources Inc-f1-03395605_1-1-1,2022-03-31,PFS,7936.632,7213.082521718749,779.8402383183641,7992.922760037113,6433.2422834003855,8772.762998355478,5653.402045082021
321,2023-000003353 Excellon Resources Inc-f1-03481561_1-1-1,2022-03-31,,8708.249,7281.97689671875,787.3098085544807,8069.286705273231,6494.667088164269,8856.596513827712,5707.357279609789
322,2022-000007860 Torex Gold Resources Inc-f1-03362904_1-1-1,2022-04-01,FS,7716.17,7312.290421718749,779.8808992221609,8092.17132094091,6532.409522496588,8872.05222016307,5752.528623274427
323,2022-000044770 Xanadu Mines Ltd-f1-03401997_2-1-1,2022-04-04,PEA,8818.48,7361.89437171875,811.1733448629499,8173.067716581701,6550.7210268558,8984.24106144465,5739.547681992851
324,2022-000001691 Hudbay Minerals Inc. ( HudBay Minerals Inc.)-f1-03409501_1-1-1,2022-05-01,PEA,7716.17,7389.45212171875,803.7996981859411,8193.251819904692,6585.652423532809,8997.051518090633,5781.852725346868
325,2022-000045813 Dore Copper Mining Corp-f1-03399661_1-1-1,2022-05-09,,8267.324999999999,7446.135246718751,782.9796598666518,8229.114906585402,6663.155586852099,9012.094566452055,5880.175926985447
326,2022-000032247 Tartisan Nickel Corp-f1-03427839_1-1-1,2022-07-06,,8818.48,7504.09724671875,796.8367468139095,8300.93399353266,6707.260499904841,9097.770740346568,5910.423753090931
327,2022-000007638 Southern Silver Exploration Corp-f1-03445449_1-1-1,2022-10-13,,8333.4636,7538.82001171875,802.0731984211399,8340.89321013989,6736.74681329761,9142.96640856103,5934.67361487647
328,2023-000030584 Atalaya Mining plc-f1-03508573_1-1-1,2022-10-31,PEA,7716.17,7566.37776171875,788.2967686168229,8354.674530335573,6778.080993101927,9142.971298952396,5989.784224485104
329,2023-000029200 Silver X Mining Corp-f1-03516759_1-1-1,2022-10-31,,9127.15,7629.210011718749,810.2842845356807,8439.49429625443,6818.925727183068,9249.778580790111,6008.6414426473875
330,2024-000004321 Energy Fuels Inc-f1-06100326_1-1-1,2022-12-31,,8818.48,7684.325511718749,814.4178819943395,8498.743393713088,6869.90762972441,9313.161275707429,6055.48974773007
331,2023-000005955 NorthWest Copper Corp. ( _Serengeti Resources Inc._)-f1-03493519_1-1-1,2023-01-04,PEA,8002.770599999999,7701.894776718749,813.4941568567144,8515.388933575463,6888.400619862035,9328.883090432179,6074.90646300532
332,2023-000033050 Trilogy Metals Inc-f1-03491294_1-1-1,2023-01-20,FS,8046.862999999999,7726.6967517187495,808.3662248481205,8535.062976566871,6918.330526870629,9343.42920141499,6109.9643020225085
333,2023-000020073 CERRO DE PASCO RESOURCES INC. ( Genius Properties Ltd.)-f1-03518451_1-1-1,2023-01-31,PEA,9002.0,7786.40025171875,812.2490872238579,8598.649338942609,6974.151164494892,9410.898426166466,6161.902077271034
334,2023-000008633 Los Andes Copper Ltd-f1-03518173_1-1-1,2023-02-20,PFS,8113.0016,7823.878791718749,791.0691688860538,8614.947960604803,7032.809622832696,9406.017129490858,6241.7404539466415
335,2023-000040264 Meridian Mining UK Societas-f1-03514796_1-1-1,2023-03-01,PEA,7914.585799999999,7848.12961171875,778.1852094994338,8626.314821218184,7069.9444022193165,9404.500030717618,6291.759192719883
336,2023-000001604 Lumina Gold Corp-f1-03546687_1-1-1,2023-04-07,PFS,8267.324999999999,7889.466236718748,754.495437235387,8643.961673954136,7134.970799483362,9398.457111189522,6380.475362247975
337,2023-000023668 McEwen Mining Inc. ( US Gold Corporation)-f1-03551473_1-1-1,2023-05-09,PEA,8267.324999999999,7904.3474217187495,755.9665686965317,8660.313990415281,7148.380853022218,9416.280559111812,6392.414284325686
338,2023-000029249 GoGold Resources Inc-f1-03557381_1-1-1,2023-05-17,PEA,8818.48,7948.990976718749,755.9023445332956,8704.893321252044,7193.088632185453,9460.795665785341,6437.186287652158
339,2023-000016002 Surge Copper Corp-f1-06001766_1-1-1,2023-06-12,PEA,8818.48,7998.594926718751,745.916197673047,8744.511124391798,7252.678729045703,9490.427322064845,6506.762531372657
340,2023-000053528 Hot Chili Limited-f1-06008707_1-1-1,2023-06-28,PEA,8487.787,8045.44310171875,714.9193246819265,8760.362426400676,7330.523777036823,9475.281751082603,6615.604452354897
341,2023-000009850 New Age Metals Inc-f1-06008684_1-3-1,2023-06-29,PEA,6637.422851121481,8026.741747996787,741.9007490599972,8768.642497056784,7284.84099893679,9510.543246116782,6542.940249876792
342,2023-000001691 Hudbay Minerals Inc. ( HudBay Minerals Inc.)-f1-06024854_1-1-1,2023-07-01,PFS,8267.324999999999,8046.032172996786,737.7590944541294,8783.791267450915,7308.2730785426575,9521.550361905045,6570.513984088528
343,2023-000026264 Ascendant Resources Inc-f1-06003352_1-1-1,2023-07-24,,8267.324999999999,8059.811047996787,736.5863387483904,8796.397386745177,7323.224709248397,9532.983725493568,6586.638370500006
344,2023-000055085 Ivanhoe Electric Inc-f1-06025695_2-1-1,2023-07-27,,8377.555999999999,8090.124572996787,723.6546037904143,8813.7791767872,7366.469969206372,9537.433780577616,6642.815365415958
345,2023-000031900 Magna Mining Inc-f1-06026590_1-1-1,2023-07-31,PEA,7716.17,8103.903447996787,710.7198128488394,8814.623260845627,7393.183635147947,9525.343073694465,6682.463822299108
346,2023-000004553 FPX Nickel Corp. ( First Point Minerals Corp.)-f1-06036640_1-1-1,2023-09-06,PFS,7716.17,8103.903447996786,710.7198128488394,8814.623260845625,7393.183635147947,9525.343073694465,6682.463822299107
347,2023-000024464 Nickel Creek Platinum Corp-f1-06033570_1-1-1,2023-09-20,PFS,8818.48,8131.461197996787,716.6461895923919,8848.107387589178,7414.815008404395,9564.753577181571,6698.168818812002
348,2024-000006237 First Quantum Minerals Ltd-f1-06086044_1-1-1,2023-09-30,,8377.555999999999,8207.847836278037,553.8742497785523,8761.722086056589,7653.973586499485,9315.596335835142,7100.099336720932
349,2023-000053453 Gold Resource Corporation-f1-06050160_2-1-1,2023-09-30,PEA,8598.018,8243.672911278036,530.5460585731171,8774.218969851154,7713.126852704919,9304.76502842427,7182.580794131802
350,2023-000026117 Oroco Resource Corp-f1-06059604_2-1-1,2023-10-11,PEA,8487.787,8276.867586278036,501.762405265419,8778.629991543456,7775.105181012617,9280.392396808875,7273.342775747198
351,2023-000030449 Silver Tiger Metals Inc-f1-06064060_2-1-1,2023-10-27,PEA,8818.48,8295.904586278037,507.61788825579896,8803.522474533836,7788.286698022238,9311.140362789634,7280.668809766439
352,2024-000030266 Cordoba Minerals Corp-f1-06064213_1-3-1,2023-12-18,FS,8796.4338,8314.390431278036,512.1384511434202,8826.528882421457,7802.251980134616,9338.667333564876,7290.113528991195
353,2024-000030617 K92 Mining Inc-f1-06213452_1-1-1,2024-01-01,,9920.79,8341.948181278038,566.7084908427399,8908.656672120778,7775.239690435298,9475.365162963517,7208.531199592558
354,2024-000005781 Barksdale Resources Corp-f1-06148611_1-1-1,2024-01-02,PEA,8818.48,8363.994381278037,567.6885657626384,8931.682947040676,7796.3058155153985,9499.371512803313,7228.61724975276
355,2024-000005703 Lion Copper and Gold Corp-f1-06095850_1-1-1,2024-01-30,PEA,8487.787,8389.347511278036,549.252715160614,8938.60022643865,7840.094796117422,9487.852941599263,7290.842080956808
356,2024-000004926 AVINO SILVER & GOLD MINES LTD-f1-06096510_1-1-1,2024-02-05,PFS,7716.17,8364.545536278038,556.830028454717,8921.375564732754,7807.715507823321,9478.205593187471,7250.885479368604
357,2024-000048095 Arizona Sonoran Copper Company Inc-f1-06104235_1-1-1,2024-02-21,PFS,8598.018,8372.261706278037,557.8990852196772,8930.160791497714,7814.36262105836,9488.059876717392,7256.463535838683
358,2024-000008464 Denarius Metals Corp. ( Denarius Silver Corp.)-f1-06135102_1-1-1,2024-03-24,,7716.17,8366.750156278036,563.3751808380517,8930.125337116087,7803.374975439984,9493.50051795414,7239.999794601933
359,2024-000020943 Cornish Metals Inc-f1-06124491_1-3-1,2024-04-08,,8000.0,8346.288156278037,561.4078061776049,8907.695962455642,7784.880350100431,9469.103768633246,7223.472543922827
360,2024-000031900 Magna Mining Inc-f1-06198928_2-1-1,2024-04-15,,8818.48,8368.334356278037,562.222600366966,8930.556956645003,7806.111755911072,9492.779557011969,7243.889155544105
361,2024-000005620 Troilus Gold Corp-f1-1_1-.pdf (eec5103ff2cd9904),2024-05-14,FS,8928.711,8373.845906278037,566.703032905077,8940.548939183114,7807.14287337296,9507.25197208819,7240.439840467883
362,2024-000052252 Silver Mountain Resources Inc-f1-06149229_2-1-1,2024-05-15,,8950.8,8404.711656278037,563.5776610259121,8968.28931730395,7841.133995252126,9531.866978329861,7277.556334226213
363,2024-000045664 P2 Gold Inc-f1-06153816_1-1-1,2024-05-17,PEA,9920.79,8432.269406278036,609.4150945031676,9041.684500781203,7822.854311774868,9651.099595284371,7213.439217271701
364,2024-000054671 Aardvark 2 Capital Corp-f1-06206632_1-1-1,2024-05-24,,8245.2788,8445.497126278036,599.128678508288,9044.625804786325,7846.368447769748,9643.754483294611,7247.23976926146
365,2024-000013177 Alta Copper Corp-f1-06144797_1-1-1,2024-05-31,PEA,8818.48,8459.276001278036,601.2599673397233,9060.53596861776,7858.016033938313,9661.795935957483,7256.756066598589
366,2024-000054684 Capstone Copper Corp-f1-06205174_2-1-1,2024-07-01,FS,9105.0806,8466.441016278037,607.3272879766918,9073.768304254729,7859.113728301345,9681.09559223142,7251.786440324653
367,2024-000032350 Atico Mining Corporation-f1-06168420_2-1-1,2024-07-02,,8928.711,8481.322201278035,611.2652601430855,9092.58746142112,7870.05694113495,9703.852721564206,7258.791680991864
368,2024-000033260 Thesis Gold Inc-f1-06193183_2-1-1,2024-08-30,PEA,0.0,8288.417951278036,1471.3594787805944,9759.77743005863,6817.0584724974415,11231.136908839224,5345.698993716847
369,2024-000015722 Platinum Group Metals Ltd-f1-06191474_1-1-1,2024-10-09,,9986.9286,8309.912416278037,1490.0872148743313,9799.999631152368,6819.825201403706,11290.0868460267,5329.737986529375
370,2024-000030449 Silver Tiger Metals Inc-f1-06217254_1-1-1,2024-10-22,PFS,8818.48,8309.912416278037,1490.0872148743313,9799.999631152368,6819.825201403706,11290.0868460267,5329.737986529375
371,2024-000025928 Gunnison Copper Corp-f1-06221611_1-1-1,2024-12-18,PEA,9083.0344,8336.919011278038,1494.1616607419417,9831.08067201998,6842.757350536096,11325.242332761922,5348.595689794154
