,report_id,effective_date,report_type,ag_price_usd_troy_oz,reported_silver_price_rolling_40_mean,reported_silver_price_rolling_40_std,reported_silver_price_upper_1STD,reported_silver_price_lower_1STD,reported_silver_price_upper_2STD,reported_silver_price_lower_2STD
0,2007-000003031 Dia Bras Exploration Inc-f1-01180256_1-1-1,2007-11-09,PEA,10.0,,,,,,
1,2007-000014497 European Goldfields Limited-f1-01186774_3-1-1,2007-11-22,PFS,7.0,,,,,,
2,2007-000003448 Sherwood Copper Corporation-f1-01199204_1-1-1,2007-11-30,PFS,12.24,,,,,,
3,2008-000005815 Norsemont Mining Inc-f1-01200489_1-17-1,2007-12-11,PEA,11.0,,,,,,
4,2008-000003832 Halo Resources Ltd-f1-01204651_1-1-1,2007-12-19,MRE,8.482187406446462,,,,,,
5,2008-000005970 Inca Pacific Resources Inc-f1-01203599_1-2-1,2008-01-17,FS,12.0,,,,,,
6,2008-000003441 Golden Queen Mining Co. Ltd-f1-01212288_1-1-1,2008-01-23,FS,12.0,,,,,,
7,2008-000000880 NovaGold Resources Inc-f1-01212400_1-1-1,2008-01-25,MRE,11.0,,,,,,
8,2008-000010138 PACIFIC RIM MINING CORP-f1-01225097_1-1-1,2008-03-03,,6.0,,,,,,
9,2008-000023611 Linear Metals Corporation-f1-01283852_1-1-1,2008-05-06,MRE,13.5,,,,,,
10,2008-000003277 Atna Resources Ltd-f1-01269132_3-1-1,2008-05-08,FS,12.0,,,,,,
11,2008-000025543 Paramount Gold and Silver Corp-f1-01285714_1-1-1,2008-06-13,MRE,18.0,,,,,,
12,2008-000024059 ATW Venture Corp-f1-01283919_2-1-1,2008-06-13,OTHER,16.07359,,,,,,
13,2008-000021638 Coeur d_Alene Mines Corporation-f1-01296030_2-1-1,2008-06-21,FS,11.0,,,,,,
14,2008-000023502 Silver Eagle Mines Inc-f1-01302075_2-1-1,2008-07-25,,13.82,,,,,,
15,2008-000003827 Wildcat Silver Corporation-f1-01309358_1-1-1,2008-08-07,OTHER,8.0,,,,,,
16,2008-000025279 Copper Mountain Mining Corporation-f1-01321217_2-1-1,2008-09-11,FS,11.34001134001134,,,,,,
17,2008-000017383 Manicouagan Minerals Inc-f1-01321090_1-1-1,2008-09-12,,12.49,,,,,,
18,2008-000003832 Halo Resources Ltd-f1-01328625_2-1-1,2008-09-15,MRE,13.5,,,,,,
19,2008-000001691 HudBay Minerals Inc-f1-01323392_3-1-1,2008-09-19,,12.0,11.57228943732289,2.845643942056239,14.417933379379129,8.726645495266652,17.26357732143537,5.881001553210412
20,2008-000018190 Chesapeake Gold Corp-f1-01333161_1-1-1,2008-10-22,OTHER,5.5,11.28313279745037,3.073865283766186,14.356998081216556,8.209267513684186,17.43086336498274,5.135402229917998
21,2008-000020132 Cogitore Resources Inc-f1-01357048_1-1-1,2008-10-24,,15.0,11.452081306657172,3.1026877617368047,14.554769068393977,8.349393544920368,17.657456830130783,5.246705783183563
22,2008-000023640 Silvermex Resources Ltd-f1-01346935_1-1-1,2008-11-05,MRE,15.0,11.60633864115034,3.1203185505897264,14.726657191740067,8.486020090560615,17.846975742329793,5.365701539970888
23,2008-000006210 SILVERCORP METALS INC-f1-01359371_2-1-1,2008-11-20,,9.5,11.51857453110241,3.0818707925988518,14.600445323701262,8.436703738503557,17.682316116300115,5.354832945904706
24,2008-000013177 Candente Resource Corp-f1-01357519_3-1-1,2008-11-30,PEA,12.0,11.537831549858312,3.018518083259277,14.55634963311759,8.519313466599035,17.574867716376865,5.500795383339758
25,2008-000025315 Andean Resources Limited-f1-01357523_2-1-1,2008-12-01,PFS,13.11,11.598299567171454,2.9735600332374443,14.571859600408898,8.62473953393401,17.545419633646343,5.651179500696565
26,2009-000009013 Apogee Minerals Ltd-f1-01372467_1-1-1,2008-12-01,MRE,14.38,11.701325509128067,2.9645518001646236,14.66587730929269,8.736773708963444,17.630429109457314,5.772221908798819
27,2009-000025324 GOLDEN PREDATOR MINES INC-f1-01373188_1-1-1,2009-01-19,OTHER,13.5,11.765563883802063,2.928926220702445,14.694490104504508,8.836637663099618,17.623416325206954,5.907711442397173
28,"2009-000006010 Redhawk Resources, Inc-f1-01380852_1-1-1",2009-02-18,PEA,10.0,11.70468237056751,2.8947746235823804,14.59945699414989,8.809907746985129,17.494231617732268,5.915133123402748
29,2009-000005733 Sabina Silver Corporation-f1-01407382_1-1-1,2009-02-26,MRE,9.637006103437198,11.635759828329833,2.869368181314252,14.505128009644086,8.766391647015581,17.37449619095834,5.897023465701329
30,2009-000014092 Skyline Gold Corporation-f1-01384343_1-1-1,2009-03-04,PEA,15.0,11.744283704835322,2.885122473344793,14.629406178180115,8.859161231490528,17.51452865152491,5.974038758145736
31,2009-000006087 Gabriel Resources Ltd-f1-01384149_1-1-1,2009-03-04,FS,10.5,11.705399839059218,2.846717464274269,14.552117303333487,8.85868237478495,17.398834767607756,6.01196491051068
32,2009-000025297 Sandstorm Resources Ltd-f1-01386230_1-3-1,2009-03-06,PFS,11.95,11.712811965148333,2.802207980966894,14.515019946115228,8.910603984181439,17.317227927082122,6.108396003214545
33,2009-000024750 South American Silver Corp-f1-01389824_1-1-1,2009-03-13,PEA,13.3,11.759493966173382,2.772816634593195,14.532310600766577,8.986677331580188,17.305127235359773,6.213860696986992
34,2009-000003456 Gold Hawk Resources Inc-f1-01400028_1-1-1,2009-03-30,,12.0,11.766365567139857,2.732038074783908,14.498403641923765,9.03432749235595,17.230441716707674,6.302289417572041
35,2009-000026184 Troy Resources NL-f1-01435696_1-1-1,2009-05-06,FS,11.96,11.771744301385972,2.69291951084309,14.464663812229063,9.078824790542882,17.157583323072153,6.385905279699792
36,2009-000006455 Ely Gold & Minerals Inc-f1-01424660_1-1-1,2009-05-08,PEA,13.0,11.804940401348514,2.662921228953509,14.467861630302023,9.142019172395004,17.130782859255532,6.479097943441496
37,2009-000013503 Bear Creek Mining Corporation-f1-01430460_1-1-1,2009-05-26,PEA,13.0,11.836389338155133,2.63383373374013,14.470223071895262,9.202555604415004,17.104056805635395,6.568721870674873
38,2009-000005760 Sunridge Gold Corp-f1-01443806_1-1-1,2009-06-05,PEA,11.33,11.823404996151154,2.600211631558903,14.423616627710057,9.223193364592252,17.02382825926896,6.622981733033349
39,2009-000010193 Chariot Resources Limited-f1-01415384_1-2-1,2009-06-08,FS,11.0,11.802819871247376,2.569958924100432,14.372778795347807,9.232860947146944,16.94273771944824,6.662902023046512
40,2009-000002178 Silver Standard Resources Inc-f1-01445535_1-1-1,2009-06-12,,11.0,11.827819871247375,2.556802020195119,14.384621891442494,9.271017851052255,16.941423911637614,6.714215830857136
41,2009-000022554 Gryphon Gold Corporation-f1-01466880_1-1-1,2009-07-20,PFS,12.0,11.952819871247375,2.433995488776586,14.38681536002396,9.51882438247079,16.820810848800548,7.084828893694203
42,2009-000004246 Vista Gold Corp-f1-01473250_3-1-1,2009-08-12,MRE,4.5,11.759319871247374,2.703337866240384,14.462657737487758,9.05598200500699,17.165995603728142,6.352644138766606
43,2009-000024169 Moly Mines Limited-f1-01465727_1-1-1,2009-08-25,OTHER,16.0,11.884319871247374,2.7817868746841787,14.666106745931554,9.102532996563195,17.44789362061573,6.320746121879017
44,2009-000022426 MINCO SILVER CORPORATION-f1-01496862_1-1-1,2009-09-01,,13.57,12.011515186086214,2.7382151059618214,14.749730292048035,9.273300080124393,17.487945398009856,6.535084974162571
45,2009-000009161 Silver Wheaton Corp-f1-01475484_2-1-1,2009-09-09,FS,12.0,12.011515186086214,2.7382151059618214,14.749730292048035,9.273300080124393,17.487945398009856,6.535084974162571
46,2009-000005815 Norsemont Mining Inc-f1-01483747_1-1-1,2009-09-28,FS,12.0,12.011515186086214,2.7382151059618214,14.749730292048035,9.273300080124393,17.487945398009856,6.535084974162571
47,2009-000003295 Tri Origin Exploration Ltd-f1-01495592_1-1-1,2009-10-09,MRE,11.0,12.011515186086214,2.7382151059618214,14.749730292048035,9.273300080124393,17.487945398009856,6.535084974162571
48,2009-000001640 IMPACT Silver Corp-f1-01501206_1-1-1,2009-11-10,MRE,15.5,12.249015186086215,2.612543795037382,14.861558981123597,9.636471391048833,17.47410277616098,7.0239275960114504
49,2010-000003295 Tri Origin Exploration Ltd-f1-01524409_1-1-1,2009-12-15,FS,13.0,12.236515186086214,2.6075963160156195,14.844111502101834,9.628918870070594,17.451707818117452,7.021322554054975
50,2010-000005801 Exeter Resource Corporation-f1-01533775_1-1-1,2009-12-31,MRE,14.0,12.286515186086215,2.622079438059518,14.908594624145731,9.664435748026698,17.53067406220525,7.042356309967179
51,2010-000002968 Kinross Gold Corporation-f1-01528409_1-1-1,2009-12-31,,13.75,12.180265186086213,2.4660933456141794,14.646358531700393,9.714171840472034,17.112451877314573,7.248078494857855
52,2010-000004818 New Gold Inc-f1-01544679_1-1-1,2009-12-31,,13.0,12.103425436086214,2.388330885642931,14.491756321729145,9.715094550443283,16.880087207372075,7.326763664800352
53,2010-000003165 Nayarit Gold Inc-f1-01537159_1-1-1,2010-02-01,,15.0,12.203425436086214,2.4244134837355555,14.62783891982177,9.779011952350658,17.052252403557326,7.3545984686151025
54,2010-000002968 Kinross Gold Corporation-f1-01592433_2-2-1,2010-02-18,FS,12.5,12.170425436086214,2.410790550282368,14.581215986368582,9.759634885803846,16.99200653665095,7.348844335521478
55,2010-000016244 Mandalay Resources Corporation-f1-01582539_3-1-1,2010-03-01,,17.0,12.395425436086214,2.4314808939407,14.826906330026913,9.963944542145514,17.258387223967613,7.532463648204813
56,2010-000002549 Ivanhoe Mines Ltd-f1-01559123_1-1-1,2010-03-30,OTHER,6.0,12.26192515258593,2.6294512868799322,14.891376439465862,9.632473865705997,17.520827726345793,7.003022578826065
57,2010-000008502 Entree Gold Inc-f1-01595887_2-1-1,2010-03-30,PFS,13.5,12.28717515258593,2.6365374409547035,14.923712593540632,9.650637711631227,17.560250034495336,7.014100270676522
58,2010-000006221 Fortuna Silver Mines Inc-f1-01595645_1-1-1,2010-03-31,,15.12,12.327675152585929,2.6679013164115304,14.99557646899746,9.659773836174399,17.66347778540899,6.991872519762868
59,2010-000003181 Inmet Mining Corporation-f1-01555466_1-2-1,2010-03-31,FS,13.5,12.36517515258593,2.673713083549211,15.038888236135142,9.691462069036719,17.712601319684353,7.017748985487509
60,2010-000029807 Minera IRL Limited-f1-01570446_1-1-2,2010-04-06,,12.0,12.52767515258593,2.4324062028398106,14.960081355425741,10.095268949746119,17.39248755826555,7.662862746906309
61,2010-000026045 Zazu Metals Corporation-f1-01563280_1-1-1,2010-04-08,PEA,16.0,12.55267515258593,2.4634093905042587,15.016084543090189,10.089265762081672,17.479493933594448,7.625856371577413
62,2010-000005710 Fortune River Resource Corp-f1-01586604_1-1-1,2010-04-13,PEA,14.5,12.54017515258593,2.451914334975857,14.992089487561786,10.088260817610072,17.444003822537645,7.636346482634215
63,2010-000029868 Tahoe Resources Inc-f1-01574564_1-1-1,2010-04-30,,15.0,12.67767515258593,2.4311825531236413,15.108857705709571,10.24649259946229,17.540040258833212,7.815310046338648
64,2011a-000026050 Josephine Mining Corp. ( Green Park Capital Corp.)-f1-01717587_1-1-1,2010-05-17,,12.5,12.69017515258593,2.4288932295696006,15.11906838215553,10.261281923016329,17.547961611725132,7.832388693446728
65,2010-000002178 Silver Standard Resources Inc-f1-01592513_3-1-1,2010-06-01,PEA,14.5,12.72492515258593,2.4449439251140084,15.16986907769994,10.279981227471922,17.614813002813946,7.835037302357914
66,2010-000005974 Sona Resources Corp. ( J-Pacific Gold Inc.)-f1-01597225_2-1-1,2010-06-10,PEA,15.0,12.740425152585932,2.4576378271698904,15.198062979755822,10.282787325416042,17.65570080692571,7.825149498246151
67,2010-000009542 Bravo Gold Corp-f1-01601622_2-1-1,2010-06-28,,18.0,12.85292515258593,2.5925894763316735,15.445514628917604,10.260335676254257,18.03810410524928,7.6677461999225835
68,2010-000011539 Alexis Minerals Corporation-f1-01604138_2-1-1,2010-06-28,,12.0,12.902925152585931,2.555173670189212,15.458098822775144,10.347751482396719,18.013272492964354,7.792577812207507
69,2010-000017718 Kimber Resources Inc-f1-01607599_1-1-1,2010-07-16,PEA,14.0,13.012,2.504810960675067,15.516810960675068,10.507189039324933,18.021621921350135,8.002378078649866
70,2010-000025315 Andean Resources Limited-f1-01608512_2-1-1,2010-07-20,FS,14.0,12.987,2.48940338851887,15.47640338851887,10.49759661148113,17.96580677703774,8.008193222962259
71,2010-000008329 Antares Minerals Inc. ( Planet Ventures Inc.)-f1-01632733_2-1-1,2010-09-02,PEA,14.85,13.09575,2.472933364059154,15.568683364059154,10.622816635940847,18.04161672811831,8.149883271881691
72,2011a-000013727 MAG Silver Corp-f1-01686802_1-1-1,2010-09-08,,16.0,13.197,2.5074884768505847,15.704488476850583,10.689511523149415,18.211976953701168,8.18202304629883
73,2010-000003532 International Minerals Corporation-f1-01648512_1-1-1,2010-09-09,,17.0,13.289499999999999,2.578622122623254,15.868122122623252,10.710877877376745,18.446744245246506,8.13225575475349
74,2010-000022586 Donner Metals Ltd-f1-01646195_1-1-1,2010-09-21,,12.0,13.289499999999999,2.578622122623254,15.868122122623252,10.710877877376745,18.446744245246506,8.13225575475349
75,2010-000003851 Salazar Resources Limited-f1-01641644_1-2-1,2010-09-24,,18.0,13.4405,2.6738601213821847,16.114360121382184,10.766639878617816,18.788220242764368,8.09277975723563
76,2010-000025297 Sandstorm Resources Ltd-f1-01643054_3-1-1,2010-10-05,,14.5,13.478,2.678039083608254,16.156039083608253,10.799960916391745,18.834078167216507,8.121921832783492
77,2010-000013503 Bear Creek Mining Corporation-f1-01647827_1-1-1,2010-10-21,FS,14.5,13.5155,2.681673750209765,16.197173750209764,10.833826249790235,18.87884750041953,8.15215249958047
78,2010-000005208 SOHO Resources Corp-f1-01651891_1-1-1,2010-10-29,PEA,15.38,13.61675,2.6734855645958833,16.290235564595882,10.943264435404117,18.963721129191768,8.269778870808233
79,2010-000013177 Candente Copper Corp-f1-01676988_1-1-1,2010-11-08,MRE,17.25,13.773,2.6991453538158416,16.47214535381584,11.073854646184158,19.171290707631684,8.374709292368316
80,2011a-000024683 Ventana Gold Corp-f1-01648578_1-19-1,2010-11-08,,17.0,13.922999999999998,2.7077952049213163,16.630795204921313,11.215204795078682,19.33859040984263,8.507409590157366
81,2010-000017006 Aquila Resources Inc-f1-01670111_1-1-1,2010-11-29,MRE,15.0,13.998,2.6946815615112523,16.69268156151125,11.303318438488747,19.387363123022503,8.608636876977496
82,2010-000003985 Minera Andes Inc-f1-01677470_1-1-1,2010-12-01,PEA,15.6,14.2755,2.2214870856691635,16.49698708566916,12.054012914330835,18.718474171338325,9.832525828661673
83,2010-000023684 Western Copper Corporation-f1-01671582_1-1-1,2010-12-01,MRE,11.25,14.156749999999999,2.253662987000133,16.410412987000132,11.903087012999865,18.664075974000266,9.649424025999732
84,2010-000002929 Breakwater Resources Ltd-f1-01673123_2-1-1,2010-12-03,,12.55,14.131250000000003,2.2662079334067955,16.3974579334068,11.865042066593208,18.663665866813595,9.598834133186411
85,2011a-000005689 Capstone Mining Corp-f1-01723434_2-1-1,2010-12-15,PFS,3.9,13.928750000000003,2.7678939392567705,16.696643939256774,11.160856060743232,19.464537878513543,8.392962121486462
86,2011a-000002432 Pan American Silver Corp-f1-01687065_1-1-1,2011-01-14,PEA,18.0,14.078750000000003,2.8227248042472763,16.90147480424728,11.256025195752727,19.724199608494555,8.433300391505451
87,2011a-000026117 Oroco Resource Corp-f1-01692036_1-1-1,2011-01-28,PEA,18.0,14.253750000000002,2.8438676152065367,17.097617615206538,11.409882384793466,19.941485230413075,8.566014769586928
88,2011a-000001640 IMPACT Silver Corp-f1-01695177_1-1-1,2011-01-28,MRE,15.38,14.250750000000002,2.8425822383972084,17.09333223839721,11.408167761602794,19.93591447679442,8.565585523205584
89,2011a-000023892 Northern Freegold Resources Ltd-f1-01704143_1-1-1,2011-01-31,MRE,14.4,14.285750000000002,2.835397035011825,17.121147035011827,11.450352964988177,19.956544070023654,8.614955929976352
90,"2011a-000023256 Mines Management, Inc-f1-01693687_1-1-1",2011-02-03,,15.0,14.310750000000002,2.8372209113849425,17.147970911384945,11.47352908861506,19.985191822769888,8.636308177230116
91,2011a-000023668 US Gold Corporation-f1-01697214_1-1-1,2011-02-11,PEA,18.0,14.417000000000002,2.8946796465948106,17.31167964659481,11.522320353405192,20.20635929318962,8.62764070681038
92,2011a-000005272 Jayden Resources Inc-f1-01707238_1-1-1,2011-03-04,PEA,15.6,14.482000000000003,2.8912344981126874,17.37323449811269,11.590765501887315,20.26446899622538,8.699531003774627
93,2011a-000020823 Equinox Minerals Limited-f1-01709025_1-1-1,2011-03-07,FS,12.0,14.407000000000002,2.916255238380999,17.323255238381,11.490744761619002,20.239510476762,8.574489523238004
94,2011a-000008502 Entree Gold Inc-f1-01716539_1-1-1,2011-03-11,MRE,15.0,14.469500000000002,2.9010872851221556,17.370587285122156,11.568412714877846,20.271674570244315,8.66732542975569
95,2011a-000000923 Barrick Gold Corporation-f1-01723131_1-1-2,2011-03-30,FS,24.0,14.644499999999999,3.2480289486520983,17.892528948652096,11.3964710513479,21.140557897304195,8.148442102695803
96,2011a-000030469 Cerro Resources NL-f1-01750733_2-1-1,2011-03-31,FS,17.77,14.938749999999999,2.9656842402421257,17.904434240242125,11.973065759757873,20.87011848048425,9.007381519515747
97,2011a-000002830 Goldcorp Inc-f1-01748704_3-1-1,2011-04-05,FS,17.0,15.02625,2.9737679521666336,18.000017952166633,12.052482047833365,20.973785904333266,9.078714095666733
98,2011a-000021638 Coeur d_Alene Mines Corporation-f1-01762843_3-1-1,2011-04-15,MRE,20.0,15.14825,3.0760554890630423,18.224305489063042,12.072194510936958,21.300360978126086,8.996139021873915
99,2011a-000018190 Chesapeake Gold Corp-f1-01733412_1-1-1,2011-04-21,PEA,18.0,15.260750000000002,3.0964499006409723,18.357199900640975,12.164300099359028,21.453649801281948,9.067850198718057
100,2011a-000002968 Kinross Gold Corporation-f1-01752155_3-1-1,2011-05-09,OTHER,14.0,15.310750000000002,3.058360032720737,18.36911003272074,12.252389967279266,21.427470065441476,9.194029934558529
101,2011a-000000880 NovaGold Resources Inc-f1-01743319_1-1-1,2011-05-09,,16.0,15.310750000000002,3.058360032720737,18.36911003272074,12.252389967279266,21.427470065441476,9.194029934558529
102,2011b-000002968 Kinross Gold Corporation-f1-01752155_1-2-1,2011-05-09,OTHER,14.0,15.298250000000001,3.0627772611278887,18.36102726112789,12.235472738872112,21.42380452225578,9.172695477744224
103,2011a-000023934 Intrepid Mines Limited-f1-01754090_2-1-1,2011-06-01,PEA,16.5,15.33575,3.0682099412507196,18.40395994125072,12.267540058749281,21.47216988250144,9.199330117498562
104,2011b-000004187 Mediterranean Resources Ltd-f1-01789335_1-1-1,2011-06-14,PEA,16.0,15.423250000000001,3.0349928293752155,18.458242829375216,12.388257170624787,21.493235658750432,9.35326434124957
105,2011a-000006180 New Pacific Metals Corp-f1-01760801_1-1-1,2011-06-17,,13.0,15.385750000000002,3.055887875091003,18.441637875091004,12.329862124908999,21.497525750182007,9.273974249817996
106,2011b-000031165 Mawson West Ltd-f1-01770009_1-1-1,2011-06-30,FS,12.5,15.323250000000002,3.089361719406346,18.412611719406346,12.233888280593655,21.501973438812694,9.144526561187309
107,2011b-000002432 Pan American Silver Corp-f1-01804192_1-1-1,2011-06-30,PEA,25.0,15.498250000000002,3.424914662983291,18.923164662983293,12.073335337016712,22.348079325966584,8.64842067403342
108,2011b-000000880 NovaGold Resources Inc-f1-01801094_1-1-1,2011-07-11,PFS,18.5,15.660750000000002,3.408842489084032,19.069592489084034,12.25190751091597,22.478434978168067,8.843065021831938
109,2011b-000001913 Northgate Minerals Corporation-f1-01800614_1-1-1,2011-07-22,,20.0,15.810750000000002,3.465430292962855,19.276180292962856,12.345319707037147,22.741610585925713,8.879889414074292
110,2011b-000023397 Lydian International Limited-f1-01788848_1-1-1,2011-08-12,PEA,20.0,15.96075,3.5145488002346434,19.475298800234643,12.446201199765358,22.98984760046929,8.931652399530714
111,2011b-000032576 Patagonia Gold plc-f1-01837758_2-1-1,2011-08-20,,23.75,16.18325,3.7182449592412654,19.901494959241266,12.465005040758736,23.61973991848253,8.74676008151747
112,2011b-000007865 Esperanza Resources Corp-f1-01808844_1-1-1,2011-09-01,PEA,17.5,16.220750000000002,3.7239091588110638,19.944659158811067,12.496840841188938,23.66856831762213,8.772931682377875
113,2011b-000021938 Aura Silver Resources Inc-f1-01826281_1-1-1,2011-09-28,,35.0,16.67075,4.7630669862373995,21.433816986237403,11.907683013762602,26.1968839724748,7.144616027525203
114,2011b-000030669 Ivanhoe Australia Limited-f1-01816075_1-1-2,2011-10-10,,20.0,16.87075,4.7297570748590765,21.600507074859078,12.140992925140925,26.330264149718154,7.411235850281848
115,2012-000025546 Argonaut Gold Inc-f1-01848467_1-1-1,2011-10-15,PEA,21.0,16.94575,4.771722200255403,21.717472200255404,12.174027799744596,26.489194400510804,7.402305599489194
116,2011b-000008911 Monument Mining Limited-f1-01836878_1-1-1,2011-11-01,OTHER,5.0,16.70825,5.120263859136509,21.828513859136507,11.58798614086349,26.948777718273018,6.4677222817269815
117,2012-000019735 Andover Mining Corp-f1-01847454_1-1-1,2011-11-17,,23.0,16.92075,5.2019978349052565,22.122747834905258,11.718752165094745,27.324745669810515,6.516754330189489
118,2011b-000032019 Banks Island Gold Ltd-f1-01843901_3-1-1,2011-11-23,,26.34660421545668,17.194915105386418,5.403789350475254,22.59870445586167,11.791125754911164,28.002493806336926,6.38733640443591
119,2011b-000006077 Stratabound Minerals Corp-f1-01836274_1-1-1,2011-11-23,PEA,22.74,17.332165105386416,5.474481743580234,22.80664684896665,11.857683361806181,28.281128592546885,6.383201618225948
120,2012-000033030 Intergeo MMC Ltd-f1-01908033_1-1-1,2011-12-01,PEA,16.0,17.307165105386417,5.478319493125772,22.78548459851219,11.828845612260645,28.26380409163796,6.350526119134873
121,2011b-000013503 Bear Creek Mining Corporation-f1-01843253_1-1-1,2011-12-22,FS,18.0,17.382165105386417,5.46644637685307,22.848611482239487,11.915718728533346,28.315057859092555,6.449272351680277
122,2011b-000009470 Rainy River Resources Ltd-f1-01844107_2-1-1,2011-12-23,PEA,25.0,17.617165105386416,5.588554465792695,23.20571957117911,12.02861063959372,28.794274036971807,6.440056173801025
123,2012-000000923 Barrick Gold Corporation-f1-01878575_1-1-1,2011-12-31,OTHER,22.0,17.885915105386417,5.532711783292399,23.418626888678816,12.353203322094018,28.951338671971214,6.820491538801619
124,2012-000000923 Barrick Gold Corporation-f1-01878575_1-2-4,2011-12-31,OTHER,22.0,18.122165105386415,5.500690468105861,23.622855573492277,12.621474637280553,29.12354604159814,7.1207841691746925
125,2012-000009698 Virgin Metals Inc-f1-01912517_1-1-1,2012-01-10,PEA,20.0,18.524665105386415,4.999544243374933,23.524209348761346,13.525120862011482,28.52375359213628,8.52557661863655
126,2012-000001767 Dundee Precious Metals Inc-f1-01848684_1-1-1,2012-01-11,FS,25.0,18.699665105386416,5.102166336134204,23.80183144152062,13.597498769252212,28.903997777654823,8.495332433118008
127,2012-000005801 Exeter Resource Corporation-f1-01849096_1-1-1,2012-01-16,PFS,31.2,19.029665105386417,5.469413301774446,24.499078407160862,13.560251803611973,29.96849170893531,8.090838501837526
128,2012-000003703 Goldgroup Mining Inc-f1-01905402_3-1-1,2012-01-17,PEA,30.0,19.39516510538642,5.702786936941702,25.09795204232812,13.692378168444716,30.800738979269823,7.989591231503015
129,2012-000006210 SILVERCORP METALS INC-f1-01856000_1-1-1,2012-01-23,,18.0,19.485165105386418,5.650096859435655,25.13526196482207,13.835068245950763,30.785358824257727,8.184971386515109
130,2014-000035262 Chaparral Gold Corp-f1-02154595_2-1-1,2012-02-02,PEA,25.0,19.735165105386418,5.6677605675941996,25.40292567298062,14.067404537792218,31.070686240574815,8.399643970198019
131,2012-000029807 Minera IRL Limited-f1-01859776_1-1-1,2012-02-14,FS,25.0,19.91016510538642,5.720631964228686,25.630797069615106,14.189533141157732,31.351429033843793,8.468901176929046
132,2012-000004927 LEVON RESOURCES LTD-f1-01871272_1-1-1,2012-03-12,PEA,25.15,20.148915105386415,5.7354003207322375,25.884315426118654,14.413514784654177,31.61971574685089,8.67811446392194
133,2012-000001691 HudBay Minerals Inc-f1-01884181_1-1-1,2012-03-29,,22.0,20.398915105386415,5.587117863065032,25.986032968451447,14.811797242321383,31.57315083151648,9.22467937925635
134,2013-000029557 Yellowhead Mining Inc-f1-02012574_1-1-1,2012-03-29,FS,20.0,20.523915105386415,5.518745220543438,26.04266032592985,15.005169884842978,31.56140554647329,9.48642466429954
135,2012-000029557 Yellowhead Mining Inc-f1-01882029_1-1-1,2012-03-29,FS,20.0,20.423915105386417,5.490310169194968,25.914225274581383,14.933604936191449,31.404535443776354,9.44329476699648
136,2012-000016934 VMS Ventures Inc-f1-01906981_1-1-1,2012-04-02,,35.0,20.854665105386417,5.934674050568267,26.789339155954686,14.91999105481815,32.724013206522955,8.985317004249882
137,2012-000030669 Ivanhoe Australia Limited-f1-01915126_1-1-1,2012-04-16,,25.0,21.054665105386416,5.936240815331861,26.990905920718276,15.118424290054556,32.92714673605014,9.182183474722693
138,2012-000008090 Huakan International Mining Inc-f1-01920382_1-1-1,2012-04-24,,22.15954875100725,21.1086538241616,5.936223231259609,27.04487705542121,15.172430592901991,32.981100286680814,9.236207361642382
139,2012-000005760 Sunridge Gold Corp-f1-01923758_4-1-1,2012-05-01,PFS,21.0,21.1836538241616,5.914853490734987,27.098507314896587,15.268800333426611,33.01336080563157,9.353946842691625
140,2012-000031052 Bravada Gold Corporation-f1-01907245_1-1-1,2012-05-02,PEA,24.42,21.444153824161596,5.819042182974012,27.26319600713561,15.625111641187583,33.08223819010962,9.806069458213571
141,2012-000030469 Cerro Resources NL-f1-01930652_2-1-1,2012-05-11,FS,25.58,21.6836538241616,5.786280918604093,27.46993474276569,15.897372905557507,33.25621566136979,10.111091986953413
142,2012-000005760 Sunridge Gold Corp-f1-01928370_5-1-1,2012-05-14,FS,21.0,21.8586538241616,5.6522395705501145,27.510893394711715,16.206414253611484,33.16313296526183,10.55417468306137
143,2012-000004904 Cadillac Ventures Inc-f1-01928596_2-1-1,2012-05-15,PEA,29.31563830840844,22.17904478187181,5.703687755579171,27.88273253745098,16.475357026292638,33.58642029303015,10.771669270713467
144,2012-000032019 Banks Island Gold Ltd-f1-01923938_1-1-1,2012-05-30,,26.74061602456175,22.44756018248585,5.657972418119158,28.10553260060501,16.789587764366694,33.76350501872417,11.131615346247536
145,2012-000002753 CANADIAN ZINC CORPORATION-f1-01942300_1-1-1,2012-06-15,,28.0,22.82256018248585,5.510925321365694,28.333485503851545,17.311634861120158,33.84441082521724,11.800709539754463
146,2012-000007531 Seabridge Gold Inc-f1-01928341_1-1-1,2012-06-22,PFS,25.2,23.14006018248585,5.261145286678346,28.401205469164196,17.878914895807505,33.66235075584254,12.617769609129159
147,2012-000006210 SILVERCORP METALS INC-f1-01984618_6-1-1,2012-06-27,,19.0,22.990060182485852,5.292198083303197,28.28225826578905,17.697862099182654,33.574456349092245,12.405664015879458
148,2012-000005505 ALAMOS GOLD INC-f1-01942315_1-1-1,2012-06-30,PFS,24.56,23.141560182485854,5.246911282259245,28.3884714647451,17.89464890022661,33.63538274700434,12.647737617967364
149,2012-000013727 MAG Silver Corp-f1-01932793_1-1-1,2012-07-01,,23.39,23.226310182485854,5.2221865486688595,28.448496731154712,18.004123633816995,33.67068327982357,12.781937085148135
150,2012-000008808 Aura Minerals Inc-f1-01957515_2-1-1,2012-07-12,PEA,21.0,23.251310182485852,5.208721584503047,28.460031766988898,18.042588597982807,33.668753351491944,12.83386701347976
151,2012-000003532 International Minerals Corporation-f1-01957606_2-1-1,2012-07-17,FS,25.0,23.282560182485852,5.215535479781766,28.49809566226762,18.067024702704085,33.71363114204939,12.85148922292232
152,2012-000005386 Augusta Resource Corporation-f1-01952933_1-1-1,2012-07-24,FS,3.9,22.942560182485852,5.988219718013988,28.93077990049984,16.954340464471866,34.91899961851383,10.966120746457877
153,2012-000025543 Paramount Gold and Silver Corp-f1-01960208_2-1-1,2012-07-30,PEA,26.33,22.72581018248585,5.690085645161293,28.415895827647145,17.03572453732456,34.10598147280844,11.345638892163265
154,2012-000031687 Midas Gold Corp-f1-01962759_1-1-1,2012-08-15,PEA,23.5,22.813310182485854,5.673982434569109,28.487292617054962,17.139327747916745,34.161275051624074,11.465345313347635
155,2012-000030788 BacTech Environmental Corporation-f1-01968980_1-1-1,2012-08-27,PEA,26.67,22.955060182485852,5.698293109422449,28.653353291908303,17.2567670730634,34.351646401330754,11.558473963640953
156,2012-000023397 Lydian International Limited-f1-01959031_3-1-1,2012-09-03,FS,20.0,23.330060182485852,4.927875770058842,28.257935952544692,18.40218441242701,33.18581172260353,13.474308642368168
157,2012-000001767 Dundee Precious Metals Inc-f1-01959503_2-1-1,2012-09-07,,25.0,23.380060182485852,4.934582786692733,28.314642969178585,18.44547739579312,33.24922575587132,13.510894609100387
158,2013-000006160 Catalyst Copper Corp-f1-02007057_1-1-1,2012-09-19,PEA,25.0,23.346395077099437,4.918392148707486,28.264787225806923,18.42800292839195,33.18317937451441,13.509610779684465
159,2014-000030145 Rio Alto Mining Limited-f1-02261401_2-1-1,2012-09-26,FS,27.0,23.452895077099434,4.950939034870941,28.403834111970376,18.501956042228493,33.35477314684132,13.551017007357553
160,2012-000023668 McEwen Mining Inc. ( US Gold Corporation)-f1-01965001_5-1-1,2012-09-27,FS,25.0,23.677895077099436,4.805933790546511,28.483828867645947,18.871961286552924,33.28976265819246,14.066027496006413
161,2012-000006087 Gabriel Resources Ltd-f1-01978475_1-1-1,2012-10-01,FS,20.0,23.727895077099436,4.755486451045878,28.483381528145316,18.972408626053557,33.23886797919119,14.21692217500768
162,2012-000003441 Golden Queen Mining Co. Ltd-f1-01973024_1-1-1,2012-10-17,FS,33.03,23.928645077099436,4.974989464281948,28.903634541381383,18.95365561281749,33.87862400566333,13.97866614853554
163,2012-000008502 Entree Gold Inc-f1-01983697_3-1-1,2012-10-24,PEA,22.0,23.928645077099436,4.974989464281948,28.903634541381383,18.95365561281749,33.87862400566333,13.97866614853554
164,2012-000003827 Wildcat Silver Corporation-f1-01981481_3-1-1,2012-11-12,PEA,28.75,24.097395077099435,5.02214842058782,29.119543497687253,19.075246656511617,34.14169191827507,14.053098235923795
165,2012-000026619 Crazy Horse Resources Inc-f1-01922019_3-1-1,2012-12-06,PFS,26.0,24.247395077099434,4.986104472593099,29.23349954969253,19.261290604506335,34.21960402228563,14.275186131913236
166,2013-000030715 Chieftain Metals Inc-f1-02009167_1-1-1,2012-12-12,,28.0,24.322395077099436,5.0201616691464075,29.342556746245844,19.30223340795303,34.36271841539225,14.282071738806621
167,2012-000031912 Sunshine Silver Mines Corporation-f1-02001215_1-2-1,2012-12-21,,25.0,24.167395077099435,4.896559763402547,29.06395484050198,19.27083531369689,33.96051460390453,14.37427555029434
168,2013-000012585 Scorpio Mining Corporation-f1-02063975_1-1-1,2012-12-31,PEA,25.0,24.042395077099435,4.8068448896081675,28.849239966707604,19.235550187491267,33.65608485631577,14.4287052978831
169,2013-000009013 Apogee Silver Ltd-f1-02022833_1-1-1,2013-01-17,FS,28.0,24.292395077099435,4.744164167759152,29.036559244858587,19.548230909340283,33.78072341261774,14.804066741581131
170,2013-000023684 Western Copper and Gold Corporation-f1-02014531_1-1-1,2013-01-25,FS,26.529583711319425,24.33063466988242,4.756163261887128,29.08679793176955,19.574471407995294,33.84296119365668,14.818308146108166
171,2013-000004246 Vista Gold Corp-f1-02024103_1-1-1,2013-02-08,PEA,28.0,24.40563466988242,4.790518578951693,29.196153248834115,19.615116090930727,33.986671827785806,14.824597511979034
172,2013-000029999 St. Augustine Gold and Copper Limited-f1-02126728_1-1-1,2013-02-25,PFS,25.0,24.40188466988242,4.789979631285148,29.19186430116757,19.61190503859727,33.98184393245272,14.821925407312124
173,2013-000026119 B2Gold Corp-f1-02019563_1-1-1,2013-02-25,FS,30.0,24.60188466988242,4.8537115989323825,29.4555962688148,19.74817307095004,34.30930786774719,14.894461472017655
174,2013-000026433 Northern Vertex Mining Corp-f1-02040622_1-1-1,2013-03-05,PEA,30.0,24.85188466988242,4.868118263688834,29.720002933571255,19.983766406193585,34.58812119726009,15.115648142504751
175,2013-000023397 Lydian International Limited-f1-02064622_2-1-1,2013-03-05,FS,20.0,24.85188466988242,4.868118263688834,29.720002933571255,19.983766406193585,34.58812119726009,15.115648142504751
176,2013-000021345 Deer Horn Metals Inc-f1-02040985_1-1-1,2013-03-12,PEA,29.13,24.70513466988242,4.6373650931116055,29.342499762994024,20.067769576770814,33.97986485610563,15.430404483659208
177,2013-000026723 Southeast Asia Mining Corp-f1-02065996_1-1-1,2013-03-31,,30.0,24.83013466988242,4.7122989614106565,29.542433631293076,20.117835708471763,34.25473259270373,15.405536747061106
178,2013-000004818 New Gold Inc-f1-02090330_2-1-1,2013-04-10,FS,25.0,24.90114595110724,4.6923828607555915,29.593528811862832,20.208763090351646,34.285911672618425,15.516380229596056
179,2013-000005760 Sunridge Gold Corp-f1-02080601_3-1-1,2013-05-16,FS,25.0,25.00114595110724,4.649539960578792,29.650685911686033,20.351605990528448,34.300225872264825,15.702066029949656
180,2013-000023995 Arian Silver Corporation-f1-02065398_1-1-1,2013-05-23,,27.0,25.06564595110724,4.659156765481719,29.724802716588957,20.40648918562552,34.38395948207068,15.7473324201438
181,2013-000026979 El Tigre Silver Corp-f1-02097813_1-1-1,2013-06-01,PFS,25.0,25.051145951107237,4.658417438306797,29.709563389414036,20.39272851280044,34.36798082772083,15.734311074493643
182,2013-000008209 El Nino Ventures Inc-f1-02086368_1-1-1,2013-06-04,PEA,30.09,25.27839595110724,4.67740293999583,29.95579889110307,20.60099301111141,34.6332018310989,15.923590071115578
183,2013-000004926 AVINO SILVER & GOLD MINES LTD-f1-02086857_1-1-1,2013-07-19,PEA,20.0,25.045504993397028,4.7030771222568495,29.74858211565388,20.342427871140178,34.451659237910725,15.639350748883329
184,2013-000028081 United Silver Corp-f1-02115033_1-1-1,2013-07-22,,20.0,24.876989592782984,4.761184575503778,29.63817416828676,20.115805017279207,34.39935874379054,15.354620441775428
185,2013-000029631 Pan American Goldfields Ltd-f1-02088952_2-1-1,2013-07-24,PEA,25.0,24.801989592782984,4.734280877012183,29.536270469795166,20.067708715770802,34.27055134680735,15.333427838758618
186,"2013-000021638 Coeur Mining, Inc-f1-02088838_1-1-1",2013-07-26,PEA,25.0,24.796989592782985,4.73395535091117,29.530944943694156,20.063034241871815,34.264900294605326,15.329078890960645
187,2014-000003116 Gran Colombia Gold Corp-f1-02134822_1-12-1,2013-08-01,,20.1,24.82448959278299,4.7025071605563795,29.52699675333937,20.12198243222661,34.22950391389575,15.41947527167023
188,2013-000008323 SEAFIELD RESOURCES LTD-f1-02091565_2-1-1,2013-08-02,PEA,30.0,24.960489592782984,4.772800831847271,29.733290424630255,20.187688760935714,34.506091256477525,15.414887929088442
189,2013-000013198 Nevada Copper Corp-f1-02132890_1-1-1,2013-08-22,FS,23.07,24.952489592782985,4.775767992416426,29.72825758519941,20.17672160036656,34.504025577615835,15.400953607950134
190,2013-000005673 Bellhaven Copper & Gold Inc-f1-02129085_1-1-1,2013-09-01,PEA,20.0,24.927489592782983,4.799547029812093,29.727036622595076,20.12794256297089,34.52658365240717,15.328395533158798
191,2013-000025437 West Kirkland Mining Inc-f1-02112513_1-1-1,2013-09-13,PEA,28.0,25.002489592782986,4.824086145441667,29.826575738224655,20.178403447341317,34.65066188366632,15.354317301899652
192,"2013-000029836 Silver Bull Resources, Inc-f1-02133395_2-1-1",2013-09-30,PEA,23.5,25.492489592782984,3.415420859939761,28.907910452722746,22.077068732843223,32.3233313126625,18.661647872903462
193,2013-000005717 Belvedere Resources Ltd-f1-02118272_1-1-1,2013-10-02,PEA,20.0,25.334239592782986,3.520646728593131,28.854886321376117,21.813592864189854,32.37553304996925,18.292946135596722
194,2013-000008938 THEMAC Resources Group Limited-f1-02135989_1-1-1,2013-10-07,FS,22.0,25.296739592782984,3.5485629120595443,28.84530250484253,21.74817668072344,32.393865416902074,18.199613768663895
195,2013-000022850 Alexco Resource Corp-f1-02146314_2-1-1,2013-11-15,,24.0,25.229989592782985,3.5471805987955736,28.77717019157856,21.68280899398741,32.32435079037413,18.135628395191837
196,2014-000031649 Delta Gold Corporation-f1-02222286_2-1-1,2013-11-30,PEA,22.5,25.292489592782985,3.4739356232114456,28.76642521599443,21.81855396957154,32.24036083920588,18.344618346360093
197,2014-000024639 Carlisle Goldfields Limited-f1-02156870_1-1-1,2013-12-02,PEA,21.0,25.192489592782984,3.5395234960943185,28.732013088877302,21.652966096688665,32.27153658497162,18.113442600594347
198,2013-000027051 Batero Gold Corp-f1-02127976_1-2-1,2013-12-16,PEA,24.0,25.167489592782985,3.5444460555314006,28.711935648314387,21.623043537251583,32.25638170384579,18.078597481720184
199,2014-000005689 Capstone Mining Corp-f1-02202859_1-1-1,2014-01-01,PFS,20.0,24.992489592782984,3.623571938271343,28.616061531054328,21.36891765451164,32.23963346932567,17.745345716240298
200,2014-000004818 New Gold Inc-f1-02156614_1-1-1,2014-01-14,FS,22.0,24.917489592782985,3.6543286858961364,28.57181827867912,21.26316090688685,32.22614696457526,17.608832220990713
201,2014-000004818 New Gold Inc-f1-02164189_2-1-1,2014-01-16,FS,22.0,24.967489592782986,3.5985775297485647,28.56606712253155,21.368912063034422,32.16464465228012,17.770334533285855
202,2014-000003827 Wildcat Silver Corporation-f1-02155649_1-1-1,2014-01-17,PFS,23.5,24.72923959278298,3.3585695154156134,28.087809108198595,21.370670077367368,31.44637862361421,18.012100561951755
203,2014-000024639 Carlisle Goldfields Limited-f1-02197097_2-1-1,2014-02-27,PEA,18.33,24.637489592782984,3.4828678667645865,28.12035745954757,21.154621726018398,31.603225326312156,17.671753859253812
204,2017-000002068 SOLITARIO EXPLORATION & ROYALTY CORP-f1-02649783_1-1-1,2014-03-03,PEA,19.43,24.404489592782987,3.5123154044961806,27.91680499727917,20.892174188286806,31.42912040177535,17.379858783790624
205,2014-000011649 InZinc Mining Ltd-f1-02204980_1-1-1,2014-03-17,PEA,21.0,24.279489592782987,3.5429160684443852,27.82240566122737,20.736573524338603,31.365321729671756,17.19365745589422
206,2014-000026913 MAYA GOLD & SILVER INC-f1-02212743_2-1-1,2014-03-21,,20.5,24.091989592782987,3.539426327359295,27.63141592014228,20.552563265423693,31.170842247501575,17.0131369380644
207,2014-000003851 Salazar Resources Limited-f1-02173905_1-2-1,2014-03-21,PEA,20.0,23.966989592782987,3.594400582220408,27.561390175003396,20.372589010562578,31.155790757223805,16.77818842834217
208,2014-000001767 Dundee Precious Metals Inc-f1-02184661_1-1-1,2014-03-21,FS,23.0,23.91698959278299,3.5935728405183074,27.510562433301295,20.323416752264684,31.104135273819605,16.729843911746375
209,2014-000004686 Clifton Star Resources Inc-f1-02213823_1-1-1,2014-03-26,PFS,21.0,23.74198959278299,3.559925521200472,27.301915113983462,20.182064071582516,30.86184063518393,16.622138550382047
210,2014-000026119 B2Gold Corp-f1-02188230_1-1-1,2014-03-31,PEA,21.4,23.613750000000003,3.5493088438780354,27.163058843878037,20.06444115612197,30.712367687756075,16.51513231224393
211,2014-000002470 Fortune Minerals Limited-f1-02236003_2-1-1,2014-04-18,,22.0,23.46375,3.4853949395463713,26.949144939546372,19.97835506045363,30.434539879092743,16.49296012090726
212,2014-000025411 Xtierra Inc-f1-02198936_1-1-1,2014-04-28,,30.38,23.59825,3.6462906248011677,27.244540624801168,19.951959375198832,30.890831249602336,16.305668750397665
213,2014-000024750 TriMetals Mining Inc-f1-02202566_2-1-1,2014-04-30,PEA,21.0,23.373250000000002,3.5165013115821586,26.88975131158216,19.856748688417845,30.40625262316432,16.340247376835684
214,2014-000017484 Almaden Minerals Ltd-f1-02217962_2-1-1,2014-05-13,PEA,21.0,23.14825,3.3663454181588435,26.514595418158844,19.781904581841157,29.880940836317688,16.415559163682314
215,2014-000008301 Trevali Mining Corporation-f1-02208589_1-2-1,2014-05-13,,21.0,23.173250000000003,3.3460174471168442,26.519267447116846,19.82723255288316,29.865284894233692,16.481215105766314
216,2014-000025188 Rye Patch Gold Corp-f1-02212216_1-2-1,2014-05-21,PEA,22.0,22.995,3.207603946394121,26.20260394639412,19.78739605360588,29.410207892788243,16.57979210721176
217,2014-000005689 Capstone Mining Corp-f1-02231705_2-1-1,2014-05-22,FS,28.0,22.945,3.109704413358543,26.054704413358543,19.835295586641458,29.164408826717086,16.725591173282915
218,2014-000028675 Discovery Ventures Inc-f1-02215154_1-1-1,2014-05-26,,18.358729575913348,22.778968239397834,3.1738045986324064,25.952772838030242,19.605163640765426,29.126577436662647,16.43135904213302
219,2014-000000204 GoldQuest Mining Corp-f1-02232713_1-1-1,2014-05-27,,22.0,22.703968239397835,3.15536660886836,25.859334848266194,19.548601630529475,29.014701457134557,16.393235021661113
220,2014-000002432 Pan American Silver Corp-f1-02241756_2-1-1,2014-05-31,PEA,22.0,22.578968239397835,3.078927058421295,25.65789529781913,19.500041180976538,28.736822356240424,16.421114122555245
221,2014-000030613 Pretium Resources Inc-f1-02230004_2-1-1,2014-06-19,,17.0,22.378968239397835,3.175932623948028,25.554900863345864,19.203035615449807,28.730833487293893,16.027102991501778
222,2014-000036433 Star Gold Corp-f1-02267007_1-2-1,2014-06-30,PEA,24.0,22.226718239397833,2.9335193875944334,25.160237626992267,19.2931988518034,28.0937570145867,16.359679464208966
223,2014-000014472 ATAC Resources Ltd-f1-02257788_1-1-1,2014-07-23,PEA,19.0,22.201718239397835,2.9571484028259216,25.158866642223757,19.244569836571912,28.11601504504968,16.28742143374599
224,2014-000029214 IDM Mining Ltd. (Formerly Revolution Resources Corp.)-f1-02257635_1-1-1,2014-07-23,,20.0,22.201718239397835,2.9571484028259216,25.158866642223757,19.244569836571912,28.11601504504968,16.28742143374599
225,2014-000008483 Alacer Gold Corp-f1-02237181_1-1-1,2014-07-29,FS,22.0,22.126718239397835,2.9221946872324254,25.048912926630262,19.20452355216541,27.971107613862685,16.282328864932985
226,2014-000002068 SOLITARIO EXPLORATION & ROYALTY CORP-f1-02269331_2-1-1,2014-08-14,FS,20.0,22.001718239397835,2.90301272424261,24.904730963640446,19.098705515155224,27.807743687883054,16.195692790912616
227,2014-000023735 Duluth Metals Limited-f1-02265653_2-1-1,2014-08-20,,21.5,22.036718239397835,2.887897030700188,24.924615270098023,19.148821208697647,27.81251230079821,16.26092417799746
228,"2014-000021638 Coeur Mining, Inc-f1-02257688_2-1-1",2014-08-29,FS,22.0,21.836718239397833,2.5832076708932963,24.419925910291127,19.253510568504538,27.003133581184425,16.67030289761124
229,2014-000014910 Dynasty Metals & Mining Inc-f1-02261116_1-1-1,2014-09-17,,21.0,21.784968239397834,2.578597829961598,24.363566069359432,19.206370409436236,26.94216389932103,16.627772579474637
230,2014-000009149 Santa Fe Gold Corporation ( Azco Mining Inc.)-f1-02262315_1-1-1,2014-09-17,,20.0,21.784968239397834,2.578597829961598,24.363566069359432,19.206370409436236,26.94216389932103,16.627772579474637
231,2014-000001767 Dundee Precious Metals Inc-f1-02266641_3-1-1,2014-09-30,,23.0,21.659968239397834,2.3833944032301435,24.043362642627976,19.276573836167692,26.42675704585812,16.893179432937547
232,2014-000005846 ARGUS METALS CORP-f1-02266483_1-1-1,2014-10-08,PEA,18.0,21.522468239397835,2.4326601826510528,23.955128422048887,19.089808056746783,26.387788604699942,16.657147874095728
233,2014-000029868 Tahoe Resources Inc-f1-02274600_1-1-1,2014-11-05,,18.0,21.472468239397834,2.4847507224894896,23.957218961887325,18.987717516908344,26.441969684376815,16.502966794418853
234,2014-000022850 Alexco Resource Corp-f1-02296485_1-1-1,2014-11-15,,18.5,21.384968239397836,2.5269647732233333,23.91193301262117,18.8580034661745,26.438897785844503,16.331038692951168
235,2015-000004264 Global Minerals Ltd-f1-02302451_1-1-1,2014-12-12,,20.0,21.284968239397834,2.4998268327438367,23.78479507214167,18.785141406654,26.28462190488551,16.28531457391016
236,2015-000003348 SilverCrest Mines Inc-f1-02330093_1-1-1,2014-12-31,PFS,21.0,21.247468239397836,2.492372406387396,23.739840645785232,18.75509583301044,26.23221305217263,16.262723426623044
237,2015-000009080 Klondex Mines Ltd-f1-02320315_1-1-1,2014-12-31,,15.83,21.118218239397834,2.635479751821115,23.75369799121895,18.482738487576718,26.389177743040065,15.847258735755604
238,2015-000026119 B2Gold Corp-f1-02327639_1-1-1,2014-12-31,FS,15.0,20.893218239397832,2.7641816875851632,23.657399926982997,18.129036551812668,26.421581614568158,15.364854864227507
239,2015-000028681 Golden Minerals Company-f1-02327135_1-1-1,2015-02-20,,17.0,20.818218239397833,2.828978365533705,23.647196604931537,17.98923987386413,26.476174970465244,15.160261508330423
240,2015-000023269 INV Metals Inc-f1-02322965_1-1-1,2015-03-20,,23.0,20.843218239397835,2.8440679994523945,23.68728623885023,17.99915023994544,26.531354238302626,15.155082240493046
241,2015-000030017 Timberline Resources Corporation-f1-02353216_2-1-1,2015-04-27,PEA,16.0,20.693218239397833,2.938160978587302,23.631379217985135,17.75505726081053,26.569540196572436,14.81689628222323
242,2015-000019503 Panoro Minerals Ltd-f1-02354457_1-1-1,2015-05-01,PEA,20.5,20.618218239397834,2.902753409702401,23.520971649100236,17.71546482969543,26.423725058802635,14.812711419993033
243,2015-000027965 Ecuador Gold and Copper Corp-f1-02358631_1-1-1,2015-05-19,PEA,24.66,20.776468239397836,2.9470169686774543,23.72348520807529,17.829451270720384,26.670502176752745,14.882434302042927
244,2015-000026433 Northern Vertex Mining Corp-f1-02374684_1-1-1,2015-06-08,FS,20.0,20.790718239397837,2.941712632343692,23.732430871741528,17.849005607054146,26.674143504085222,14.907292974710453
245,2015-000025437 West Kirkland Mining Inc-f1-02373463_1-1-1,2015-06-19,PFS,17.5,20.703218239397835,2.9870319413025794,23.690250180700414,17.716186298095256,26.677282122002993,14.729154356792677
246,2015-000003353 Excellon Resources Inc-f1-02361109_1-2-1,2015-07-09,,17.0,20.615718239397836,3.043860195043741,23.659578434441578,17.571858044354094,26.70343862948532,14.527997849310353
247,2015-000024152 Premier Gold Mines Limited-f1-02374821_2-1-1,2015-07-15,FS,17.0,20.540718239397837,3.0959345551797446,23.636652794577582,17.44478368421809,26.732587349757324,14.348849129038348
248,2015-000024909 Rambler Metals and Mining plc-f1-02396630_1-1-1,2015-07-20,,15.5,20.353218239397837,3.1694136949480733,23.52263193434591,17.183804544449764,26.692045629293983,14.014390849501691
249,2015-000034430 Hecla Mining Company-f1-02409846_1-1-1,2015-09-08,PEA,15.53,20.216468239397834,3.257571962950571,23.474040202348405,16.958896276447263,26.731612165298976,13.701324313496691
250,2015-000037125 Paramount Gold Nevada Corp-f1-02428759_2-1-1,2015-10-27,PEA,16.0,20.081468239397832,3.3185882295065614,23.400056468904396,16.76288000989127,26.718644698410955,13.44429178038471
251,2015-000023397 Lydian International Limited-f1-02420653_2-1-1,2015-11-06,FS,16.0,19.931468239397834,3.3649235314073374,23.296391770805172,16.566544707990495,26.661315302212508,13.20162117658316
252,2016-000016002 Gold Reach Resources Ltd-f1-02457915_1-1-1,2016-01-01,PEA,17.0,19.59696823939783,2.9375193817268728,22.534487621124704,16.65944885767096,25.472007002851576,13.721929475944087
253,2016-000000187 Canarc Resource Corp-f1-02441746_1-1-1,2016-01-19,,14.0,19.421968239397835,3.057837093623236,22.47980533302107,16.3641311457746,25.537642426644307,13.306294052151362
254,2016-000002899 NGEx Resources Inc-f1-02445738_1-1-1,2016-02-12,PEA,20.0,19.396968239397832,3.0486788918261447,22.44564713122398,16.348289347571686,25.49432602305012,13.299610455745544
255,2016-000009131 Euromax Resources Ltd-f1-02445372_1-1-1,2016-02-16,FS,18.0,19.321968239397833,3.0451309848025283,22.367099224200363,16.276837254595304,25.41223020900289,13.231706269792777
256,2016-000002894 Abacus Mining & Exploration Corporation-f1-02446208_1-1-1,2016-02-19,FS,16.0,19.171968239397835,3.0575828594024137,22.229551098800247,16.114385379995422,25.287133958202663,13.056802520593006
257,2016-000037284 Continental Gold Inc-f1-02446260_1-2-1,2016-02-24,,15.0,18.84696823939783,2.7728069595706306,21.619775198968462,16.0741612798272,24.392582158539092,13.301354320256571
258,2016-000023055 Rockhaven Resources Ltd-f1-02450368_2-1-1,2016-02-26,PEA,11.59672392549105,18.677918098137276,3.000147118508492,21.67806521664577,15.677770979628784,24.67821233515426,12.677623861120292
259,2016-000007764 Canamex Resources Corp-f1-02466950_1-1-1,2016-02-29,PEA,15.0,18.502918098137275,3.005551615180367,21.50846971331764,15.497366482956908,24.51402132849801,12.49181486777654
260,2016-000033407 Benton Resources Inc-f1-02472165_1-1-1,2016-03-07,PEA,14.0,18.302918098137276,3.0329260202125683,21.335844118349844,15.269992077924709,24.36877013856241,12.23706605771214
261,2016-000012585 Americas Silver Corporation-f1-02478065_1-1-1,2016-03-18,,16.0,18.277918098137274,3.048025025620268,21.325943123757543,15.229893072517006,24.37396814937781,12.181868046896739
262,2016-000002563 SEMAFO INC-f1-02459263_1-1-1,2016-03-23,FS,15.0,18.052918098137276,2.945249680252022,20.9981677783893,15.107668417885254,23.94341745864132,12.162418737633232
263,2016-000008502 Entree Gold Inc-f1-02463061_1-1-1,2016-03-29,FS,21.46,18.114418098137275,2.9908633709294246,21.1052814690667,15.12355472720785,24.096144839996125,12.132691356278425
264,2016-000029998 Falco Resources Ltd. ( Falco Pacific Resource Group Inc.)-f1-02500830_2-1-1,2016-04-28,,17.0,18.039418098137276,2.979962110531579,21.019380208668856,15.059455987605697,23.999342319200434,12.079493877074118
265,2016-000018190 Chesapeake Gold Corp-f1-02451974_1-2-1,2016-04-29,PFS,20.0,17.989418098137275,2.928132621963637,20.917550720100913,15.061285476173637,23.84568334206455,12.13315285421
266,2016-000030584 Atalaya Mining plc ( EMED Mining Public Limited)-f1-02537909_1-1-1,2016-04-30,PFS,17.9,17.936918098137276,2.909928941914503,20.84684704005178,15.026989156222774,23.756775981966282,12.117060214308271
267,2016-000040114 Pershing Gold Corporation-f1-02553974_1-1-1,2016-06-02,PEA,17.0,17.824418098137276,2.8551158956040696,20.679533993741344,14.969302202533207,23.534649889345417,12.114186306929136
268,2016-000026150 Silver Bear Resources Inc-f1-02504888_2-1-1,2016-06-09,FS,17.74,17.717918098137275,2.7736569238242033,20.491575021961477,14.944261174313072,23.265231945785683,12.170604250488868
269,2017-000005232 Miranda Gold Corp-f1-02609051_1-1-1,2016-06-24,,15.0,17.567918098137277,2.753779471319125,20.3216975694564,14.814138626818153,23.075477040775525,12.060359155499027
270,2016-000038853 Austral Gold Limited-f1-02540988_2-1-1,2016-06-30,,19.0,17.542918098137275,2.7356131356325157,20.27853123376979,14.807304962504759,23.014144369402306,12.071691826872243
271,2016-000031160 Transatlantic Mining Corp-f1-02565594_1-1-1,2016-06-30,,19.0,17.442918098137277,2.600803301304897,20.043721399442173,14.84211479683238,22.64452470074707,12.241311495527484
272,2016-000036217 Heron Resources Limited-f1-02509900_1-1-1,2016-07-19,FS,17.8,17.437918098137274,2.5998969501783193,20.037815048315593,14.838021147958955,22.637711998493913,12.238124197780635
273,2016-000003467 Aurcana Corporation-f1-02536932_2-1-1,2016-08-26,,20.0,17.487918098137275,2.6300406037509387,20.117958701888213,14.857877494386337,22.74799930563915,12.227836890635398
274,2016-000000204 GoldQuest Mining Corp-f1-02552025_1-1-1,2016-09-27,,20.0,17.525418098137273,2.655412591551084,20.180830689688356,14.870005506586189,22.83624328123944,12.214592915035105
275,2016-000032329 Copper North Mining Corp-f1-02557849_2-1-1,2016-10-12,PEA,17.5,17.462918098137273,2.6249213209895723,20.087839419126844,14.837996777147701,22.712760740116416,12.213075456158128
276,2016-000030617 K92 Mining Inc-f1-02541048_1-4-1,2016-11-25,,18.0,17.387918098137273,2.5634050586954107,19.951323156832686,14.824513039441863,22.514728215528095,12.261107980746452
277,2017-000030076 Dalradian Resources Inc-f1-02565362_1-2-1,2016-12-12,,17.0,17.417168098137275,2.5518214884777866,19.96898958661506,14.865346609659488,22.520811075092848,12.313525121181701
278,2017-000002178 Silver Standard Resources Inc-f1-02636395_1-1-1,2016-12-31,PFS,19.5,17.529668098137275,2.5416992124187163,20.071367310555992,14.987968885718558,22.61306652297471,12.446269673299842
279,2017-000003189 LEAGOLD MINING CORPORATION-f1-02582032_1-1-1,2016-12-31,PEA,4.26,17.21116809813728,3.296054415589383,20.50722251372666,13.915113682547895,23.803276929316045,10.619059266958512
280,2017-000022850 Alexco Resource Corp-f1-02603259_1-1-1,2017-01-03,,19.35,17.119918098137276,3.180170848204126,20.300088946341404,13.93974724993315,23.48025979454553,10.759576401729024
281,2017-000010750 Geologix Explorations Inc-f1-02587974_1-1-1,2017-01-19,PEA,18.0,17.169918098137277,3.1778331027740596,20.347751200911336,13.992084995363218,23.525584303685395,10.814251892589159
282,2017-000016221 Bluestone Resources Inc-f1-02597764_1-1-1,2017-02-07,,16.0,17.057418098137276,3.1363024073254167,20.193720505462693,13.92111569081186,23.33002291278811,10.784813283486443
283,2017-000037377 Alamos Gold Inc-f1-02606407_2-1-1,2017-02-15,FS,16.0,16.840918098137273,2.887032503069235,19.72795060120651,13.953885595068037,22.614983104275744,11.066853091998802
284,2017-000037377 Alamos Gold Inc-f1-02609882_3-1-1,2017-02-22,FS,16.0,16.740918098137275,2.8437545381759155,19.58467263631319,13.89716355996136,22.428427174489105,11.053409021785445
285,2017-000020880 Rosita Mining Corporation-f1-02613443_1-1-1,2017-03-06,PEA,18.0,16.753418098137274,2.848272022104879,19.601690120242154,13.905146076032395,22.449962142347033,11.056874053927515
286,2017-000003827 Arizona Mining Inc-f1-02611788_1-1-1,2017-03-29,,20.0,16.828418098137274,2.894061020281892,19.722479118419166,13.934357077855381,22.61654013870106,11.040296057573489
287,2017-000001691 Hudbay Minerals Inc. ( HudBay Minerals Inc.)-f1-02604944_1-1-2,2017-03-30,FS,18.0,16.853418098137276,2.899894525841494,19.75331262397877,13.953523572295781,22.653207149820265,11.053629046454287
288,2017-000007875 Skeena Resources Limited-f1-02630480_1-1-1,2017-04-20,PEA,17.75,16.909668098137274,2.8947861983741245,19.8044542965114,14.01488189976315,22.699240494885522,11.120095701389026
289,2017-000023653 Alio Gold Inc-f1-02632239_2-1-1,2017-05-16,PFS,17.0,16.946418098137276,2.8861399628848243,19.832558061022098,14.060278135252451,22.718698023906924,11.174138172367627
290,2019-000039579 BMC Minerals (No.1) Ltd-f1-02899896_1-1-1,2017-05-31,PFS,19.31,17.029168098137276,2.905694061663185,19.93486215980046,14.123474036474091,22.840556221463647,11.217779974810906
291,2017-000009080 Klondex Mines Ltd-f1-02657073_2-1-1,2017-05-31,,17.0,17.054168098137275,2.9009102241879474,19.95507832232522,14.153257873949327,22.85598854651317,11.25234764976138
292,2019-000039579 BMC Minerals (No.1) Ltd-f1-02904658_4-1-1,2017-05-31,PFS,19.31,17.111918098137274,2.9227154826560335,20.034633580793308,14.18920261548124,22.957349063449342,11.266487132825207
293,2017-000037111 Desert Star Resources Ltd-f1-02654496_1-1-1,2017-06-15,PFS,17.0,17.186918098137276,2.8789771034300764,20.065895201567354,14.3079409947072,22.94487230499743,11.428963891277125
294,2017-000029214 IDM Mining Ltd. (Formerly Revolution Resources Corp.)-f1-02659565_2-1-1,2017-06-26,,17.0,17.111918098137274,2.842662014911169,19.954580113048443,14.269256083226104,22.797242127959613,11.426594068314936
295,2017-000002068 SOLITARIO ZINC CORP-f1-02657439_1-1-1,2017-07-13,,16.5,17.074418098137276,2.840539268971272,19.91495736710855,14.233878829166004,22.75549663607982,11.393339560194732
296,2017-000037372 AuRico Metals Inc-f1-02649947_1-1-1,2017-07-14,,18.0,17.124418098137276,2.8387438437720602,19.963161941909338,14.285674254365215,22.8019057856814,11.446930410593156
297,2017-000043521 VM Holding S.A-f1-02677003_1-1-6,2017-07-26,,18.93,17.222668098137277,2.831331339739438,20.053999437876715,14.391336758397838,22.885330777616154,11.5600054186584
298,2018-000003031 Sierra Metals Inc. ( Dia Bras Exploration Inc.)-f1-02805626_4-1-1,2017-07-31,,17.8,17.37775,2.681183710554649,20.058933710554648,14.69656628944535,22.740117421109296,12.015382578890701
299,2017-000002154 Karmin Exploration Inc-f1-02684450_2-1-1,2017-07-31,,18.95,17.4765,2.664049885957807,20.14054988595781,14.812450114042194,22.804599771915615,12.148400228084387
300,2017-000043521 VM Holding S.A-f1-02677003_1-1-5,2017-08-02,PEA,18.91,17.59925,2.612374288473407,20.21162428847341,14.986875711526594,22.823998576946813,12.374501423053188
301,2018-000008846 Great Panther Silver Limited-f1-02734590_2-1-1,2017-08-31,,17.0,17.62425,2.6014393328625056,20.225689332862505,15.022810667137495,22.827128665725013,12.421371334274989
302,2018-000003031 Sierra Metals Inc. ( Dia Bras Exploration Inc.)-f1-02728178_1-1-1,2017-08-31,,18.3,17.70675,2.5681964014479646,20.274946401447963,15.138553598552035,22.84314280289593,12.57035719710407
303,2017-000023668 McEwen Mining Inc. ( US Gold Corporation)-f1-02683877_1-1-1,2017-09-01,PEA,17.0,17.59525,2.496895495487272,20.092145495487273,15.098354504512727,22.589040990974546,12.601459009025456
304,2018-000043280 Steppe Gold Ltd-f1-02689951_1-27-1,2017-09-06,FS,21.6,17.71025,2.573532429690111,20.28378242969011,15.136717570309887,22.85731485938022,12.563185140619776
305,2017-000029998 Falco Resources Ltd. ( Falco Pacific Resource Group Inc.)-f1-02687669_1-1-1,2017-10-05,,19.5,17.69775,2.563319650025168,20.261069650025167,15.134430349974831,22.824389300050335,12.571110699949664
306,2017-000006156 Eros Resources Corp-f1-02688691_1-1-1,2017-10-09,PEA,17.5,17.68775,2.5632906410035576,20.25104064100356,15.124459358996443,22.814331282007117,12.561168717992885
307,2017-000013727 MAG Silver Corp-f1-02710844_1-1-1,2017-10-21,,17.9,17.71025,2.561047950071244,20.271297950071244,15.149202049928753,22.832345900142485,12.58815409985751
308,2017-000030391 Corvus Gold Inc-f1-02688555_1-2-1,2017-10-31,PEA,16.28,17.673750000000002,2.5709976986894962,20.244747698689498,15.102752301310506,22.815745397378993,12.53175460262101
309,2018-000003031 Sierra Metals Inc. ( Dia Bras Exploration Inc.)-f1-02810331_5-1-1,2017-10-31,,18.25,17.755000000000003,2.535442104775159,20.29044210477516,15.219557895224844,22.82588420955032,12.684115790449685
310,2018-000037377 Alamos Gold Inc-f1-02721540_1-1-1,2017-12-01,FS,16.0,17.68,2.5420322982071304,20.22203229820713,15.137967701792869,22.76406459641426,12.595935403585738
311,2017-000004947 Yorbeau Resources Inc-f1-02711026_2-1-1,2017-12-06,,23.0,17.78,2.670711035641531,20.450711035641532,15.10928896435847,23.121422071283064,12.438577928716938
312,2018-000003827 Arizona Mining Inc-f1-02718639_1-1-1,2018-01-01,,20.0,17.835,2.693687778149849,20.528687778149852,15.141312221850152,23.2223755562997,12.447624443700303
313,2018-000008808 Aura Minerals Inc-f1-02820570_1-1-1,2018-01-31,FS,19.62,17.8255,2.686517095155757,20.51201709515576,15.138982904844244,23.198534190311516,12.452465809688487
314,2018-000026913 MAYA GOLD & SILVER INC-f1-02731585_1-1-1,2018-02-05,PEA,20.5,17.838,2.6980327115920106,20.53603271159201,15.139967288407991,23.23406542318402,12.44193457681598
315,2018-000031478 Lupaka Gold Corp-f1-02756702_1-1-1,2018-03-01,,16.75,17.819250000000004,2.70304328726355,20.522293287263555,15.116206712736453,23.225336574527105,12.413163425472904
316,2018-000012057 Gold Reserve Inc-f1-02754631_1-1-1,2018-03-16,PEA,17.0,17.79425,2.7059515483561984,20.500201548356202,15.088298451643803,23.2061530967124,12.382346903287605
317,2018-000005277 Polymet Mining Corp-f1-02745589_1-1-1,2018-03-26,FS,18.92,17.84225,2.708529251296399,20.550779251296397,15.1337207487036,23.2593085025928,12.425191497407202
318,2018-000005208 Telson Mining Corporation-f1-02753739_1-1-1,2018-03-30,,17.08,17.781750000000002,2.6975562421360566,20.479306242136058,15.084193757863947,23.176862484272114,12.38663751572789
319,2018-000003353 Excellon Resources Inc-f1-02820544_1-1-1,2018-03-31,,17.0,18.10025,1.5812304321278465,19.681480432127845,16.519019567872153,21.26271086425569,14.937789135744307
320,2018-000007860 Torex Gold Resources Inc-f1-02819812_1-1-1,2018-03-31,PEA,17.0,18.041500000000003,1.5772575192565468,19.61875751925655,16.464242480743454,21.196015038513096,14.88698496148691
321,2018-000001147 AbraPlata Resource Corp-f1-02757353_1-1-1,2018-04-16,PEA,20.0,18.091500000000003,1.607322267560214,19.698822267560217,16.48417773243979,21.30614453512043,14.876855464879576
322,2018-000034410 East Africa Metals Inc-f1-02785058_3-1-1,2018-04-30,PEA,17.0,18.116500000000002,1.581527256021375,19.698027256021376,16.534972743978628,21.27955451204275,14.953445487957252
323,2018-000034410 East Africa Metals Inc-f1-02785045_1-1-1,2018-04-30,,20.0,18.216500000000003,1.5706923999894624,19.787192399989465,16.645807600010542,21.35788479997893,15.075115200021079
324,2018-000031889 Callinex Mines Inc-f1-02792445_2-1-1,2018-05-14,PEA,17.0,18.241500000000002,1.5422087889510911,19.783708788951092,16.699291211048912,21.325917577902185,15.157082422097819
325,2018-000040114 Pershing Gold Corporation-f1-02794736_1-1-1,2018-05-24,FS,16.75,18.210250000000002,1.559792043173948,19.77004204317395,16.650457956826052,21.329834086347898,15.090665913652106
326,2018-000023055 Rockhaven Resources Ltd-f1-02802389_1-1-1,2018-06-05,PEA,16.0,18.11025,1.570293925614103,19.680543925614103,16.5399560743859,21.250837851228205,14.969662148771794
327,2018-000024140 Highland Copper Company Inc-f1-02801230_1-1-1,2018-06-14,,16.0,18.060250000000003,1.6053444194714857,19.66559441947149,16.454905580528518,21.270938838942975,14.849561161057032
328,2018-000003467 Aurcana Corporation-f1-02825402_2-1-1,2018-06-15,,18.5,18.079,1.6060076316196474,19.685007631619648,16.472992368380353,21.291015263239295,14.866984736760706
329,2018-000025619 Orla Mining Ltd-f1-02795220_2-1-1,2018-06-19,PEA,17.0,18.079,1.6060076316196474,19.685007631619648,16.472992368380353,21.291015263239295,14.866984736760706
330,2018-000001604 Lumina Gold Corp-f1-02789909_2-10-1,2018-06-27,PEA,19.0,18.07125,1.600654012968076,19.671904012968074,16.470595987031924,21.27255802593615,14.869941974063847
331,2018-000033780 Osisko Mining Inc. ( Oban Mining Corporation)-f1-02801521_3-1-1,2018-07-12,,17.0,18.07125,1.600654012968076,19.671904012968074,16.470595987031924,21.27255802593615,14.869941974063847
332,2018-000009698 Minera Alamos Inc-f1-02858872_2-1-1,2018-07-13,PEA,16.0,17.988500000000002,1.6204091759293178,19.60890917592932,16.368090824070684,21.229318351858637,14.747681648141366
333,2018-000008846 Great Panther Silver Limited-f1-02795635_3-1-1,2018-07-13,,16.5,17.976000000000003,1.630129458442514,19.606129458442517,16.34587054155749,21.23625891688503,14.715741083114974
334,2018-000025296 Equinox Gold Corp. ( Trek Mining Inc.)-f1-02815392_3-1-1,2018-07-16,PFS,17.0,17.976000000000003,1.630129458442514,19.606129458442517,16.34587054155749,21.23625891688503,14.715741083114974
335,2018-000013198 Nevada Copper Corp-f1-02830221_1-1-1,2018-08-17,FS,17.31,17.99625,1.6162963162895951,19.612546316289595,16.379953683710404,21.22884263257919,14.763657367420809
336,2018-000017006 Aquila Resources Inc-f1-02820553_2-1-1,2018-08-30,FS,20.0,18.04625,1.6470574967000795,19.69330749670008,16.399192503299922,21.340364993400158,14.752135006599842
337,2018-000028681 Golden Minerals Company-f1-02831416_2-1-1,2018-09-04,,16.66,17.9895,1.6549149021425138,19.644414902142515,16.334585097857484,21.299329804285026,14.679670195714973
338,2018-000016084 Velocity Minerals Ltd-f1-02822887_2-2-1,2018-09-10,PEA,18.0,17.9945,1.6546297904938665,19.649129790493866,16.33987020950613,21.30375958098773,14.685240419012265
339,2018-000033378 Candelaria Mining Corp-f1-02831316_1-1-1,2018-09-13,,17.0,17.945749999999997,1.654482470015858,19.600232470015854,16.29126752998414,21.25471494003171,14.63678505996828
340,2018-000028681 Golden Minerals Company-f1-02843605_3-1-1,2018-09-14,,16.63,17.888749999999998,1.6596774284982898,19.54842742849829,16.229072571501707,21.208104856996577,14.569395143003419
341,2018-000030391 Corvus Gold Inc-f1-02836781_1-1-1,2018-09-18,PEA,15.08,17.84075,1.7129497537798317,19.55369975377983,16.12780024622017,21.266649507559663,14.414850492440337
342,"2018-000043521 Nexa Resources S.A. (, VM Holding S.A.)-f1-02832441_1-1-1",2018-10-15,,18.5,17.845750000000002,1.7146157340304102,19.560365734030412,16.131134265969592,21.274981468060822,14.416518531939182
343,2018-000026264 Ascendant Resources Inc-f1-02854966_2-1-1,2018-10-22,,15.0,17.79575,1.7682337812428057,19.563983781242808,16.027516218757196,21.332217562485614,14.25928243751439
344,2018-000002899 NGEx Resources Inc-f1-02858390_2-1-1,2018-11-20,PFS,20.0,17.75575,1.696616372485141,19.45236637248514,16.059133627514857,21.148982744970283,14.362517255029717
345,2020-000008938 THEMAC Resources Group Limited-f1-03043389_1-1-1,2018-12-11,FS,16.0,17.66825,1.6946051465058525,19.362855146505854,15.973644853494148,21.057460293011705,14.279039706988296
346,2019-000039553 Filo Mining Corp-f1-02877026_1-1-1,2019-01-13,PFS,20.0,17.73075,1.7338875654850323,19.464637565485035,15.996862434514968,21.198525130970065,14.262974869029936
347,2019-000007910 ABCOURT MINES INC-f1-02872804_2-1-1,2019-01-15,FS,16.5,17.69575,1.7444812431471795,19.44023124314718,15.951268756852821,21.18471248629436,14.206787513705642
348,2019-000030240 Vendetta Mining Corp-f1-02885600_1-1-1,2019-01-21,PEA,16.5,17.701249999999998,1.7402448803515456,19.441494880351545,15.961005119648453,21.18173976070309,14.220760239296908
349,2019-000017484 Almaden Minerals Ltd-f1-02866901_1-1-1,2019-01-24,FS,17.0,17.669999999999998,1.7413610945287832,19.411361094528782,15.928638905471216,21.152722189057563,14.187277810942431
350,2019-000016221 Bluestone Resources Inc-f1-02873902_1-1-1,2019-01-29,,18.0,17.72,1.720772039015172,19.440772039015172,15.999227960984827,21.161544078030342,14.278455921969655
351,2019-000037742 SilverCrest Metals Inc-f1-02917144_2-2-1,2019-02-08,,16.68,17.561999999999998,1.4994515236561958,19.061451523656192,16.062548476343803,20.56090304731239,14.563096952687605
352,2019-000018368 Endeavour Silver Corp-f1-02912529_2-1-1,2019-02-12,,16.5,17.4745,1.4549966076266772,18.929496607626675,16.019503392373323,20.384493215253354,14.564506784746644
353,2019-000032588 Toachi Mining Inc-f1-02930919_1-1-1,2019-03-30,,16.64,17.4,1.418149751594917,18.818149751594916,15.981850248405081,20.236299503189834,14.563700496810164
354,2019-000012585 Americas Silver Corporation-f1-02918824_1-1-1,2019-04-03,,17.5,17.325,1.3263580365141396,18.65135803651414,15.99864196348586,19.97771607302828,14.67228392697172
355,2019-000003093 Orvana Minerals Corp-f1-02939218_1-1-1,2019-05-14,PEA,17.0,17.33125,1.3241662834228372,18.655416283422838,16.007083716577164,19.979582566845675,14.682917433154326
356,2019-000025085 Sandspring Resources Ltd-f1-02941780_1-1-1,2019-06-11,PEA,16.0,17.30625,1.339926686666486,18.646176686666486,15.966323313333513,19.98610337333297,14.626396626667027
357,2019-000008916 Tinka Resources Limited-f1-02937617_2-2-1,2019-07-02,,18.0,17.283250000000002,1.3192526779222882,18.602502677922292,15.963997322077715,19.921755355844578,14.644744644155427
358,2019-000023397 Lydian International Limited-f1-02975570_1-1-1,2019-09-16,FS,16.0,17.25625,1.3344828778527098,18.590732877852712,15.921767122147292,19.92521575570542,14.587284244294581
359,2019-000024140 Highland Copper Company Inc-f1-02983645_1-1-1,2019-09-22,,16.0,17.23125,1.3486977337131825,18.579947733713183,15.882552266286817,19.928645467426364,14.533854532573635
360,2019-000001837 TVI Pacific Inc-f1-02976127_1-1-1,2019-10-15,FS,15.0,17.18125,1.3938089989812166,18.575058998981216,15.787441001018783,19.96886799796243,14.393632002037565
361,2019-000020308 Erdene Resource Development Corporation-f1-02997666_2-1-1,2019-10-15,PFS,17.5,17.11875,1.3181712030357864,18.436921203035784,15.800578796964212,19.755092406071572,14.482407593928425
362,2019-000005643 American CuMo Mining Corporation-f1-02992459_1-1-1,2019-11-01,PEA,17.5,17.13125,1.3193863909855754,18.450636390985576,15.811863609014425,19.770022781971154,14.492477218028851
363,2020-000009025 IAMGOLD Corporation-f1-03016840_2-1-1,2019-11-06,FS,18.0,17.08125,1.243603505739337,18.324853505739338,15.837646494260664,19.568457011478674,14.594042988521327
364,2020-000026264 Ascendant Resources Inc-f1-03022181_1-1-1,2019-12-19,,18.0,17.10625,1.2519516815039247,18.358201681503925,15.854298318496074,19.61015336300785,14.60234663699215
365,2020-000003212 Taseko Mines Limited-f1-03007907_1-2-1,2019-12-31,PFS,18.0,17.1375,1.258415263082488,18.395915263082486,15.87908473691751,19.654330526164976,14.620669473835022
366,"2020-000043521 Nexa Resources S.A. (, VM Holding S.A.)-f1-03026212_1-1-1",2019-12-31,,16.96,17.161499999999997,1.24525056689767,18.406750566897667,15.916249433102326,19.652001133795338,14.670998866204656
367,2020-000025328 OceanaGold Corporation-f1-03107677_1-1-1,2020-01-01,PEA,17.0,17.1865,1.2312939826844227,18.417793982684422,15.955206017315575,19.649087965368842,14.723912034631153
368,2020-000025546 Argonaut Gold Inc-f1-03014070_1-1-1,2020-01-31,PFS,16.75,17.14275,1.2144007438513287,18.357150743851328,15.928349256148671,19.571551487702656,14.713948512297343
369,2020-000005697 Caldas Gold Corp. ( Bluenose Gold Corp.)-f1-03098424_1-1-1,2020-03-17,,17.0,17.14275,1.2144007438513287,18.357150743851328,15.928349256148671,19.571551487702656,14.713948512297343
370,2020-000028681 Golden Minerals Company-f1-03063976_2-1-1,2020-04-01,PEA,14.38,17.02725,1.2523393238460852,18.279589323846082,15.774910676153914,19.53192864769217,14.522571352307828
371,2020-000048037 Tethyan Resource Corp-f1-03084677_1-1-1,2020-04-30,PEA,17.2,17.032249999999998,1.2526269575862492,18.284876957586246,15.779623042413748,19.537503915172497,14.526996084827498
372,2020-000004132 Ascot Resources Ltd-f1-03061954_2-1-1,2020-05-22,,17.0,17.05725,1.241425953263378,18.298675953263377,15.815824046736623,19.540101906526758,14.574398093473244
373,2020-000023055 Rockhaven Resources Ltd-f1-03086606_1-1-1,2020-07-10,PEA,17.0,17.06975,1.2381841284305923,18.307934128430592,15.831565871569406,19.546118256861185,14.593381743138814
374,2020-000046596 Blue Lagoon Resources Inc-f1-03083518_1-1-1,2020-07-13,,14.5,17.00725,1.3031854217991123,18.310435421799113,15.704064578200887,19.613620843598223,14.400879156401775
375,2020-000033050 Trilogy Metals Inc. ( NovaCopper Inc.)-f1-03119913_1-1-1,2020-08-20,FS,18.0,17.0245,1.3118336159351245,18.336333615935125,15.712666384064875,19.64816723187025,14.400832768129751
376,2020-000005620 Troilus Gold Corp-f1-03122905_2-1-1,2020-08-31,PEA,20.0,17.0245,1.3118336159351245,18.336333615935125,15.712666384064875,19.64816723187025,14.400832768129751
377,2020-000008239 Calibre Mining Corp-f1-03113822_3-1-1,2020-09-04,PEA,16.0,17.008000000000003,1.3206567907576692,18.328656790757673,15.687343209242334,19.64931358151534,14.366686418484665
378,2020-000002899 Josemaria Resources Inc-f1-03131257_1-1-1,2020-09-28,FS,18.0,17.008000000000003,1.3206567907576692,18.328656790757673,15.687343209242334,19.64931358151534,14.366686418484665
379,2020-000037125 Paramount Gold Nevada Corp-f1-03128464_1-1-1,2020-10-01,,16.64,16.999000000000002,1.321938747174784,18.320938747174786,15.677061252825219,19.64287749434957,14.355122505650435
380,2021-000008433 Metallum Resources Inc-f1-03288400_1-1-1,2020-10-15,,21.0,17.10825,1.4636429568471256,18.571892956847126,15.644607043152876,20.035535913694254,14.18096408630575
381,2020-000036883 Fabled Copper Corp-f1-03148081_1-1-1,2020-12-02,,20.0,17.23125,1.4952149103741328,18.726464910374133,15.736035089625867,20.221679820748264,14.240820179251735
382,2021-000031923 Rokmaster Resources Corp-f1-03163135_1-1-1,2020-12-08,,20.55,17.2825,1.5729308752966666,18.855430875296666,15.709569124703332,20.428361750593332,14.136638249406666
383,2021-000023668 McEwen Mining Inc. ( US Gold Corporation)-f1-03173752_1-1-1,2020-12-31,FS,17.0,17.3325,1.529708787436019,18.862208787436018,15.802791212563982,20.39191757487204,14.273082425127962
384,2022-000005697 Aris Gold Corporation ( Caldas Gold Corp.)-f1-03352739_1-1-1,2021-01-01,,20.0,17.3325,1.529708787436019,18.862208787436018,15.802791212563982,20.39191757487204,14.273082425127962
385,2021-000037742 SilverCrest Metals Inc-f1-03169049_1-1-1,2021-01-04,,19.0,17.4075,1.5362320704760002,18.943732070476,15.871267929523999,20.479964140952,14.335035859047998
386,2021-000007841 Medgold Resources Corp-f1-03185854_1-1-1,2021-01-07,PEA,16.5,17.32,1.483556019009212,18.803556019009214,15.836443980990788,20.287112038018424,14.352887961981576
387,2021-000031522 Rockcliff Metals Corporation-f1-03163342_1-1-1,2021-01-12,,17.5,17.345,1.4777980848164545,18.822798084816455,15.867201915183545,20.300596169632907,14.38940383036709
388,2021-000029249 GoGold Resources Inc-f1-03176062_1-1-1,2021-01-20,PEA,21.0,17.4575,1.5796003227041915,19.03710032270419,15.877899677295808,20.616700645408383,14.298299354591617
389,2021-000022404 First Mining Gold Corp-f1-03182996_1-1-1,2021-01-20,PFS,20.0,17.5325,1.6278060585040754,19.160306058504073,15.904693941495923,20.78811211700815,14.276887882991847
390,2021-000030536 Braveheart Resources Inc-f1-03176084_1-1-1,2021-01-21,PEA,21.0,17.607499999999998,1.716588372623342,19.32408837262334,15.890911627376656,21.04067674524668,14.174323254753315
391,2021-000007595 Vangold Mining Corp-f1-03201291_1-1-1,2021-01-31,,19.49,17.67775,1.7350570632750175,19.412807063275018,15.942692936724981,21.147864126550033,14.207635873449965
392,2022-000043356 Titan Mining Corporation-f1-03353194_1-1-1,2021-02-24,PEA,17.0,17.69025,1.7281418619059636,19.418391861905963,15.962108138094035,21.146533723811928,14.233966276188072
393,2021-000043356 Titan Mining Corporation-f1-03191352_2-1-1,2021-02-24,PEA,17.0,17.69925,1.723463102042681,19.42271310204268,15.975786897957319,21.14617620408536,14.252323795914638
394,2021-000050209 1246778 B.C. LTD-f1-03239369_1-1-1,2021-03-31,PEA,18.5,17.724249999999998,1.7277462531820558,19.451996253182052,15.996503746817941,21.17974250636411,14.268757493635887
395,2021-000008301 Trevali Mining Corporation-f1-03263578_1-1-1,2021-03-31,,24.47,17.910999999999998,2.0255088629394287,19.936508862939426,15.88549113706057,21.962017725878855,13.85998227412114
396,2021-000025328 OceanaGold Corporation-f1-03198546_1-1-1,2021-03-31,FS,17.0,17.936,2.0074078195140563,19.943407819514057,15.928592180485943,21.950815639028114,13.921184360971887
397,2021-000003353 Excellon Resources Inc-f1-03239357_1-1-1,2021-03-31,,24.0,18.086,2.224719861361985,20.310719861361985,15.861280138638014,22.535439722723968,13.636560277276029
398,2021-000030782 Marathon Gold Corporation-f1-03208886_1-1-1,2021-04-23,FS,20.0,18.186,2.218441125123914,20.404441125123913,15.967558874876087,22.622882250247827,13.749117749752173
399,2021-000008849 Spanish Mountain Gold Ltd-f1-03234471_1-1-1,2021-05-10,PFS,24.0,18.386,2.371636673864813,20.757636673864813,16.014363326135186,23.129273347729626,13.642726652270373
400,2021-000045821 Luminex Resources Corp-f1-03278456_1-1-1,2021-07-28,PEA,21.0,18.535999999999998,2.3415410222702495,20.877541022270247,16.19445897772975,23.219082044540496,13.8529179554595
401,2021-000018190 Chesapeake Gold Corp-f1-03272399_1-1-1,2021-08-30,PEA,22.0,18.6485,2.3979131418584547,21.04641314185845,16.250586858141546,23.444326283716908,13.852673716283089
402,2021-000003151 Northern Dynasty Minerals Ltd-f1-03277351_2-2-1,2021-09-09,PEA,22.0,18.761,2.4476925816693216,21.20869258166932,16.313307418330677,23.65638516333864,13.865614836661356
403,2021-000020511 COPPER FOX METALS INC-f1-03296960_3-1-1,2021-09-10,PEA,20.0,18.811,2.4521720356263237,21.263172035626322,16.358827964373678,23.715344071252648,13.906655928747352
404,2021-000003502 Sonoro Gold Corp-f1-03294016_1-1-1,2021-09-15,PEA,22.0,18.910999999999998,2.4993576610698955,21.410357661069895,16.4116423389301,23.90971532213979,13.912284677860207
405,2021-000026107 Mexican Gold Mining Corp-f1-03280410_1-1-1,2021-09-18,,20.0,18.961,2.5006704741954473,21.461670474195447,16.46032952580455,23.962340948390892,13.959659051609105
406,2021-000008808 Aura Minerals Inc-f1-03320949_2-1-1,2021-09-30,PEA,22.0,19.087,2.5241258451296265,21.611125845129628,16.56287415487037,24.135251690259253,14.038748309740747
407,2021-000045902 NorZinc Ltd-f1-03299714_1-1-1,2021-10-15,,24.0,19.262,2.6166833577779083,21.87868335777791,16.64531664222209,24.495366715555818,14.028633284444183
408,2021-000003851 Salazar Resources Limited-f1-03291760_1-2-1,2021-10-26,FS,23.0,19.41825,2.649238775524711,22.067488775524712,16.76901122447529,24.716727551049424,14.119772448950577
409,2021-000043280 Steppe Gold Ltd-f1-03313510_2-1-1,2021-10-27,FS,21.0,19.518250000000002,2.631048233630921,22.149298233630923,16.88720176636908,24.780346467261843,14.25615353273816
410,2021-000037111 Kutcho Copper Corp. ( Desert Star Resources Ltd.)-f1-03321014_1-1-1,2021-11-08,FS,20.0,19.65875,2.496228116116874,22.154978116116876,17.162521883883127,24.651206232233747,14.666293767766254
411,"2022-000005465 Clean Air Metals Inc. (, Regency Gold Corp.)-f1-03325993_1-1-1",2021-12-01,,16.875,19.650624999999998,2.5049500193335317,22.15557501933353,17.145674980666467,24.66052503866706,14.640724961332936
412,2022-000026913 AYA GOLD & SILVER INC-f1-03363083_2-1-1,2021-12-13,FS,22.0,19.775624999999998,2.494018276489094,22.26964327648909,17.281606723510905,24.763661552978185,14.787588447021811
413,2022-000003093 Orvana Minerals Corp-f1-03337903_1-1-1,2021-12-29,PEA,22.0,19.900624999999998,2.4765759518966743,22.377200951896672,17.424049048103324,24.853776903793346,14.94747309620665
414,2022-000055678 Gold Fields Limited-f1-03447480_1-1-2,2021-12-31,FS,17.5,19.975625,2.351077000205977,22.326702000205977,17.624547999794025,24.677779000411956,15.273470999588046
415,2022-000030617 K92 Mining Inc-f1-03449414_3-1-1,2022-01-01,,20.0,20.025624999999998,2.329148955255832,22.35477395525583,17.696476044744166,24.68392291051166,15.367327089488334
416,2022-000030266 Cordoba Minerals Corp-f1-03325638_1-1-1,2022-01-11,PFS,21.0,20.050625,2.3342280850862096,22.38485308508621,17.71639691491379,24.71908117017242,15.382168829827581
417,2022-000031036 GoldMining Inc. ( Brazil Resources Inc.)-f1-03343368_1-1-1,2022-01-12,PEA,21.0,20.175625,2.2438803351189303,22.41950533511893,17.93174466488107,24.66338567023786,15.687864329762139
418,2022-000044782 Golden Independence Mining Corp-f1-03335960_1-1-1,2022-01-24,PEA,24.0,20.325625,2.294684266170484,22.620309266170484,18.030940733829514,24.914993532340965,15.73625646765903
419,2022-000023668 McEwen Mining Inc. ( US Gold Corporation)-f1-03358989_1-1-1,2022-01-26,,21.85,20.455875,2.2269833820606926,22.68285838206069,18.228891617939308,24.909841764121385,16.001908235878613
420,2022-000031522 Rockcliff Metals Corporation-f1-03340402_1-1-1,2022-02-01,,24.64,20.546875,2.322125100845018,22.869000100845017,18.224749899154983,25.191125201690035,15.902624798309965
421,2022-000016221 Bluestone Resources Inc-f1-03365225_1-1-1,2022-02-22,FS,20.0,20.546875,2.322125100845018,22.869000100845017,18.224749899154983,25.191125201690035,15.902624798309965
422,2022-000021121 Gold Standard Ventures Corp-f1-03350830_1-1-1,2022-02-23,FS,21.5,20.570625,2.3270108997519174,22.89763589975192,18.24361410024808,25.224646799503834,15.916603200496166
423,2023-000003353 Excellon Resources Inc-f1-03481561_1-1-1,2022-03-31,,22.5,20.708125000000003,2.272472303151322,22.980597303151324,18.43565269684868,25.253069606302645,16.16318039369736
424,2022-000013027 Cornerstone Capital Resources Inc-f1-03395605_1-1-1,2022-03-31,PFS,19.9,20.705625,2.273326148806256,22.978951148806257,18.432298851193746,25.252277297612515,16.158972702387487
425,2022-000007860 Torex Gold Resources Inc-f1-03362904_1-1-1,2022-04-01,FS,21.0,20.755625000000002,2.2567844118148255,23.01240941181483,18.498840588185175,25.269193823629653,16.24205617637035
426,2022-000001691 Hudbay Minerals Inc. ( HudBay Minerals Inc.)-f1-03409501_1-1-1,2022-05-01,PEA,22.0,20.893125,2.1561589445657536,23.049283944565754,18.736966055434248,25.205442889131508,16.580807110868495
427,2022-000052628 Endeavour Mining plc-f1-03468668_2-1-1,2022-06-01,FS,15.0,20.830625,2.289167407568072,23.119792407568074,18.54145759243193,25.408959815136146,16.252290184863856
428,2022-000003116 Aris Mining Corporation ( GCM Mining Corp.)-f1-03461399_1-1-1,2022-06-30,,19.0,20.780625,2.3071444742365252,23.087769474236527,18.473480525763474,25.39491394847305,16.16633605152695
429,2022-000032649 Bunker Hill Mining Corp-f1-03446457_1-1-1,2022-08-29,,21.5,20.818125000000002,2.306321215285732,23.124446215285733,18.51180378471427,25.430767430571464,16.20548256942854
430,2022-000007875 Skeena Resources Limited-f1-03437510_1-1-1,2022-09-06,FS,19.0,20.768125,2.3238897783507735,23.092014778350773,18.44423522164923,25.41590455670155,16.120345443298454
431,2022-000004017 Gold Bull Resources Corp-f1-03448953_1-1-1,2022-09-12,PEA,20.0,20.780875,2.3180893678432297,23.09896436784323,18.462785632156773,25.417053735686462,16.14469626431354
432,2022-000007638 Southern Silver Exploration Corp-f1-03445449_1-1-1,2022-10-13,,21.95,20.904625000000003,2.241950097657116,23.14657509765712,18.662674902342886,25.388525195314234,16.420724804685772
433,2023-000029200 Silver X Mining Corp-f1-03516759_1-1-1,2022-10-31,,22.56,21.043625,2.164685086204466,23.208310086204463,18.878939913795534,25.37299517240893,16.714254827591066
434,2023-000006180 New Pacific Metals Corp-f1-03492276_1-1-1,2022-11-30,PEA,22.5,21.143625,2.1363736311017347,23.279998631101734,19.007251368898267,25.41637226220347,16.87087773779653
435,2023-000005955 NorthWest Copper Corp. ( _Serengeti Resources Inc._)-f1-03493519_1-1-1,2023-01-04,PEA,21.5,21.069375,2.0683283810040436,23.137703381004044,19.001046618995957,25.206031762008088,16.932718237991914
436,2023-000025437 West Vault Mining Inc-f1-03501225_1-1-1,2023-01-11,PFS,22.5,21.206875,1.9714106258639719,23.17828562586397,19.23546437413603,25.149696251727946,17.264053748272055
437,2023-000033050 Trilogy Metals Inc-f1-03491294_1-1-1,2023-01-20,FS,21.0,21.131875,1.9187882419141087,23.05066324191411,19.213086758085893,24.96945148382822,17.294298516171782
438,2023-000020073 CERRO DE PASCO RESOURCES INC. ( Genius Properties Ltd.)-f1-03518451_1-1-1,2023-01-31,PEA,22.0,21.181874999999998,1.9145909677312525,23.096465967731252,19.267284032268744,25.011056935462502,17.352693064537494
439,2023-000008633 Los Andes Copper Ltd-f1-03518173_1-1-1,2023-02-20,PFS,21.79,21.126625,1.8623569941657512,22.98898199416575,19.26426800583425,24.851338988331502,17.4019110116685
440,2023-000027114 Treasury Metals Inc-f1-03493929_1-2-1,2023-02-22,PFS,21.0,21.126625,1.8623569941657512,22.98898199416575,19.26426800583425,24.851338988331502,17.4019110116685
441,2023-000040264 Meridian Mining UK Societas-f1-03514796_1-1-1,2023-03-01,PEA,21.35,21.110374999999998,1.8573700691348751,22.96774506913487,19.253004930865124,24.825115138269748,17.395634861730247
442,2023-000001604 Lumina Gold Corp-f1-03546687_1-1-1,2023-04-07,PFS,20.0,21.060375,1.8597257819298252,22.920100781929825,19.200649218070176,24.77982656385965,17.34092343614035
443,2023-000023668 McEwen Mining Inc. ( US Gold Corporation)-f1-03551473_1-1-1,2023-05-09,PEA,20.0,21.060375,1.8597257819298252,22.920100781929825,19.200649218070176,24.77982656385965,17.34092343614035
444,2023-000029249 GoGold Resources Inc-f1-03557381_1-1-1,2023-05-17,PEA,23.0,21.085375,1.8792993059676253,22.964674305967623,19.206075694032375,24.84397361193525,17.326776388064747
445,2023-000016002 Surge Copper Corp-f1-06001766_1-1-1,2023-06-12,PEA,23.0,21.160375,1.8946728245741085,23.055047824574107,19.26570217542589,24.949720649148215,17.37102935085178
446,2023-000027222 Avrupa Minerals Ltd-f1-06022779_1-1-1,2023-06-22,PEA,23.45,21.196625,1.9247808358423004,23.121405835842303,19.2718441641577,25.046186671684602,17.3470633283154
447,2023-000053528 Hot Chili Limited-f1-06008707_1-1-1,2023-06-28,PEA,21.0,21.121625,1.8704258350673308,22.99205083506733,19.25119916493267,24.86247667013466,17.38077332986534
448,2023-000009850 New Age Metals Inc-f1-06008684_1-3-1,2023-06-29,PEA,17.6877916603944,20.98881979150986,1.9215288331102203,22.91034862462008,19.067290958399642,24.8318774577303,17.145762125289423
449,2023-000001691 Hudbay Minerals Inc. ( HudBay Minerals Inc.)-f1-06024854_1-1-1,2023-07-01,PFS,3.9,20.56131979150986,3.315526937553683,23.876846729063544,17.245792853956175,27.192373666617225,13.930265916402494
450,2023-000030612 Westhaven Gold Corp-f1-06023256_1-1-1,2023-07-18,,22.0,20.61131979150986,3.3219192664747927,23.933239057984654,17.289400525035067,27.255158324459444,13.967481258560275
451,2023-000026264 Ascendant Resources Inc-f1-06003352_1-1-1,2023-07-24,,22.5,20.75194479150986,3.278472004262534,24.030416795772396,17.473472787247324,27.30888880003493,14.195000782984792
452,2023-000037377 Alamos Gold Inc-f1-06013025_2-1-1,2023-08-02,FS,22.5,20.76444479150986,3.2843005493309394,24.0487453408408,17.48014424217892,27.33304589017174,14.19584369284798
453,2023-000053453 Gold Resource Corporation-f1-06050160_2-1-1,2023-09-30,PEA,23.3,20.796944791509862,3.3032181952708157,24.100162986780678,17.493726596239046,27.403381182051493,14.19050840096823
454,2024-000006237 First Quantum Minerals Ltd-f1-06086044_1-1-1,2023-09-30,,22.75,20.92819479150986,3.273022145241094,24.201216936750953,17.655172646268767,27.474239081992046,14.382150501027672
455,2023-000026117 Oroco Resource Corp-f1-06059604_2-1-1,2023-10-11,PEA,22.5,20.99069479150986,3.2787077684651553,24.269402559975013,17.711987023044706,27.54811032844017,14.43327925457955
456,2023-000008464 Denarius Metals Corp. ( Denarius Silver Corp.)-f1-06063395_4-1-1,2023-10-24,,22.0,21.015694791509862,3.282590717889262,24.298285509399125,17.7331040736206,27.580876227288385,14.450513355731339
457,2023-000030449 Silver Tiger Metals Inc-f1-06064060_2-1-1,2023-10-27,PEA,23.75,21.08444479150986,3.310929016626497,24.395373808136355,17.773515774883364,27.706302824762854,14.462586758256865
458,2024-000047056 Andean Precious Metals Corp-f1-06085573_2-1-1,2023-12-01,PFS,23.0,21.05944479150986,3.2920715820622517,24.351516373572114,17.76737320944761,27.643587955634366,14.475301627385358
459,2024-000030266 Cordoba Minerals Corp-f1-06064213_1-3-1,2023-12-18,FS,22.19,21.06794479150986,3.2946030627306997,24.36254785424056,17.773341728779158,27.657150916971258,14.47873866604846
460,2024-000007595 Guanajuato Silver Company Ltd-f1-06115693_4-1-1,2023-12-31,,22.0,21.00194479150986,3.24731397010213,24.24925876161199,17.75463082140773,27.49657273171412,14.5073168513056
461,2024-000030617 K92 Mining Inc-f1-06213452_1-1-1,2024-01-01,,25.0,21.12694479150986,3.3035040637965762,24.430448855306437,17.823440727713283,27.73395291910301,14.519936663916708
462,2024-000047056 Andean Precious Metals Corp-f1-06080570_1-1-1,2024-01-12,FS,24.0,21.18944479150986,3.3342490444405266,24.523693835950386,17.855195747069335,27.857942880390915,14.520946702628807
463,2024-000004926 AVINO SILVER & GOLD MINES LTD-f1-06096510_1-1-1,2024-02-05,PFS,22.0,21.17694479150986,3.330144548011045,24.507089339520906,17.846800243498816,27.83723388753195,14.51665569548777
464,2024-000007580 Discovery Silver Corp-f1-06085725_1-4-1,2024-02-16,FS,22.0,21.22944479150986,3.326048042234856,24.555492833744715,17.903396749275004,27.88154087597957,14.577348707040148
465,2024-000008916 Tinka Resources Limited-f1-06113611_1-1-1,2024-02-28,,22.0,21.25444479150986,3.328036835687026,24.582481627196888,17.926407955822835,27.910518462883914,14.598371120135809
466,2024-000001147 AbraSilver Resource Corp-f1-06123794_2-1-1,2024-03-07,PFS,23.5,21.29194479150986,3.345060474840896,24.637005266350755,17.946884316668964,27.98206574119165,14.601823841828068
467,2024-000025546 Argonaut Gold Inc-f1-06138473_2-1-1,2024-05-01,OTHER,20.0,21.41694479150986,3.1939177201412976,24.610862511651156,18.223027071368563,27.804780231792456,15.029109351227264
468,2024-000005620 Troilus Gold Corp-f1-1_1-.pdf (eec5103ff2cd9904),2024-05-14,FS,23.0,21.51694479150986,3.1788876759105857,24.695832467420445,18.338057115599277,27.874720143331032,15.15916943968869
469,2024-000052252 Silver Mountain Resources Inc-f1-06149229_2-1-1,2024-05-15,,24.0,21.57944479150986,3.2030305098278844,24.782475301337744,18.376414281681978,27.98550581116563,15.173383771854091
470,2024-000045664 P2 Gold Inc-f1-06153816_1-1-1,2024-05-17,PEA,25.0,21.72944479150986,3.2195852413663015,24.94903003287616,18.50985955014356,28.168615274242462,15.290274308777256
471,2024-000054671 Aardvark 2 Capital Corp-f1-06206632_1-1-1,2024-05-24,,23.0,21.80444479150986,3.2132010047553283,25.017645796265185,18.591243786754532,28.230846801020515,15.378042781999202
472,2024-000013177 Alta Copper Corp-f1-06144797_1-1-1,2024-05-31,PEA,23.0,21.83069479150986,3.218704830379779,25.049399621889638,18.61198996113008,28.26810445226942,15.393285130750302
473,2024-000031453 Liberty Gold Corp. ( Pilot Gold Inc.)-f1-06208028_1-1-1,2024-06-01,PFS,25.0,21.89169479150986,3.255788297300539,25.1474830888104,18.63590649420932,28.403271386110937,15.380118196908782
474,2024-000006180 New Pacific Metals Corp-f1-06165441_1-1-1,2024-06-19,PFS,24.0,21.92919479150986,3.2715745666551053,25.200769358164965,18.657620224854757,28.472343924820073,15.38604565819965
475,2024-000025328 OceanaGold Corporation-f1-06218769_3-1-1,2024-06-30,PFS,20.0,21.89169479150986,3.2851887509162756,25.176883542426136,18.606506040593583,28.46207229334241,15.321317289677308
476,2024-000032350 Atico Mining Corporation-f1-06168420_2-1-1,2024-07-02,,23.3,21.911694791509863,3.2914162970162835,25.203111088526146,18.62027849449358,28.49452738554243,15.328862197477296
477,2024-000045314 Vizsla Silver Corp-f1-06174675_2-1-1,2024-07-24,,26.0,22.036694791509863,3.3503213793613065,25.38701617087117,18.686373412148555,28.737337550232475,15.33605203278725
478,2024-000033260 Thesis Gold Inc-f1-06193183_2-1-1,2024-08-30,PEA,24.0,22.086694791509863,3.3646529949826123,25.451347786492477,18.72204179652725,28.81600078147509,15.357388801544639
479,2024-000047750 Augusta Gold Corp-f1-06188692_1-1-1,2024-09-03,FS,0.0,21.54194479150986,4.850003060541388,26.391947852051246,16.691941730968473,31.241950912592635,11.841938670427083
480,2024-000013742 Blackrock Silver Corp-f1-4_1-.pdf (bed06b0af149fb94),2024-09-04,,23.0,21.59194479150986,4.854579858863208,26.446524650373068,16.737364932646653,31.301104509236275,11.882785073783444
481,2024-000006180 New Pacific Metals Corp-f1-06205411_2-1-1,2024-09-05,PEA,24.0,21.658194791509864,4.86925337493187,26.527448166441733,16.788941416577995,31.396701541373602,11.919688041646124
482,2024-000045726 Cerrado Gold Inc. ( BB1 Acquisition Corp.)-f1-06185468_1-1-1,2024-09-19,PEA,25.0,21.783194791509864,4.889729059734926,26.67292385124479,16.89346573177494,31.562652910979715,12.003736672040011
483,2024-000030449 Silver Tiger Metals Inc-f1-06217254_1-1-1,2024-10-22,PFS,26.0,21.933194791509862,4.925522810540181,26.858717602050042,17.007671980969683,31.784240412590222,12.082149170429501
