,report_id,effective_date,report_type,cad_rate,reported_CAD_RATE_rolling_40_mean,reported_CAD_RATE_rolling_40_std,reported_CAD_RATE_upper_1STD,reported_CAD_RATE_lower_1STD,reported_CAD_RATE_upper_2STD,reported_CAD_RATE_lower_2STD
0,2007-000003448 Sherwood Copper Corporation-f1-01199204_1-1-1,2007-11-30,PFS,1.0,,,,,,
1,2007-000007781 Independent Nickel Corp-f1-01195133_1-1-1,2007-12-05,,1.15,,,,,,
2,2008-000004246 Vista Gold Corp-f1-01205410_1-1-1,2008-01-09,PEA,1.0,,,,,,
3,2008-000000880 NovaGold Resources Inc-f1-01212400_1-1-1,2008-01-25,MRE,1.11,,,,,,
4,2008-000026704 PC Gold Inc-f1-01232671_1-1-1,2008-01-25,OTHER,1.0132,,,,,,
5,2009-000004246 Vista Gold Corp-f1-01381024_1-1-1,2008-03-15,MRE,1.3333,,,,,,
6,2008-000001913 Northgate Minerals Corporation-f1-01302144_4-1-1,2008-04-01,PEA,1.1111,,,,,,
7,2008-000023811 First Metals Inc-f1-01253557_1-1-1,2008-04-07,PFS,1.1111,,,,,,
8,2008-000011539 Alexis Minerals Corporation-f1-01246209_2-1-1,2008-04-08,,1.0,,,,,,
9,2008-000009374 Starfield Resources Inc-f1-01258110_1-1-1,2008-04-30,PEA,1.11,,,,,,
10,2008-000009151 LIBERTY MINES INC-f1-01268623_1-1-1,2008-05-16,,1.0204,,,,,,
11,2008-000000523 Shore Gold Inc-f1-01294737_3-1-1,2008-06-09,MRE,1.02,,,,,,
12,2008-000023904 Cadiscor Resources Inc-f1-01327410_1-1-1,2008-06-17,,1.0,,,,,,
13,2008-000003240 ST ANDREW GOLDFIELDS LTD-f1-01291360_1-1-1,2008-07-09,,1.05,,,,,,
14,2008-000025279 Copper Mountain Mining Corporation-f1-01321217_2-1-1,2008-09-11,FS,1.0526,,,,,,
15,2008-000017383 Manicouagan Minerals Inc-f1-01321090_1-1-1,2008-09-12,,1.0965,,,,,,
16,2008-000003832 Halo Resources Ltd-f1-01328625_2-1-1,2008-09-15,MRE,1.0,,,,,,
17,2008-000001691 HudBay Minerals Inc-f1-01323392_3-1-1,2008-09-19,,1.1,,,,,,
18,2008-000022200 TTM Resources Inc-f1-01329563_2-1-1,2008-10-07,PEA,1.1111,,,,,,
19,2008-000020132 Cogitore Resources Inc-f1-01357048_1-1-1,2008-10-24,,1.05,1.071965,0.07924270031133201,1.1512077003113321,0.992722299688668,1.2304504006226642,0.913479599377336
20,2008-000024893 Victory Nickel Inc-f1-01354993_1-1-1,2008-11-05,,1.0526,1.0710428571428572,0.0773517457555327,1.1483946028983898,0.9936911113873245,1.2257463486539226,0.9163393656317917
21,2008-000025315 Andean Resources Limited-f1-01357523_2-1-1,2008-12-01,PFS,1.0753,1.0712363636363635,0.07549303055473176,1.1467293941910952,0.9957433330816318,1.222222424745827,0.9202503025269
22,2008-000015687 Strateco Resources Inc-f1-01359415_3-1-1,2008-12-17,,1.0526,1.0704260869565219,0.07385962248747346,1.1442857094439953,0.9965664644690484,1.2181453319314688,0.9227068419815749
23,2009-000007862 Golden Band Resources Inc-f1-01384353_1-1-1,2009-01-16,PFS,1.1111,1.0721208333333332,0.07271169978918031,1.1448325331225135,0.9994091335441528,1.217544232911694,0.9266974337549726
24,2009-000003273 Osisko Mining Corporation-f1-01373072_1-6-1,2009-02-12,MRE,1.18,1.0764360000000002,0.07437887177597322,1.1508148717759734,1.002057128224027,1.2251937435519467,0.9276782564480537
25,2009-000001166 Comaplex Minerals Corp-f1-01377866_2-1-1,2009-02-20,PEA,1.1111,1.0777692307692308,0.07319250655213697,1.1509617373213679,1.0045767242170938,1.2241542438735047,0.9313842176649569
26,2009-000005733 Sabina Silver Corporation-f1-01407382_1-1-1,2009-02-26,MRE,1.1765,1.0814259259259258,0.07424370262128213,1.155669628547208,1.0071822233046437,1.22991333116849,0.9329385206833616
27,2009-000002878 Banro Corporation-f1-01381509_1-1-1,2009-02-27,FS,1.06,1.0806607142857143,0.07296827996432681,1.153628994250041,1.0076924343213876,1.226597274214368,0.9347241543570607
28,2009-000009025 IAMGOLD Corporation-f1-01384641_1-1-3,2009-02-27,,1.25,1.0865,0.07824981971681647,1.1647498197168165,1.0082501802831836,1.242999639433633,0.9300003605663671
29,2009-000005425 NEMI Northern Energy & Mining Inc-f1-01388105_1-1-1,2009-03-02,FS,1.0,1.0836166666666667,0.07849397114267516,1.1621106378093418,1.0051226955239916,1.240604608952017,0.9266287243813164
30,2009-000014092 Skyline Gold Corporation-f1-01384343_1-1-1,2009-03-04,PEA,1.1765,1.0866129032258065,0.07895712229615716,1.1655700255219636,1.0076557809296494,1.2445271478181208,0.9286986586334922
31,2009-000006087 Gabriel Resources Ltd-f1-01384149_1-1-1,2009-03-04,FS,1.23,1.09109375,0.08170445929907884,1.1727982092990787,1.0093892907009212,1.2545026685981577,0.9276848314018423
32,2009-000003026 North American Palladium Ltd-f1-01386739_1-1-1,2009-03-13,MRE,1.1111,1.0917,0.08049307035391302,1.172193070353913,1.0112069296460868,1.252686140707826,0.9307138592921739
33,2009-000004446 Ontex Resources Limited-f1-01422283_1-1-1,2009-05-04,,1.1111,1.092270588235294,0.0793338917579471,1.1716044799932412,1.012936696477347,1.2509383717511884,0.9336028047193999
34,2009-000025019 MVE Capital Corp-f1-01430818_1-1-1,2009-05-25,,1.25,1.096777142857143,0.08258068099712892,1.179357823854272,1.0141964618600139,1.2619385048514007,0.9316157808628851
35,2009-000025547 Garson Gold Corp-f1-01435503_1-1-1,2009-05-30,,1.2,1.0996444444444444,0.08319071529390225,1.1828351597383466,1.0164537291505422,1.2660258750322488,0.9332630138566399
36,2009-000022748 Explorator Resources Inc-f1-01441034_2-1-1,2009-05-30,PEA,1.0,1.0969513513513514,0.083646908761444,1.1805982601127953,1.0133044425899074,1.2642451688742393,0.9296575338284634
37,2009-000010193 Chariot Resources Limited-f1-01415384_1-2-1,2009-06-08,FS,1.24,1.100715789473684,0.08570997774177176,1.186425767215456,1.0150058117319123,1.2721357449572277,0.9292958339901406
38,2009-000002178 Silver Standard Resources Inc-f1-01445535_1-1-1,2009-06-12,,1.1236,1.1013025641025642,0.08465404360404474,1.185956607706609,1.0166485204985194,1.2706106513106536,0.9319944768944748
39,2009-000011769 Fronteer Development Group Inc-f1-01488718_3-1-1,2009-08-01,PEA,1.136,1.1021699999999999,0.0837415872544665,1.1859115872544663,1.0184284127455334,1.2696531745089328,0.9346868254910669
40,2009-000003240 ST ANDREW GOLDFIELDS LTD-f1-01455927_1-1-1,2009-08-06,MRE,1.1765,1.1065825,0.08286549462060752,1.1894479946206076,1.0237170053793925,1.2723134892412151,0.9408515107587849
41,2009-000005589 International Wayside Gold Mines Ltd-f1-01488666_1-1-1,2009-08-17,PFS,1.1765,1.107245,0.08332616466602014,1.1905711646660202,1.0239188353339799,1.2738973293320404,0.9405926706679597
42,2009-000009568 Lake Shore Gold Corp-f1-01483540_3-1-1,2009-08-28,,1.1628,1.111315,0.08191756503667844,1.1932325650366784,1.0293974349633217,1.275150130073357,0.9474798699266431
43,2009-000022426 MINCO SILVER CORPORATION-f1-01496862_1-1-1,2009-09-01,,1.2195,1.1140525000000001,0.08368308957471161,1.1977355895747117,1.0303694104252885,1.2814186791494233,0.9466863208505769
44,2009-000008250 Northland Resources Inc-f1-01487781_2-1-1,2009-10-20,PEA,1.25,1.1199724999999998,0.08473490482766718,1.204707404827667,1.0352375951723327,1.2894423096553342,0.9505026903446654
45,2009-000004771 0373849 B.C. Ltd-f1-01518222_1-1-1,2009-12-14,PFS,1.1111,1.1144175,0.07735299337022007,1.1917704933702202,1.03706450662978,1.2691234867404402,0.95971151325956
46,2009-000024083 Avanti Mining Inc-f1-01516189_1-1-1,2009-12-15,PFS,1.087,1.1138150000000002,0.07747325940656492,1.1912882594065652,1.0363417405934352,1.26876151881313,0.9588684811868704
47,2009-000011164 Hathor Exploration Limited-f1-01517081_2-1-1,2009-12-18,MRE,1.1,1.1135375,0.07750310725780846,1.1910406072578086,1.0360343927421916,1.268543714515617,0.9585312854843832
48,2010-000004818 New Gold Inc-f1-01544679_1-1-1,2009-12-31,,1.18,1.1180375000000002,0.0759519135577037,1.1939894135577038,1.0420855864422967,1.2699413271154076,0.9661336728845928
49,2010-000003272 Société d_exploration minière Vior Inc-f1-01528825_1-1-1,2010-01-22,,1.142,1.1188375000000002,0.07603356778086341,1.1948710677808636,1.0428039322191367,1.270904635561727,0.9667703644382734
50,2010-000002586 Adex Mining Inc-f1-01526896_1-1-1,2010-01-22,,1.1,1.1208275,0.0744155931670925,1.1952430931670925,1.0464119068329076,1.269658686334185,0.9719963136658151
51,2010-000005466 MDN INC-f1-01545636_1-1-1,2010-01-25,PEA,1.1111,1.123105,0.07262310485633564,1.1957281048563357,1.0504818951436643,1.2683512097126712,0.9778587902873288
52,2010-000029665 Stonegate Agricom Ltd-f1-01546609_1-1-2,2010-02-01,,1.07,1.124855,0.07038962973591305,1.195244629735913,1.054465370264087,1.265634259471826,0.9840757405281738
53,2010-000021049 Wescan Goldfields Inc-f1-01546365_1-1-1,2010-02-04,,1.0638,1.1252,0.0700463180093474,1.1952463180093473,1.0551536819906526,1.2652926360186947,0.9851073639813052
54,2010-000002968 Kinross Gold Corporation-f1-01592433_2-2-1,2010-02-18,FS,1.15,1.1276350000000002,0.06914497794025919,1.1967799779402593,1.058490022059741,1.2659249558805186,0.9893450441194818
55,2010-000009151 LIBERTY MINES INC-f1-01542198_2-1-1,2010-02-26,,1.1111,1.1280000000000001,0.06901482189374682,1.1970148218937469,1.0589851781062534,1.2660296437874938,0.9899703562125065
56,2010-000003273 Osisko Mining Corporation-f1-01549677_1-1-1,2010-03-22,MRE,1.18,1.1325,0.06626844784274884,1.198768447842749,1.0662315521572512,1.2650368956854978,0.9999631043145024
57,2010-000011539 Alexis Minerals Corporation-f1-01571168_1-1-1,2010-04-01,PEA,1.05,1.13125,0.06735978409125477,1.1986097840912548,1.0638902159087453,1.2659695681825096,0.9965304318174906
58,2010-000014169 Rusoro Mining Ltd-f1-01579192_1-1-1,2010-04-21,PFS,1.0309,1.129245,0.06914488300773816,1.1983898830077382,1.060100116992262,1.2675347660154763,0.9909552339845238
59,2010-000002178 Silver Standard Resources Inc-f1-01592513_3-1-1,2010-06-01,PEA,1.087,1.13017,0.06829990877344923,1.1984699087734492,1.0618700912265506,1.2667698175468984,0.9935701824531015
60,2010-000005241 Oromin Explorations Ltd-f1-01647230_1-7-1,2010-06-02,FS,1.05,1.130105,0.06837681774642744,1.1984818177464274,1.0617281822535725,1.2668586354928548,0.993351364507145
61,2010-000005427 Mega Precious Metals Inc. ( Mega Silver Inc.)-f1-01609435_1-1-1,2010-06-06,MRE,1.0526,1.1295375,0.06893526018050411,1.198472760180504,1.060602239819496,1.2674080203610083,0.9916669796389919
62,2010-000005974 Sona Resources Corp. ( J-Pacific Gold Inc.)-f1-01597225_2-1-1,2010-06-10,PEA,1.08,1.1302225,0.06828420055087227,1.1985067005508723,1.0619382994491275,1.2667909011017444,0.9936540988982554
63,2010-000000819 Newcastle Minerals Ltd-f1-01622050_1-1-1,2010-06-25,,1.0449,1.1285675000000002,0.06955006456337177,1.198117564563372,1.0590174354366284,1.2676676291267437,0.9894673708732566
64,2010-000009542 Bravo Gold Corp-f1-01601622_2-1-1,2010-06-28,,1.1111,1.126845,0.06909532230261696,1.195940322302617,1.0577496776973832,1.265035644605234,0.9886543553947662
65,2010-000011539 Alexis Minerals Corporation-f1-01604138_2-1-1,2010-06-28,,1.05,1.1253175,0.07012009802785397,1.195437598027854,1.055197401972146,1.265557696055708,0.985077303944292
66,2010-000027114 Treasury Metals Inc-f1-01625565_1-1-1,2010-07-09,PEA,1.0,1.120905,0.07233510319233749,1.1932401031923376,1.0485698968076624,1.265575206384675,0.9762347936153251
67,2010-000011215 Western Coal Corp-f1-01608130_1-1-1,2010-07-16,PFS,1.0526,1.12072,0.07250412967902435,1.1932241296790242,1.0482158703209756,1.2657282593580486,0.9757117406419512
68,2010-000002950 Tyhee Development Corp-f1-01633185_1-1-1,2010-07-22,PFS,1.0753,1.1163525,0.06972542481322419,1.1860779248132243,1.046627075186776,1.2558033496264485,0.9769016503735517
69,2010-000007836 SHEAR MINERALS LTD-f1-01617517_1-1-1,2010-07-26,MRE,1.1494,1.1200875,0.06729193645258265,1.1873794364525825,1.0527955635474173,1.2546713729051653,0.9855036270948346
70,2010-000003958 OPAWICA EXPLORATIONS INC-f1-01622819_1-1-1,2010-08-16,PEA,1.087,1.11785,0.06685463373081939,1.1847046337308194,1.0509953662691807,1.2515592674616387,0.9841407325383612
71,2010-000022760 Blue Note Mining Inc-f1-01627258_1-1-1,2010-08-27,,1.05,1.11335,0.06514837896717961,1.1784983789671797,1.0482016210328204,1.2436467579343593,0.9830532420656408
72,2010-000022586 Donner Metals Ltd-f1-01646195_1-1-1,2010-09-21,,1.04,1.1115724999999999,0.06617322251640083,1.1777457225164008,1.045399277483599,1.2439189450328014,0.9792260549671982
73,2010-000026016 Quest Rare Minerals Ltd-f1-01638664_1-1-1,2010-09-24,PEA,1.042,1.109845,0.06708159191878905,1.176926591918789,1.042763408081211,1.244008183837578,0.9756818161624219
74,2010-000030716 Royal Nickel Corporation-f1-01661095_1-1-1,2010-09-30,PEA,1.1111,1.1063725,0.06311842344518043,1.1694909234451805,1.0432540765548195,1.232609346890361,0.9801356531096391
75,2010-000025297 Sandstorm Resources Ltd-f1-01643054_3-1-1,2010-10-05,,1.05,1.1026225,0.0618564777508675,1.1644789777508675,1.0407660222491326,1.2263354555017352,0.9789095444982651
76,2010-000027349 Fire River Gold Corp-f1-01647297_1-1-1,2010-10-08,,1.033,1.1034475,0.06066119017617211,1.164108690176172,1.042786309823828,1.2247698803523441,0.9821251196476557
77,2011a-000010750 Geologix Explorations Inc-f1-01696761_1-8-1,2010-10-08,PEA,1.1,1.0999475,0.056474800314058646,1.1564223003140588,1.0434726996859414,1.2128971006281173,0.9869978993718828
78,2010-000005311 Mountain Province Diamonds Inc-f1-01672665_1-1-1,2010-12-01,FS,1.0753,1.0987399999999998,0.05647247026149889,1.1552124702614988,1.042267529738501,1.2116849405229977,0.9857950594770021
79,2010-000002929 Breakwater Resources Ltd-f1-01673123_2-1-1,2010-12-03,,1.12,1.09834,0.05625804466690581,1.154598044666906,1.0420819553330942,1.2108560893338116,0.9858239106661885
80,2011a-000017484 Almaden Minerals Ltd-f1-01690925_1-1-1,2010-12-10,PEA,1.0526,1.0952425,0.055246096915157306,1.1504885969151573,1.0399964030848425,1.2057346938303146,0.9847503061696853
81,2011a-000005689 Capstone Mining Corp-f1-01723434_2-1-1,2010-12-15,PFS,1.16,1.09483,0.05468254866230274,1.1495125486623028,1.0401474513376971,1.2041950973246054,0.9854649026753945
82,2011a-000024083 Avanti Mining Inc-f1-01692252_1-1-1,2010-12-15,FS,1.087,1.092935,0.05356874591085287,1.146503745910853,1.039366254089147,1.2000724918217058,0.9857975081782943
83,2011a-000007891 Canada Lithium Corp-f1-01684820_1-1-1,2011-01-05,FS,1.1,1.0899475,0.049507580292418196,1.1394550802924184,1.0404399197075818,1.1889626605848365,0.9909323394151637
84,2011a-000001108 Wesdome Gold Mines Ltd-f1-01686400_1-1-1,2011-01-12,PFS,1.06,1.0851975,0.04235580962482405,1.127553309624824,1.042841690375176,1.169909119249648,1.000485880750352
85,2011a-000008626 Baffinland Iron Mines Corporation-f1-01703743_1-1-1,2011-01-13,FS,1.07,1.0841699999999999,0.04220960031763316,1.126379600317633,1.0419603996823668,1.1685892006352663,0.9997507993647335
86,2011a-000005795 Bard Ventures Ltd-f1-01704876_1-1-1,2011-01-21,PEA,1.0526,1.08331,0.04249990527892889,1.125809905278929,1.040810094721071,1.1683098105578578,0.9983101894421422
87,2011a-000001555 Cenit Corporation-f1-01737832_1-1-1,2011-02-12,,1.0204,1.08132,0.04354901276516487,1.1248690127651648,1.0377709872348353,1.1684180255303298,0.9942219744696703
88,2011a-000017609 UEX Corporation-f1-01700996_1-1-1,2011-02-15,PEA,1.05,1.07807,0.040757206064128415,1.1188272060641284,1.0373127939358717,1.159584412128257,0.9965555878717433
89,2011a-000020823 Equinox Minerals Limited-f1-01709025_1-1-1,2011-03-07,FS,1.15,1.07827,0.04109717190344755,1.1193671719034477,1.0371728280965524,1.1604643438068951,0.996075656193105
90,2011a-000007482 Avalon Rare Metals Inc-f1-01710927_1-1-1,2011-03-13,,1.11,1.07852,0.0412628298618152,1.119782829861815,1.0372571701381847,1.1610456597236303,0.9959943402763696
91,2011b-000031701 Aurvista Gold Corporation-f1-01752152_1-26-1,2011-03-15,,1.08,1.0777424999999998,0.040924814662111605,1.1186673146621113,1.0368176853378883,1.159592129324223,0.9958928706757766
92,2011a-000005504 Largo Resources Ltd-f1-01726780_2-1-1,2011-03-28,PEA,1.0,1.0759925,0.042721587574337354,1.1187140875743373,1.0332709124256625,1.1614356751486745,0.9905493248513252
93,2011a-000005437 Prodigy Gold Inc-f1-01745481_2-1-1,2011-03-29,PEA,1.0526,1.0757125,0.042840085395183886,1.1185525853951839,1.0328724146048163,1.161392670790368,0.9900323292096322
94,2011a-000002563 SEMAFO INC-f1-01722229_1-1-1,2011-03-31,FS,1.0204,1.0724725,0.04196964096606611,1.114442140966066,1.0305028590339338,1.1564117819321322,0.9885332180678678
95,2011a-000002470 Fortune Minerals Limited-f1-01722811_1-1-1,2011-03-31,FS,1.0526,1.07101,0.04160678445663034,1.1126167844566304,1.0294032155433697,1.1542235689132607,0.9877964310867393
96,2011a-000002301 KWG Resources Inc-f1-01751599_1-1-1,2011-03-31,PEA,1.0,1.0665099999999998,0.03917987971343148,1.1056898797134314,1.0273301202865683,1.1448697594268629,0.9881502405731368
97,2011a-000010633 Adriana Resources Inc-f1-01729127_1-1-1,2011-04-08,PEA,1.05,1.06651,0.03917987971343148,1.1056898797134316,1.0273301202865686,1.144869759426863,0.988150240573137
98,2011a-000028385 Canada Fluorspar Inc-f1-01744012_1-1-1,2011-04-29,,1.03,1.0664875,0.03920110665300787,1.1056886066530078,1.0272863933469922,1.1448897133060159,0.9880852866939843
99,2011a-000007891 Canada Lithium Corp-f1-01756772_2-1-1,2011-06-03,MRE,1.0,1.0643125000000002,0.04042813939730828,1.1047406393973085,1.023884360602692,1.1451687787946168,0.9834562212053837
100,2011a-000014871 Compliance Energy Corporation-f1-01759860_1-1-1,2011-06-08,,1.1111,1.0658400000000001,0.04102339420129515,1.1068633942012953,1.024816605798705,1.1478867884025905,0.9837932115974098
101,2011b-000002842 Century Mining Corporation-f1-01784474_1-1-1,2011-06-20,OTHER,1.0,1.0645250000000002,0.042282406779615894,1.106807406779616,1.0222425932203842,1.149089813559232,0.9799601864407683
102,2011b-000000880 NovaGold Resources Inc-f1-01801094_1-1-1,2011-07-11,PFS,1.1,1.0650249999999999,0.042587248302146774,1.1076122483021467,1.0224377516978531,1.1501994966042934,0.9798505033957063
103,2011b-000027813 NEMASKA EXPLORATION INC-f1-01772450_1-1-1,2011-07-11,MRE,1.0,1.0639025,0.043708272335026076,1.1076107723350261,1.0201942276649738,1.151319044670052,0.9764859553299479
104,2011b-000000523 Shore Gold Inc-f1-01792961_1-1-1,2011-07-14,FS,1.0582,1.06258,0.04303876130140085,1.105618761301401,1.0195412386985991,1.1486575226028017,0.9765024773971984
105,2012-000033663 Appia Energy Corp-f1-01964725_1-8-1,2011-07-18,,1.1111,1.0641075,0.0436605988395215,1.1077680988395215,1.0204469011604784,1.151428697679043,0.976786302320957
106,2011b-000001913 Northgate Minerals Corporation-f1-01800614_1-1-1,2011-07-22,,1.0,1.0641075,0.0436605988395215,1.1077680988395215,1.0204469011604784,1.151428697679043,0.976786302320957
107,2011b-000009365 Rubicon Minerals Corporation-f1-01783947_1-1-1,2011-08-08,,1.0,1.0627925,0.04479349991477972,1.1075859999147797,1.0179990000852204,1.1523794998295596,0.9732055001704406
108,2011b-000011164 Hathor Exploration Limited-f1-01803085_1-2-1,2011-09-13,,1.05,1.06216,0.04479098352490366,1.1069509835249036,1.0173690164750964,1.1517419670498072,0.9725780329501926
109,2011b-000008020 Molycor Gold Corporation-f1-01802532_1-1-1,2011-09-15,PEA,1.0,1.0584250000000002,0.043541343453591064,1.1019663434535913,1.014883656546409,1.1455076869071823,0.971342313092818
110,2011b-000016212 Commerce Resources Corp-f1-01819332_1-1-1,2011-09-29,,1.0526,1.0575649999999999,0.043301539914584415,1.1008665399145843,1.0142634600854155,1.1441680798291687,0.970961920170831
111,2011b-000002073 Brigus Gold Corp. ( Apollo Gold Corporation)-f1-01811010_1-1-1,2011-10-06,PFS,1.0417,1.0573575,0.0433585698949276,1.1007160698949277,1.0139989301050722,1.1440746397898551,0.9706403602101448
112,2011b-000026608 Argex Mining Inc-f1-01839678_3-1-1,2011-10-12,PEA,1.0,1.0563575,0.0442218352348526,1.1005793352348527,1.0121356647651474,1.1448011704697052,0.9679138295302949
113,2011b-000019195 Stikine Energy Corp. ( Stikine Gold Corporation)-f1-01827609_1-1-1,2011-10-25,PEA,1.0309,1.0560800000000001,0.0443488860323197,1.10042888603232,1.0117311139676803,1.1447777720646395,0.9673822279353608
114,2012-000005206 Alderon Iron Ore Corp-f1-01874410_1-1-1,2011-10-26,PEA,1.0,1.0533025,0.04429369051265383,1.097596190512654,1.0090088094873462,1.1418898810253078,0.9647151189746923
115,"2011b-000002881 Auriga Gold Corp. (, Ursa Major International Inc.)-f1-01840782_1-1-1",2011-10-31,PEA,1.0309,1.052825,0.04443293852133816,1.0972579385213381,1.0083920614786617,1.1416908770426761,0.9639591229573236
116,2011b-000011375 Thundermin Resources Inc-f1-01840639_2-1-1,2011-11-01,,1.0526,1.053315,0.04431662621380772,1.0976316262138077,1.0089983737861923,1.1419482524276154,0.9646817475723846
117,"2011b-000023134 General Moly, Inc-f1-01825783_1-1-1",2011-11-11,PFS,1.06,1.0523150000000001,0.043682940107211736,1.0959979401072117,1.0086320598927885,1.1396808802144236,0.9649491197855766
118,2012-000000162 Gowest Gold Ltd-f1-01862155_1-1-1,2011-11-12,,1.0,1.0504325,0.0442853705513659,1.094717870551366,1.0061471294486342,1.139003241102732,0.9618617588972683
119,2012-000003760 Abitex Resources Inc-f1-01863517_1-1-1,2011-11-21,,1.05,1.0486825,0.04282481240697149,1.0915073124069714,1.0058576875930285,1.1343321248139429,0.963032875186057
120,2011b-000006077 Stratabound Minerals Corp-f1-01836274_1-1-1,2011-11-23,PEA,1.023,1.0479425,0.04301071951955391,1.090953219519554,1.004931780480446,1.1339639390391079,0.9619210609608921
121,2012-000007619 Orbite Aluminae Inc-f1-01848436_1-1-1,2011-11-23,PEA,1.0,1.0439425,0.0396292296132991,1.0835717296132992,1.0043132703867008,1.1232009592265981,0.9646840407734018
122,2011b-000014892 Hudson Resources Inc-f1-01842871_1-1-1,2011-11-25,PEA,1.009,1.0419924999999999,0.039374431294224216,1.081366931294224,1.0026180687057757,1.1207413625884484,0.9632436374115514
123,2011b-000010348 Hard Creek Nickel Corporation-f1-01837196_2-1-1,2011-12-02,PEA,1.0526,1.0408075,0.03828200613329632,1.0790895061332964,1.0025254938667039,1.1173715122665928,0.9642434877334075
124,2012-000019195 Stikine Energy Corp. ( Stikine Gold Corporation)-f1-01850619_1-1-1,2011-12-12,PEA,1.0309,1.0400800000000001,0.038184304736437476,1.0782643047364375,1.0018956952635627,1.1164486094728752,0.9637113905271252
125,2011b-000030716 Royal Nickel Corporation-f1-01840899_1-1-1,2011-12-16,PFS,1.1111,1.0411075,0.039539012785491684,1.0806465127854918,1.0015684872145083,1.1201855255709834,0.9620294744290168
126,2011b-000009470 Rainy River Resources Ltd-f1-01844107_2-1-1,2011-12-23,PEA,1.05,1.0410425,0.039521768668898685,1.0805642686688988,1.0015207313311014,1.1200860373377974,0.9619989626622028
127,2012-000002894 Abacus Mining & Exploration Corp-f1-01846955_1-1-1,2012-01-06,FS,1.087,1.0427075000000001,0.040029453178814026,1.0827369531788142,1.002678046821186,1.1227664063576281,0.9626485936423721
128,2012-000009698 Virgin Metals Inc-f1-01912517_1-1-1,2012-01-10,PEA,1.0,1.0414575,0.040572877687516155,1.082030377687516,1.0008846223124839,1.1226032553750322,0.9603117446249676
129,2012-000004922 CORAL GOLD RESOURCES LTD-f1-01853597_1-1-1,2012-01-15,PEA,1.0,1.0377075,0.03706367623636164,1.0747711762363616,1.0006438237636384,1.1118348524727233,0.9635801475272767
130,2012-000002830 Goldcorp Inc-f1-01884234_1-1-2,2012-01-26,,1.1,1.0374575,0.03659430309803374,1.0740518030980337,1.0008631969019661,1.1106461061960675,0.9642688938039324
131,2012-000030615 Coalspur Mines Limited-f1-01853056_1-1-1,2012-01-26,FS,1.0,1.0354575000000001,0.036395187674985674,1.0718526876749859,0.9990623123250144,1.1082478753499716,0.9626671246500288
132,2012-000008330 Queenston Mining Inc-f1-01883856_1-1-1,2012-02-16,,1.0417,1.0365,0.035947982361982836,1.0724479823619828,1.0005520176380172,1.1083959647239656,0.9646040352760343
133,2012-000001053 Advanced Explorations Inc-f1-01867779_1-1-1,2012-03-02,MRE,1.0526,1.0364999999999998,0.035947982361982836,1.0724479823619826,1.000552017638017,1.1083959647239654,0.9646040352760341
134,2012-000016212 Commerce Resources Corp-f1-01930452_1-1-1,2012-03-06,PEA,1.0,1.03599,0.036324984691263204,1.0723149846912632,0.9996650153087367,1.1086399693825264,0.9633400306174735
135,2012-000003905 Sprott Resource Corp-f1-01880209_1-1-1,2012-03-26,,1.0101,1.0349275,0.03644803809218301,1.071375538092183,0.998479461907817,1.107823576184366,0.962031423815634
136,2012-000001691 HudBay Minerals Inc-f1-01884181_1-1-1,2012-03-29,,1.05,1.0361775,0.03607494682548446,1.0722524468254844,1.0001025531745156,1.108327393650969,0.9640276063490311
137,2013-000029557 Yellowhead Mining Inc-f1-02012574_1-1-1,2012-03-29,FS,1.0,1.0349275,0.03644803809218301,1.071375538092183,0.998479461907817,1.107823576184366,0.962031423815634
138,2012-000029557 Yellowhead Mining Inc-f1-01882029_1-1-1,2012-03-29,FS,1.0,1.0341775,0.03685838100079809,1.071035881000798,0.9973191189992019,1.1078942620015961,0.9604607379984038
139,2012-000016934 VMS Ventures Inc-f1-01906981_1-1-1,2012-04-02,,1.05,1.0354275,0.03651582717966797,1.071943327179668,0.998911672820332,1.1084591543593358,0.962395845640664
140,2012-000006065 Victoria Gold Corp. ( Victoria Resource Corporation)-f1-01888118_1-1-1,2012-04-05,FS,1.087,1.034825,0.03541754418219069,1.0702425441821908,0.9994074558178094,1.1056600883643815,0.9639899116356188
141,2012-000022477 Guyana Goldfields Inc-f1-01888138_1-1-1,2012-04-09,FS,1.0,1.034825,0.03541754418219069,1.0702425441821908,0.9994074558178094,1.1056600883643815,0.9639899116356188
142,2012-000002319 Globex Mining Enterprises Inc-f1-01890658_2-1-1,2012-04-16,PEA,1.0593,1.0338075000000002,0.03405558343092225,1.0678630834309224,0.9997519165690779,1.1019186668618448,0.9656963331381557
143,2012-000008090 Huakan International Mining Inc-f1-01920382_1-1-1,2012-04-24,,1.0,1.0338075,0.03405558343092225,1.0678630834309222,0.9997519165690777,1.1019186668618446,0.9656963331381555
144,2012-000009568 Lake Shore Gold Corp-f1-01909912_2-1-1,2012-05-14,,1.0,1.0323525,0.034229541803116145,1.0665820418031162,0.9981229581968839,1.1008115836062322,0.9638934163937677
145,2012-000005760 Sunridge Gold Corp-f1-01928370_5-1-1,2012-05-14,FS,1.0,1.029575,0.03211826503281184,1.0616932650328117,0.9974567349671881,1.0938115300656235,0.9653384699343762
146,2012-000004904 Cadillac Ventures Inc-f1-01928596_2-1-1,2012-05-15,PEA,1.0101,1.0298275,0.03191887945064191,1.0617463794506419,0.997908620549358,1.0936652589012836,0.965989741098716
147,2012-000000171 Harte Gold Corp-f1-01932502_1-1-1,2012-05-31,,1.0,1.0298275,0.03191887945064191,1.0617463794506419,0.997908620549358,1.0936652589012836,0.965989741098716
148,2012-000002753 CANADIAN ZINC CORPORATION-f1-01942300_1-1-1,2012-06-15,,1.0,1.0285775,0.03208723276336324,1.0606647327633631,0.9964902672366367,1.0927519655267264,0.9644030344732735
149,2012-000009154 Pele Mountain Resources Inc-f1-01929839_1-1-1,2012-06-20,,1.0,1.0285775,0.03208723276336324,1.0606647327633631,0.9964902672366367,1.0927519655267264,0.9644030344732735
150,2012-000007531 Seabridge Gold Inc-f1-01928341_1-1-1,2012-06-22,PFS,1.0417,1.028305,0.031923859335484334,1.0602288593354843,0.9963811406645157,1.0921527186709687,0.9644572813290313
151,2012-000006210 SILVERCORP METALS INC-f1-01984618_6-1-1,2012-06-27,,1.0,1.0272625000000002,0.0321552538874147,1.059417753887415,0.9951072461125855,1.0915730077748296,0.9629519922251708
152,2012-000030640 Karnalyte Resources Inc-f1-01933745_1-1-1,2012-06-27,,1.0,1.0272625000000002,0.0321552538874147,1.059417753887415,0.9951072461125855,1.0915730077748296,0.9629519922251708
153,2012-000026781 Magna Resources Ltd-f1-01932797_1-1-1,2012-06-27,,1.0121,1.0267925,0.03223801218262651,1.0590305121826264,0.9945544878173735,1.091268524365253,0.962316475634747
154,2012-000003092 Aurizon Mines Ltd-f1-01933993_2-1-1,2012-07-01,FS,1.0,1.0267925,0.03223801218262651,1.0590305121826264,0.9945544878173735,1.091268524365253,0.962316475634747
155,2013-000017100 Typhoon Exploration Inc-f1-02057960_1-1-1,2012-08-03,PEA,1.02,1.02652,0.03224846806140856,1.0587684680614087,0.9942715319385915,1.0910169361228172,0.962023063877183
156,2012-000001053 Advanced Explorations Inc-f1-01963181_2-1-1,2012-08-10,FS,1.0526,1.02652,0.03224846806140856,1.0587684680614087,0.9942715319385915,1.0910169361228172,0.962023063877183
157,2012-000030431 Northern Graphite Corporation-f1-01949755_1-1-1,2012-08-23,FS,1.0,1.02502,0.032046034196017203,1.0570660341960172,0.9929739658039829,1.0891120683920343,0.9609279316079656
158,2012-000032112 Azumah Resources Limited-f1-01968714_1-1-1,2012-08-27,FS,1.0363,1.0259274999999999,0.031832606952378426,1.0577601069523783,0.9940948930476214,1.0895927139047568,0.962262286095243
159,2012-000030788 BacTech Environmental Corporation-f1-01968980_1-1-1,2012-08-27,PEA,1.02,1.0251775,0.031603484776207766,1.0567809847762077,0.9935740152237923,1.0883844695524156,0.9619705304475845
160,2012-000011551 Tintina Resources Inc-f1-01957549_2-1-1,2012-08-30,,1.0,1.0246024999999999,0.03185237170656731,1.0564548717065672,0.9927501282934326,1.0883072434131345,0.9608977565868653
161,2012-000004920 BRALORNE GOLD MINES LTD-f1-01970841_1-1-1,2012-08-31,,1.2,1.0296024999999998,0.041979045367897476,1.0715815453678972,0.9876234546321023,1.1135605907357946,0.9456444092642048
162,2012-000003339 Noront Resources Ltd-f1-01971248_1-1-1,2012-09-04,,1.015,1.0297525,0.04191421023031167,1.0716667102303117,0.9878382897696883,1.1135809204606235,0.9459240795393767
163,2012-000007531 Seabridge Gold Inc-f1-01958851_2-1-1,2012-09-05,PFS,1.0201,1.02894,0.04177473043077714,1.0707147304307771,0.9871652695692228,1.1124894608615543,0.9453905391384457
164,2012-000005904 Oceanic Iron Ore Corp-f1-01976689_2-1-1,2012-09-19,PFS,1.0,1.0281675,0.042022523798675535,1.0701900237986754,0.9861449762013244,1.112212547597351,0.9441224524026488
165,2012-000008330 Queenston Mining Inc-f1-01979771_2-1-1,2012-09-20,,1.0417,1.0264325,0.03988918231030328,1.0663216823103034,0.9865433176896968,1.1062108646206066,0.9466541353793936
166,2012-000006087 Gabriel Resources Ltd-f1-01978475_1-1-1,2012-10-01,FS,1.0,1.0251825,0.039915127185130274,1.0650976271851305,0.9852673728148699,1.1050127543702606,0.9453522456297395
167,2012-000000834 Agnico-Eagle Mines Limited-f1-01976039_3-1-1,2012-10-14,,1.03,1.0237574999999999,0.03864899831189444,1.0624064983118944,0.9851085016881055,1.1010554966237887,0.946459503376211
168,2012-000011411 Focus Graphite Inc-f1-01974976_1-1-1,2012-10-30,PEA,1.0,1.0237574999999999,0.03864899831189444,1.0624064983118944,0.9851085016881055,1.1010554966237887,0.946459503376211
169,2012-000032329 Copper North Mining Corp-f1-01988874_1-1-1,2012-10-31,FS,1.0,1.0237574999999999,0.03864899831189444,1.0624064983118944,0.9851085016881055,1.1010554966237887,0.946459503376211
170,2012-000026199 Plains Creek Phosphate Corporation-f1-01987090_3-1-1,2012-11-02,FS,1.0237,1.0218500000000001,0.03661917670516505,1.0584691767051653,0.9852308232948351,1.0950883534103302,0.94861164658967
171,2012-000007910 ABCOURT MINES INC-f1-01991939_1-1-1,2012-11-05,,1.0,1.0218500000000001,0.03661917670516505,1.0584691767051653,0.9852308232948351,1.0950883534103302,0.94861164658967
172,2012-000002470 Fortune Minerals Limited-f1-01992125_2-1-1,2012-11-28,FS,1.0526,1.0221225,0.03681073204365465,1.0589332320436546,0.9853117679563455,1.0957439640873092,0.9485010359126907
173,2012-000009131 Euromax Resources Ltd-f1-01995793_2-1-1,2012-12-05,PEA,1.007,1.0209825000000001,0.036547825271160565,1.0575303252711608,0.9844346747288396,1.0940781505423212,0.947886849457679
174,2013-000030715 Chieftain Metals Inc-f1-02009167_1-1-1,2012-12-12,,1.02,1.0214825,0.036389875229667516,1.0578723752296675,0.9850926247703325,1.0942622504593351,0.948702749540665
175,2012-000031138 Black Iron Inc-f1-01998946_1-1-1,2012-12-17,FS,1.026,1.02188,0.03634916991963027,1.0582291699196302,0.9855308300803697,1.0945783398392603,0.9491816601607393
176,2013-000005779 Great Quest Metals Ltd-f1-02013334_1-1-1,2012-12-20,PEA,1.0225,1.0211925,0.03606261212931953,1.0572551121293194,0.9851298878706805,1.093317724258639,0.9490672757413608
177,2013-000003240 ST ANDREW GOLDFIELDS LTD-f1-02028107_2-1-1,2012-12-31,,1.1494,1.0249275,0.041184388301194766,1.0661118883011949,0.9837431116988052,1.1072962766023895,0.9425587233976105
178,2013-000005589 Barkerville Gold Mines Ltd-f1-02076174_1-1-1,2012-12-31,MRE,1.0204,1.0254375,0.04099365609144406,1.0664311560914441,0.984443843908556,1.107424812182888,0.9434501878171119
179,2013-000005861 Coventry Resources Inc-f1-02008101_1-1-1,2013-01-01,PEA,1.0079,1.024385,0.04088716524841604,1.065272165248416,0.983497834751584,1.1061593304968322,0.942610669503168
180,2013-000023110 Ucore Rare Metals Inc-f1-02005254_1-1-1,2013-01-10,,1.0,1.0222099999999998,0.0397696624486813,1.0619796624486812,0.9824403375513185,1.1017493248973624,0.9426706751026372
181,2013-000026672 Western Potash Corp-f1-02007236_1-1-1,2013-01-15,,1.0,1.0222099999999998,0.0397696624486813,1.0619796624486812,0.9824403375513185,1.1017493248973624,0.9426706751026372
182,2013-000023684 Western Copper and Gold Corporation-f1-02014531_1-1-1,2013-01-25,FS,1.0526,1.0220425,0.03962328302516474,1.0616657830251648,0.9824192169748353,1.1012890660503294,0.9427959339496705
183,2013-000005255 Champion Iron Mines Limited ( Champion Minerals Inc.)-f1-02018273_1-1-1,2013-01-25,PFS,1.0,1.0220425,0.03962328302516474,1.0616657830251648,0.9824192169748353,1.1012890660503294,0.9427959339496705
184,2013-000008263 ENCANTO POTASH CORP-f1-02022315_1-1-1,2013-02-13,,1.0,1.0220425,0.03962328302516474,1.0616657830251648,0.9824192169748353,1.1012890660503294,0.9427959339496705
185,2013-000005636 Stornoway Diamond Corporation-f1-02034473_1-1-1,2013-02-28,FS,1.0101,1.022295,0.039511237933997,1.061806237933997,0.9827837620660029,1.101317475867994,0.9432725241320059
186,2013-000021345 Deer Horn Metals Inc-f1-02040985_1-1-1,2013-03-12,PEA,1.0044,1.0221525,0.03956658773996838,1.0617190877399685,0.9825859122600317,1.1012856754799367,0.9430193245200633
187,2013-000008311 AUGYVA MINING RESOURCES INC-f1-02055877_1-1-1,2013-03-22,PEA,1.0526,1.0234675000000002,0.03968537409004313,1.0631528740900433,0.9837821259099571,1.1028382481800865,0.9440967518199139
188,2013-000004818 New Gold Inc-f1-02090330_2-1-1,2013-04-10,FS,1.07,1.0252175000000001,0.04016449438215747,1.0653819943821576,0.9850530056178426,1.1055464887643152,0.9448885112356852
189,2013-000007482 Avalon Rare Metals Inc-f1-02142596_1-1-1,2013-04-17,,1.0526,1.0265325,0.0401787632864772,1.0667112632864773,0.9863537367135229,1.1068900265729544,0.9461749734270457
190,2013-000026555 Century Iron Mines Corporation-f1-02058564_3-1-1,2013-05-08,PEA,1.0,1.02549,0.04031587967347548,1.0658058796734755,0.9851741203265245,1.106121759346951,0.944858240653049
191,2013-000001146 Moss Lake Gold Mines Ltd-f1-02110849_2-1-1,2013-05-31,PEA,1.0033,1.0255725,0.0402657262636409,1.065838226263641,0.9853067737363591,1.1061039525272818,0.9450410474727182
192,2013-000026979 El Tigre Silver Corp-f1-02097813_1-1-1,2013-06-01,PFS,1.0,1.0255725,0.0402657262636409,1.065838226263641,0.9853067737363591,1.1061039525272818,0.9450410474727182
193,2013-000008209 El Nino Ventures Inc-f1-02086368_1-1-1,2013-06-04,PEA,1.0,1.0252700000000001,0.040414710446974866,1.065684710446975,0.9848552895530253,1.1060994208939499,0.9444405791060504
194,2013-000025789 Cap-Ex Iron Ore Ltd-f1-02092220_1-1-1,2013-06-27,PEA,1.0,1.0252700000000001,0.040414710446974866,1.065684710446975,0.9848552895530253,1.1060994208939499,0.9444405791060504
195,2013-000030716 Royal Nickel Corporation-f1-02087466_1-2-1,2013-07-25,FS,1.1111,1.0275474999999998,0.042617000264430396,1.0701645002644302,0.9849304997355695,1.1127815005288606,0.9423134994711391
196,2013-000030716 Royal Nickel Corporation-f1-02087466_1-1-1,2013-07-25,FS,1.1111,1.02901,0.044462596207806626,1.0734725962078067,0.9845474037921933,1.1179351924156133,0.9400848075843867
197,2013-000033663 Appia Energy Corp-f1-02096631_1-1-1,2013-07-30,,1.1111,1.0317874999999999,0.0460458477623536,1.0778333477623534,0.9857416522376463,1.1238791955247072,0.9396958044752927
198,2013-000013198 Nevada Copper Corp-f1-02132890_1-1-1,2013-08-22,FS,1.0,1.03088,0.0463115768879246,1.0771915768879246,0.9845684231120754,1.1235031537758493,0.9382568462241508
199,2013-000010461 Rockex Mining Corporation ( Enviropave International Ltd.)-f1-02120475_1-1-1,2013-08-27,PEA,1.0526,1.031695,0.04640196144174321,1.0780969614417433,0.9852930385582568,1.1244989228834865,0.9388910771165137
200,2013-000010148 Matamec Explorations Inc-f1-02122328_1-1-1,2013-09-04,FS,1.0,1.031695,0.04640196144174321,1.0780969614417433,0.9852930385582568,1.1244989228834865,0.9388910771165137
201,2013-000025437 West Kirkland Mining Inc-f1-02112513_1-1-1,2013-09-13,PEA,1.0,1.0266950000000001,0.037774818297854174,1.0644698182978543,0.988920181702146,1.1022446365957084,0.9511453634042918
202,2018-000039713 BlackRock Metals Inc-f1-02755090_1-1-1,2013-09-20,FS,1.05,1.02757,0.03790212225977421,1.0654721222597743,0.9896678777402259,1.1033742445195485,0.9517657554804517
203,"2013-000029836 Silver Bull Resources, Inc-f1-02133395_2-1-1",2013-09-30,PEA,1.0,1.0270675,0.038136215962634765,1.0652037159626349,0.9889312840373653,1.1033399319252695,0.9507950680747305
204,2013-000031410 Flinders Resources Limited-f1-02110081_1-2-1,2013-10-11,PEA,1.0314,1.0278525,0.03788712647541514,1.065739626475415,0.9899653735245849,1.1036267529508303,0.9520782470491698
205,2013-000003556 Arianne Phosphate Inc-f1-02134296_1-1-1,2013-10-15,FS,1.05,1.02806,0.03798750671821811,1.066047506718218,0.9900724932817818,1.1040350134364363,0.9520849865635638
206,2013-000026016 Quest Rare Minerals Ltd-f1-02144994_1-1-1,2013-10-23,PFS,1.05,1.02931,0.037862936345692294,1.0671729363456923,0.9914470636543077,1.1050358726913845,0.9535841273086154
207,2013-000018439 Endeavour Mining Corporation-f1-02143581_3-1-1,2013-10-31,FS,1.0,1.0285600000000001,0.03814499194201526,1.0667049919420153,0.9904150080579849,1.1048499838840307,0.9522700161159696
208,2013-000022850 Alexco Resource Corp-f1-02146314_2-1-1,2013-11-15,,1.0417,1.0296025,0.03791356220032545,1.0675160622003255,0.9916889377996745,1.105429624400651,0.9537753755993491
209,2014-000024639 Carlisle Goldfields Limited-f1-02156870_1-1-1,2013-12-02,PEA,1.0204,1.0301125,0.03764137921871589,1.0677538792187158,0.9924711207812841,1.1053952584374318,0.9548297415625682
210,2013-000030431 Northern Graphite Corporation-f1-02144783_1-1-1,2013-12-06,PEA,1.05,1.03077,0.037756019727204056,1.068526019727204,0.9930139802727959,1.1062820394544082,0.9552579605455919
211,2013-000016057 Tamerlane Ventures Inc-f1-02146900_2-1-1,2013-12-13,OTHER,1.0,1.03077,0.037756019727204056,1.068526019727204,0.9930139802727959,1.1062820394544082,0.9552579605455919
212,2014-000026380 Confederation Minerals Ltd-f1-02290902_1-1-1,2013-12-17,PEA,1.01,1.029705,0.03772526834622743,1.0674302683462276,0.9919797316537726,1.105155536692455,0.9542544633075453
213,2014-000025546 Argonaut Gold Inc-f1-02160128_1-1-1,2013-12-17,PFS,1.05,1.03078,0.0376743073711705,1.0684543073711705,0.9931056926288295,1.106128614742341,0.955431385257659
214,2014-000004818 New Gold Inc-f1-02156614_1-1-1,2014-01-14,FS,1.0526,1.0315949999999998,0.037787570538200546,1.0693825705382003,0.9938074294617992,1.107170141076401,0.9560198589235988
215,2014-000004818 New Gold Inc-f1-02164189_2-1-1,2014-01-16,FS,1.05,1.0321950000000002,0.037886862278807505,1.0700818622788077,0.9943081377211926,1.1079687245576153,0.9564212754423852
216,2014-000010711 DNI Metals Inc-f1-02155474_1-1-1,2014-01-17,PEA,1.05,1.0328825,0.03795587105357866,1.0708383710535785,0.9949266289464213,1.1087942421071573,0.9569707578928426
217,2014-000024639 Carlisle Goldfields Limited-f1-02197097_2-1-1,2014-02-27,PEA,1.1111,1.031925,0.03533366775361809,1.067258667753618,0.9965913322463819,1.1025923355072362,0.9612576644927638
218,2014-000004261 Integra Gold Corp-f1-02199292_1-1-1,2014-02-28,,1.05,1.0326650000000002,0.03539601274082592,1.068061012740826,0.9972689872591742,1.103457025481652,0.9618729745183483
219,2014-000004686 Clifton Star Resources Inc-f1-02213823_1-1-1,2014-03-26,PFS,1.0526,1.0337825,0.03529958877874797,1.069082088778748,0.9984829112212521,1.104381677557496,0.9631833224425042
220,2014-000019932 New Millennium Iron Corp-f1-02207608_1-1-1,2014-03-27,FS,1.0,1.0337825,0.03529958877874797,1.069082088778748,0.9984829112212521,1.104381677557496,0.9631833224425042
221,2014-000002470 Fortune Minerals Limited-f1-02205231_1-1-1,2014-04-02,FS,1.1364,1.0371925000000002,0.03840417570445237,1.0755966757044526,0.9987883242955478,1.114000851408905,0.9603841485910954
222,2014-000003447 Orex Exploration Inc-f1-02197031_1-1-1,2014-04-22,,1.1111,1.0386549999999999,0.04008315683099883,1.0787381568309986,0.998571843169001,1.1188213136619976,0.9584886863380022
223,2014-000009674 Mustang Minerals Corp-f1-02213716_1-1-1,2014-04-30,PEA,1.111,1.04143,0.04116610629744196,1.082596106297442,1.000263893702558,1.123762212594884,0.9590977874051162
224,2014-000019932 New Millennium Iron Corp-f1-02207618_2-1-1,2014-05-01,FS,1.1111,1.0442075000000002,0.042037885156862,1.086245385156862,1.0021696148431383,1.1282832703137242,0.9601317296862761
225,2014-000004087 Gold Bullion Development Corp-f1-02225064_1-1-1,2014-05-06,PFS,1.1111,1.0467325,0.042959858350408414,1.0896923583504086,1.0037726416495916,1.1326522167008168,0.9608127832991833
226,2014-000027813 Nemaska Lithium Inc-f1-02228857_1-1-1,2014-05-13,FS,1.1111,1.0494,0.043572203560032344,1.0929722035600324,1.0058277964399678,1.1365444071200648,0.9622555928799355
227,2014-000008301 Trevali Mining Corporation-f1-02208589_1-2-1,2014-05-13,,1.0526,1.0493999999999999,0.043572203560032344,1.0929722035600322,1.0058277964399676,1.1365444071200645,0.9622555928799352
228,2014-000028675 Discovery Ventures Inc-f1-02215154_1-1-1,2014-05-26,,1.1,1.05015,0.04418969597959689,1.0943396959795968,1.005960304020403,1.1385293919591937,0.9617706080408062
229,2014-000031007 Lexam VG Gold Inc-f1-02221767_1-1-1,2014-06-05,PEA,1.1111,1.0516125,0.04522870195759767,1.0968412019575977,1.0063837980424024,1.1420699039151954,0.9611550960848048
230,2014-000030613 Pretium Resources Inc-f1-02230004_2-1-1,2014-06-19,,1.087,1.0537874999999999,0.04477264038364325,1.0985601403836431,1.0090148596163566,1.1433327807672864,0.9642422192327134
231,2014-000011411 Focus Graphite Inc-f1-02242397_1-1-1,2014-06-25,FS,1.0989,1.0561775,0.04455956824066896,1.100737068240669,1.011617931759331,1.145296636481338,0.967058363518662
232,2014-000034782 Minco Plc-f1-02235323_1-1-1,2014-07-10,PEA,1.1053,1.0588099999999998,0.04426509767067989,1.1030750976706798,1.0145449023293198,1.1473401953413596,0.97027980465864
233,2014-000027138 Golden Predator Mining Corp. ( Northern Tiger Resources Inc.)-f1-02281138_1-1-1,2014-07-22,PEA,1.09,1.06106,0.04347951359622204,1.104539513596222,1.0175804864037779,1.148019027192444,0.9741009728075558
234,2014-000014472 ATAC Resources Ltd-f1-02257788_1-1-1,2014-07-23,PEA,1.087,1.063235,0.04251201670236917,1.105747016702369,1.0207229832976308,1.1482590334047382,0.9782109665952616
235,2014-000029214 IDM Mining Ltd. (Formerly Revolution Resources Corp.)-f1-02257635_1-1-1,2014-07-23,,1.0526,1.0617725,0.04182383069617748,1.1035963306961776,1.0199486693038224,1.145420161392355,0.9781248386076451
236,2014-000008483 Alacer Gold Corp-f1-02237181_1-1-1,2014-07-29,FS,1.04,1.0599950000000002,0.04117957515876489,1.1011745751587652,1.0188154248412353,1.14235415031753,0.9776358496824704
237,2014-000030615 Coalspur Mines Limited-f1-02240432_2-1-1,2014-07-31,FS,1.1111,1.0599950000000002,0.04117957515876489,1.1011745751587652,1.0188154248412353,1.14235415031753,0.9776358496824704
238,"2014-000021638 Coeur Mining, Inc-f1-02257688_2-1-1",2014-08-29,FS,1.08,1.061995,0.040120120599557406,1.1021151205995574,1.0218748794004426,1.1422352411991148,0.9817547588008853
239,2014-000031351 Monarques Resources Inc-f1-02268601_1-1-1,2014-10-07,,1.12,1.06368,0.04111836697345913,1.1047983669734591,1.0225616330265408,1.1459167339469183,0.9814432660530817
240,2014-000005672 Atlantic Gold Corporation (previously Spur Ventures Inc.)-f1-02268435_1-1-1,2014-10-14,PEA,1.1111,1.0664574999999998,0.04045352437817172,1.1069110243781715,1.0260039756218282,1.1473645487563433,0.9855504512436564
241,2014-000024867 Claim Post Resources Inc-f1-02293444_2-1-1,2014-11-01,PEA,1.0,1.0664574999999998,0.04045352437817172,1.1069110243781715,1.0260039756218282,1.1473645487563433,0.9855504512436564
242,2014-000022850 Alexco Resource Corp-f1-02296485_1-1-1,2014-11-15,,1.1236,1.0682975000000001,0.04134966894419855,1.1096471689441987,1.0269478310558016,1.1509968378883972,0.985598162111603
243,2014-000032549 Lamêlée Iron Ore Ltd-f1-02294795_1-1-1,2014-11-25,PEA,1.1111,1.071075,0.04036402784150371,1.1114390278415036,1.0307109721584964,1.1518030556830074,0.9903469443169926
244,2015-000031701 Aurvista Gold Corporation-f1-02301905_1-1-1,2014-12-09,PEA,1.0526,1.0716050000000001,0.039966947562152404,1.1115719475621526,1.0316380524378477,1.1515388951243049,0.9916711048756953
245,2015-000003348 SilverCrest Mines Inc-f1-02330093_1-1-1,2014-12-31,PFS,1.0,1.070355,0.041415629094983905,1.1117706290949838,1.028939370905016,1.1531862581899677,0.9875237418100321
246,2015-000024464 Wellgreen Platinum Ltd-f1-02304935_1-2-1,2015-02-02,PEA,1.1111,1.0718825,0.04177087003323339,1.1136533700332334,1.0301116299667668,1.155424240066467,0.9883407599335333
247,2015-000020738 Centerra Gold Inc-f1-02322271_1-1-1,2015-02-05,PEA,1.0526,1.0731975,0.040250169533007404,1.1134476695330073,1.0329473304669927,1.1536978390660149,0.9926971609339852
248,2015-000029300 Rathdowney Resources Ltd-f1-02337292_2-2-1,2015-02-11,,1.14,1.075655,0.0412658295967454,1.1169208295967454,1.0343891704032546,1.1581866591934908,0.9931233408065092
249,2015-000000834 Agnico Eagle Mines Limited-f1-02319129_1-1-1,2015-02-11,FS,1.03,1.075895,0.04096303493113232,1.1168580349311323,1.0349319650688678,1.1578210698622646,0.9939689301377355
250,2015-000026555 Century Iron Mines Corporation-f1-02335584_1-1-1,2015-03-02,FS,1.25,1.0808950000000002,0.049115990137422814,1.130010990137423,1.0317790098625774,1.1791269802748459,0.9826630197251546
251,2015-000010633 Adriana Resources Inc-f1-02338952_1-1-1,2015-03-25,FS,1.1421,1.0844475,0.048246184849830606,1.1326936848498306,1.0362013151501694,1.1809398696996611,0.9879551303003388
252,2015-000025037 Eagle Hill Exploration Corporation-f1-02362821_1-1-1,2015-04-28,,1.1628,1.0882675,0.0482496360422029,1.1365171360422028,1.040017863957797,1.1847667720844057,0.9917682279155942
253,2015-000027965 Ecuador Gold and Copper Corp-f1-02358631_1-1-1,2015-05-19,PEA,1.1048,1.0896375,0.04791202240592184,1.1375495224059218,1.0417254775940783,1.1854615448118437,0.9938134551881563
254,2015-000005733 Sabina Gold & Silver Corp-f1-02366270_1-1-1,2015-05-20,FS,1.1494,1.0920575000000001,0.04843511063585594,1.1404926106358562,1.043622389364144,1.188927721271712,0.9951872787282883
255,2015-000037240 TMAC Resources Inc-f1-02359475_1-1-1,2015-05-28,,1.1765,1.0952199999999999,0.04973109330213393,1.1449510933021338,1.0454889066978659,1.1946821866042678,0.995757813395732
256,2015-000026119 B2Gold Corp-f1-02375336_2-1-1,2015-06-30,FS,1.25,1.10022,0.054857877914030496,1.1550778779140305,1.0453621220859695,1.209935755828061,0.9905042441719389
257,2015-000005672 Atlantic Gold Corporation (previously Spur Ventures Inc.)-f1-02383572_3-1-1,2015-07-02,FS,1.25,1.1036925,0.059742916702766935,1.163435416702767,1.043949583297233,1.2231783334055337,0.9842066665944661
258,2015-000026672 Western Potash Corp-f1-02384196_1-1-1,2015-07-02,,1.22,1.1079425,0.06183548847235933,1.1697779884723594,1.0461070115276407,1.2316134769447187,0.9842715230552814
259,2015-000030647 Zenyatta Ventures Ltd-f1-02372294_1-1-1,2015-07-09,PEA,1.2195,1.112115,0.06361087050303386,1.1757258705030338,1.0485041294969661,1.2393367410060676,0.9848932589939322
260,2015-000000162 Gowest Gold Ltd-f1-02372897_1-1-1,2015-07-15,,1.25,1.118365,0.06458692631858204,1.1829519263185821,1.053778073681418,1.247538852637164,0.989191147362836
261,2015-000024152 Premier Gold Mines Limited-f1-02374821_2-1-1,2015-07-15,FS,1.1,1.117455,0.06458273544801747,1.1820377354480176,1.0528722645519826,1.2466204708960351,0.9882895291039652
262,2015-000024909 Rambler Metals and Mining plc-f1-02396630_1-1-1,2015-07-20,,1.1364,1.1180875000000001,0.06464276264842343,1.1827302626484235,1.0534447373515767,1.247373025296847,0.9888019747031532
263,2015-000025718 First Bauxite Corporation-f1-02378841_1-1-1,2015-08-04,FS,1.248,1.1215125000000001,0.06780942067331926,1.1893219206733194,1.0537030793266808,1.2571313413466387,0.9858936586533616
264,2015-000005733 Sabina Gold & Silver Corp-f1-02409333_2-1-1,2015-09-14,FS,1.0,1.118735,0.07047001016981073,1.1892050101698108,1.0482649898301892,1.2596750203396214,0.9777949796603785
265,2015-000010461 Rockex Mining Corporation ( Enviropave International Ltd.)-f1-02407947_1-1-1,2015-10-26,PEA,1.1765,1.1203699999999999,0.07104466706198723,1.1914146670619872,1.0493253329380126,1.2624593341239743,0.9782806658760255
266,2016-000002429 Radisson Mining Resources Inc-f1-02439942_1-2-1,2015-11-29,,1.25,1.1238424999999999,0.07391646666928614,1.197758966669286,1.0499260333307137,1.2716754333385722,0.9760095666614276
267,2016-000016002 Gold Reach Resources Ltd-f1-02457915_1-1-1,2016-01-01,PEA,1.25,1.1287775,0.07560833113605525,1.2043858311360554,1.0531691688639446,1.2799941622721105,0.9775608377278895
268,2016-000022947 Kaminak Gold Corporation-f1-02434651_1-2-1,2016-01-06,FS,1.1494,1.1300124999999999,0.07552963482752569,1.2055421348275255,1.0544828651724742,1.2810717696550513,0.9789532303449485
269,2016-000023396 Plateau Uranium Inc-f1-02438046_1-2-1,2016-01-12,PEA,1.2611,1.1337625,0.07824158081192258,1.2120040808119226,1.0555209191880774,1.2902456616238451,0.9772793383761549
270,2016-000002894 Abacus Mining & Exploration Corporation-f1-02446208_1-1-1,2016-02-19,FS,1.2,1.1365875,0.07854926655062362,1.2151367665506236,1.0580382334493765,1.2936860331012474,0.9794889668987529
271,2016-000037284 Continental Gold Inc-f1-02446260_1-2-1,2016-02-24,,1.3333,1.1424475,0.08420539293131908,1.2266528929313192,1.058242107068681,1.3108582858626383,0.9740367141373619
272,2016-000023055 Rockhaven Resources Ltd-f1-02450368_2-1-1,2016-02-26,PEA,1.3333,1.1481474999999999,0.08919533731489467,1.2373428373148945,1.0589521626851053,1.3265381746297893,0.9697568253702106
273,2016-000033407 Benton Resources Inc-f1-02472165_1-1-1,2016-03-07,PEA,1.25,1.1521474999999999,0.09010383180758824,1.242251331807588,1.0620436681924117,1.3323551636151763,0.9719398363848234
274,2016-000002563 SEMAFO INC-f1-02459263_1-1-1,2016-03-23,FS,1.39,1.1597225,0.09696202134512887,1.2566845213451288,1.0627604786548712,1.3536465426902577,0.9657984573097422
275,2016-000022162 Golden Dawn Minerals Inc-f1-02487437_2-1-1,2016-03-24,,1.2048,1.1635275,0.09562766198741544,1.2591551619874155,1.0678998380125846,1.354782823974831,0.9722721760251691
276,2016-000008288 Denison Mines Corp-f1-02484220_1-1-1,2016-03-31,,1.35,1.1712775,0.09789473542718666,1.2691722354271866,1.0733827645728133,1.3670669708543732,0.9754880291456267
277,2016-000029998 Falco Resources Ltd. ( Falco Pacific Resource Group Inc.)-f1-02500830_2-1-1,2016-04-28,,1.3333,1.1768325,0.10065776337135145,1.2774902633713514,1.0761747366286485,1.3781480267427029,0.975516973257297
278,2016-000014472 ATAC Resources Ltd-f1-02507566_1-1-1,2016-05-31,PEA,1.2821,1.1818849999999999,0.10074479448281447,1.2826297944828142,1.0811402055171855,1.3833745889656288,0.9803954110343709
279,2016-000024066 AQM Copper Inc-f1-02506315_1-1-1,2016-06-01,PFS,1.15,1.1826349999999999,0.10038329503994592,1.2830182950399458,1.082251704960054,1.3834015900798917,0.981868409920108
280,2016-000019932 New Millennium Iron Corp-f1-02509255_1-1-1,2016-06-09,PFS,1.35,1.1886075,0.10308850911492695,1.291696009114927,1.085518990885073,1.394784518229854,0.9824304817701461
281,2016-000009080 Klondex Mines Ltd-f1-02545180_2-1-1,2016-06-30,,1.25,1.1948575,0.0988518883974581,1.293709388397458,1.0960056116025418,1.392561276794916,0.9971537232050838
282,2016-000023243 Peregrine Diamonds Ltd-f1-02520978_2-1-1,2016-07-07,PEA,1.28,1.1987675,0.0990540163114844,1.2978215163114843,1.0997134836885156,1.3968755326229687,1.0006594673770313
283,2016-000008335 Gensource Potash Corporation-f1-02494168_2-2-1,2016-07-15,,1.31,1.20374,0.09953150203546525,1.3032715020354653,1.1042084979645348,1.4028030040709305,1.0046769959290696
284,2016-000000204 GoldQuest Mining Corp-f1-02552025_1-1-1,2016-09-27,,1.28,1.209425,0.09714300785110012,1.3065680078511002,1.1122819921488998,1.4037110157022001,1.0151389842977998
285,2016-000032329 Copper North Mining Corp-f1-02557849_2-1-1,2016-10-12,PEA,1.2821,1.2164775,0.0916329228917873,1.3081104228917875,1.1248445771082127,1.3997433457835746,1.0332116542164256
286,2016-000007482 Avalon Advanced Materials Inc-f1-02551917_1-1-1,2016-10-21,PEA,1.3,1.2212,0.0909277848145548,1.312127784814555,1.1302722151854452,1.4030555696291096,1.0393444303708905
287,2017-000009025 IAMGOLD Corporation-f1-02583085_1-1-1,2016-12-09,PEA,1.3514,1.22867,0.08897430686468547,1.3176443068646855,1.1396956931353144,1.4066186137293708,1.050721386270629
288,2017-000030076 Dalradian Resources Inc-f1-02565362_1-2-1,2016-12-12,,1.3333,1.2335025,0.089283703648423,1.322786203648423,1.1442187963515769,1.412069907296846,1.054935092703154
289,2017-000003878 Resource Capital Gold Corp-f1-02576168_1-1-1,2016-12-30,,1.33,1.2410025,0.0842067220883923,1.3252092220883922,1.1567957779116078,1.4094159441767846,1.0725890558232154
290,2017-000011133 Kirkland Lake Gold Ltd-f1-02604315_1-1-4,2016-12-31,,1.25,1.2410025,0.0842067220883923,1.3252092220883922,1.1567957779116078,1.4094159441767846,1.0725890558232154
291,2018-000033313 MGX Minerals Inc-f1-02757379_1-1-1,2016-12-31,PEA,1.2987,1.2449175000000001,0.08312399106771512,1.3280414910677152,1.161793508932285,1.4111654821354302,1.07866951786457
292,2017-000011133 Kirkland Lake Gold Ltd-f1-02604315_1-1-1,2016-12-31,,1.25,1.2470975000000002,0.08205169879801984,1.32914919879802,1.1650458012019804,1.41120089759604,1.0829941024039604
293,2017-000022850 Alexco Resource Corp-f1-02603259_1-1-1,2017-01-03,,1.2658,1.2511225,0.078775882966676,1.329898382966676,1.1723466170333239,1.408674265933352,1.0935707340666478
294,2017-000010750 Geologix Explorations Inc-f1-02587974_1-1-1,2017-01-19,PEA,1.34,1.2558874999999998,0.07822772210930219,1.334115222109302,1.1776597778906976,1.4123429442186042,1.0994320557813955
295,2017-000010252 Wallbridge Mining Company Limited-f1-02592311_1-1-1,2017-02-02,PFS,1.31,1.259225,0.07759918632272295,1.336824186322723,1.181625813677277,1.4144233726454458,1.1040266273545543
296,2017-000016221 Bluestone Resources Inc-f1-02597764_1-1-1,2017-02-07,,1.2821,1.2600275,0.07766729169166325,1.3376947916916633,1.1823602083083369,1.4153620833833265,1.1046929166166737
297,2017-000026876 Maritime Resources Corp-f1-02611725_1-1-1,2017-03-02,,1.25,1.2600275,0.07766729169166325,1.3376947916916633,1.1823602083083369,1.4153620833833265,1.1046929166166737
298,2017-000035733 Champion Iron Limited-f1-02597268_1-1-1,2017-03-17,FS,1.3158,1.2624225,0.07787811807973394,1.3403006180797339,1.1845443819202661,1.4181787361594678,1.1066662638405322
299,2017-000005029 Darnley Bay Resources Limited-f1-02636784_2-1-1,2017-04-18,PEA,1.3333,1.2652675,0.07834711844062088,1.3436146184406208,1.1869203815593792,1.4219617368812418,1.1085732631187581
300,2017-000007875 Skeena Resources Limited-f1-02630480_1-1-1,2017-04-20,PEA,1.2987,1.2664849999999999,0.07848205919434438,1.3449670591943443,1.1880029408056554,1.4234491183886886,1.1095208816113111
301,2017-000022162 Golden Dawn Minerals Inc-f1-02592894_2-12-1,2017-05-05,PEA,1.3158,1.27188,0.07403540109558793,1.3459154010955878,1.197844598904412,1.4199508021911758,1.123809197808824
302,2017-000008485 Rogue Resources Inc-f1-02648225_1-1-1,2017-05-23,PEA,1.3158,1.276365,0.07098896826539028,1.3473539682653903,1.2053760317346096,1.4183429365307805,1.1343870634692195
303,2017-000008263 ENCANTO POTASH CORP-f1-02653513_1-1-1,2017-05-24,,1.32,1.278165,0.07116390452815445,1.3493289045281545,1.2070010954718455,1.420492809056309,1.135837190943691
304,2017-000008335 Gensource Potash Corporation-f1-02649804_2-1-1,2017-05-31,,1.346,1.286815,0.05587088389015023,1.3426858838901503,1.2309441161098498,1.3985567677803006,1.1750732322196995
305,2019-000039579 BMC Minerals (No.1) Ltd-f1-02899896_1-1-1,2017-05-31,PFS,1.3333,1.2907350000000002,0.05337757884240262,1.3441125788424029,1.2373574211575975,1.3974901576848053,1.183979842315195
306,2019-000039579 BMC Minerals (No.1) Ltd-f1-02904658_4-1-1,2017-05-31,PFS,1.2658,1.29113,0.053126275308976005,1.3442562753089762,1.238003724691024,1.397382550617952,1.1848774493820482
307,2017-000037111 Desert Star Resources Ltd-f1-02654496_1-1-1,2017-06-15,PFS,1.33,1.2931300000000001,0.053043969182807696,1.3461739691828079,1.2400860308171924,1.3992179383656156,1.1870420616343846
308,2017-000029214 IDM Mining Ltd. (Formerly Revolution Resources Corp.)-f1-02659565_2-1-1,2017-06-26,,1.3158,1.29729,0.047742964577690956,1.345032964577691,1.249547035422309,1.392775929155382,1.201804070844618
309,2017-000025296 Trek Mining Inc. ( JDL Gold Corp.)-f1-02659560_1-1-1,2017-07-10,FS,1.3671,1.2999399999999999,0.048616515079358845,1.3485565150793588,1.251323484920641,1.3971730301587175,1.2027069698412822
310,2017-000037372 AuRico Metals Inc-f1-02649947_1-1-1,2017-07-14,,1.3333,1.3032724999999998,0.046093472408985814,1.3493659724089857,1.257179027591014,1.3954594448179716,1.211085555182028
311,2017-000032993 NexGen Energy Ltd-f1-02654239_2-2-1,2017-07-31,,1.25,1.3011899999999998,0.04658121003371548,1.3477712100337154,1.2546087899662843,1.3943524200674309,1.2080275799325688
312,2017-000043356 Titan Mining Corporation-f1-02662712_1-2-1,2017-08-17,,1.2821,1.2999100000000001,0.046379260395911684,1.3462892603959118,1.2535307396040885,1.3926685207918235,1.2071514792081768
313,2017-000029998 Falco Resources Ltd. ( Falco Pacific Resource Group Inc.)-f1-02687669_1-1-1,2017-10-05,,1.2821,1.3007125,0.04576719902299292,1.3464796990229928,1.254945300977007,1.3922468980459857,1.2091781019540142
314,2017-000024726 Critical Elements Corporation-f1-02684870_1-1-1,2017-10-20,FS,1.3333,1.299295,0.04376514800028861,1.3430601480002886,1.2555298519997116,1.3868252960005774,1.2117647039994228
315,2017-000032328 NorthIsle Copper and Gold Inc-f1-02686281_2-1-1,2017-10-24,PEA,1.3,1.3016750000000001,0.040995545411541136,1.3426705454115413,1.260679454588459,1.3836660908230825,1.2196839091769178
316,2018-000002881 Minnova Corp-f1-02767575_1-1-1,2017-10-31,FS,1.25,1.2991750000000002,0.04102211879912126,1.3401971187991215,1.2581528812008789,1.3812192375982426,1.2171307624017578
317,2018-000027813 Nemaska Lithium Inc-f1-02732187_1-1-1,2017-11-07,FS,1.3,1.2983425,0.04064801939540496,1.3389905193954048,1.257694480604595,1.3796385387908099,1.21704646120919
318,2018-000037377 Alamos Gold Inc-f1-02721540_1-1-1,2017-12-01,FS,1.3333,1.2996225000000001,0.04092860254651072,1.3405511025465109,1.2586938974534894,1.3814797050930216,1.2177652949069786
319,2017-000004947 Yorbeau Resources Inc-f1-02711026_2-1-1,2017-12-06,,1.25,1.3021225,0.034027277802013076,1.336149777802013,1.268095222197987,1.3701770556040263,1.234067944395974
320,2018-000044644 Tacora Resources Inc-f1-02725992_1-1-1,2017-12-22,FS,1.2886,1.3005875,0.03318662216956748,1.3337741221695676,1.2674008778304324,1.366960744339135,1.234214255660865
321,2018-000007625 Anaconda Mining Inc-f1-02737080_2-1-1,2018-01-17,PEA,1.34,1.3028375,0.0327165267379479,1.335554026737948,1.2701209732620522,1.3682705534758959,1.2374044465241043
322,2018-000008434 FRONTIER LITHIUM INC-f1-02757384_1-1-1,2018-03-02,PFS,1.25,1.3020875,0.033585796658401224,1.3356732966584013,1.2685017033415988,1.3692590933168025,1.2349159066831976
323,2018-000005247 Deep-South Resources Inc-f1-02736873_2-1-1,2018-03-02,PEA,1.25,1.3005875,0.03454937891385777,1.3351368789138578,1.2660381210861422,1.3696862578277156,1.2314887421722844
324,2018-000004884 Nevsun Resources Ltd-f1-02771114_1-1-1,2018-03-08,,1.29,1.3008374999999999,0.03443257020650111,1.335270070206501,1.2664049297934987,1.3697026404130022,1.2319723595869976
325,2018-000031738 Algold Resources Ltd-f1-02793543_2-1-1,2018-03-09,PEA,1.2775,1.3007225,0.03450436232175225,1.3352268623217523,1.2662181376782478,1.3697312246435045,1.2317137753564955
326,2018-000034271 Canadian Metals Inc-f1-02782390_2-1-1,2018-03-22,PFS,1.33,1.3014725,0.03481292117546613,1.3362854211754662,1.2666595788245338,1.3710983423509322,1.2318466576490679
327,2018-000000171 Harte Gold Corp-f1-02783582_2-1-1,2018-03-31,,1.25,1.2989375,0.034775932493165684,1.3337134324931657,1.2641615675068345,1.3684893649863314,1.2293856350136687
328,2018-000000523 Star Diamond Corporation-f1-02780481_1-1-1,2018-04-16,PEA,1.25,1.296855,0.03515747686463242,1.3320124768646324,1.2616975231353678,1.367169953729265,1.2265400462707352
329,2020-000008434 FRONTIER LITHIUM INC-f1-03031838_1-1-1,2018-04-16,PFS,1.25,1.294855,0.03549744627867863,1.3303524462786787,1.2593575537213215,1.3658498925573574,1.2238601074426427
330,2018-000031889 Callinex Mines Inc-f1-02792445_2-1-1,2018-05-14,PEA,1.2987,1.2960725,0.03474677618324021,1.3308192761832403,1.2613257238167597,1.3655660523664803,1.2265789476335196
331,2018-000030782 Marathon Gold Corporation-f1-02777286_2-1-1,2018-05-28,PEA,1.2658,1.29525,0.03507086598625167,1.3303208659862518,1.2601791340137483,1.3653917319725033,1.2251082680274967
332,2018-000023055 Rockhaven Resources Ltd-f1-02802389_1-1-1,2018-06-05,PEA,1.33,1.29725,0.03470338046047676,1.3319533804604768,1.2625466195395232,1.3666567609209535,1.2278432390790466
333,2018-000024140 Highland Copper Company Inc-f1-02801230_1-1-1,2018-06-14,,1.2821,1.2976575000000001,0.03441915006251063,1.3320766500625107,1.2632383499374895,1.3664958001250214,1.228819199874979
334,2018-000004884 Nevsun Resources Ltd-f1-02803204_2-1-1,2018-06-19,,1.29,1.2964075000000002,0.03374325678124612,1.3301507567812463,1.262664243218754,1.3638940135624924,1.228920986437508
335,2018-000034095 Nouveau Monde Graphite Inc. (auparavant Nouveau Monde Mining Enterprises Inc.)-f1-02855650_2-1-1,2018-07-10,FS,1.307,1.2963325,0.03371559319304584,1.3300480931930458,1.2626169068069544,1.3637636863860918,1.2289013136139084
336,2018-000033780 Osisko Mining Inc. ( Oban Mining Corporation)-f1-02801521_3-1-1,2018-07-12,,1.28,1.2962799999999999,0.03373994969065884,1.3300199496906586,1.2625400503093411,1.3637598993813176,1.2288001006186822
337,2018-000007482 Avalon Advanced Materials Inc-f1-02820730_1-1-1,2018-07-24,PEA,1.3,1.29753,0.03289707492257516,1.3304270749225753,1.2646329250774249,1.3633241498451505,1.2317358501548497
338,2018-000027103 Lithium Americas Corp-f1-02802223_2-1-1,2018-08-01,PFS,1.3029,1.2972075,0.03277638602361791,1.329983886023618,1.2644311139763822,1.3627602720472358,1.2316547279527643
339,2018-000007482 Avalon Advanced Materials Inc-f1-02826804_2-1-1,2018-08-21,PEA,1.3,1.2963749999999998,0.03225490421864295,1.3286299042186427,1.264120095781357,1.3608848084372858,1.231865191562714
340,2018-000017006 Aquila Resources Inc-f1-02820553_2-1-1,2018-08-30,FS,1.33,1.2971575,0.03268949401919146,1.3298469940191915,1.2644680059808084,1.3625364880383828,1.2317785119616171
341,2018-000009025 IAMGOLD Corporation-f1-02832861_5-1-1,2018-08-30,FS,1.25,1.2955124999999998,0.03337570271996181,1.3288882027199616,1.2621367972800381,1.3622639054399235,1.2287610945600762
342,2018-000016084 Velocity Minerals Ltd-f1-02822887_2-2-1,2018-09-10,PEA,1.3333,1.29595,0.03376093175284854,1.3297109317528484,1.2621890682471515,1.363471863505697,1.2284281364943028
343,2018-000005206 Alderon Iron Ore Corp-f1-02825375_1-2-1,2018-09-26,FS,1.2987,1.2954175,0.03353912286897939,1.3289566228689795,1.2618783771310207,1.362495745737959,1.2283392542620413
344,2018-000008403 Desert Lion Energy Inc-f1-02846696_1-1-1,2018-10-01,PEA,1.38,1.2962675,0.03524156482089898,1.331509064820899,1.2610259351791009,1.366750629641798,1.2257843703582019
345,2018-000026264 Ascendant Resources Inc-f1-02854966_2-1-1,2018-10-22,,1.3,1.295435,0.03473398948639515,1.330168989486395,1.2607010105136047,1.3649029789727902,1.2259670210272096
346,2018-000031788 Horizonte Minerals PLC-f1-02855919_3-1-1,2018-11-01,FS,1.25,1.29504,0.03516678794486295,1.330206787944863,1.259873212055137,1.3653735758897259,1.224706424110274
347,2018-000009025 IAMGOLD Corporation-f1-02846935_7-1-1,2018-11-01,FS,1.3,1.29429,0.0347191353431266,1.3290091353431266,1.2595708646568733,1.3637282706862532,1.2248517293137466
348,2018-000029072 Colonial Coal International Corp-f1-02859799_3-1-1,2018-11-12,,1.3,1.2938949999999998,0.03455764377948426,1.3284526437794841,1.2593373562205155,1.3630102875589682,1.2247797124410313
349,2019-000031511 International Lithium Corp-f1-02865871_1-1-1,2018-11-14,,1.3,1.2922175,0.0324790811375329,1.3246965811375329,1.2597384188624672,1.357175662275066,1.2272593377249341
350,2018-000002899 NGEx Resources Inc-f1-02858390_2-1-1,2018-11-20,PFS,1.3,1.291385,0.03181912463138602,1.323204124631386,1.259565875368614,1.355023249262772,1.227746750737228
351,2018-000031351 Monarques Gold Corporation ( know as MONARQUES RESOURCES INC.)-f1-02853662_4-1-1,2018-12-01,,1.3158,1.2930300000000001,0.031321715249229734,1.32435171524923,1.2617082847507703,1.3556734304984597,1.2303865695015406
352,2018-000031521 Mason Graphite Inc-f1-02856062_1-1-1,2018-12-05,FS,1.3099,1.293725,0.03138134142677101,1.325106341426771,1.262343658573229,1.356487682853542,1.230962317146458
353,2019-000039553 Filo Mining Corp-f1-02877026_1-1-1,2019-01-13,PFS,1.3,1.2941725,0.03133891647612311,1.325511416476123,1.2628335835238769,1.356850332952246,1.2314946670477538
354,2019-000007910 ABCOURT MINES INC-f1-02872804_2-1-1,2019-01-15,FS,1.25,1.29209,0.03143970868267176,1.3235297086826718,1.260650291317328,1.3549694173653435,1.2292105826346564
355,2019-000016221 Bluestone Resources Inc-f1-02873902_1-1-1,2019-01-29,,1.28,1.2915899999999998,0.03146970704564066,1.3230597070456405,1.2601202929543591,1.3545294140912811,1.2286505859087185
356,2019-000043028 Euro Manganese Inc-f1-02886256_2-1-1,2019-01-29,PEA,1.31,1.2930899999999999,0.030860544887756206,1.323950544887756,1.2622294551122437,1.3548110897755123,1.2313689102244874
357,2019-000023296 Pure Gold Mining Inc-f1-02888277_1-1-1,2019-02-05,,1.3333,1.2939225,0.03149437465033034,1.3254168746503305,1.2624281253496696,1.3569112493006608,1.2309337506993394
358,2019-000037742 SilverCrest Metals Inc-f1-02917144_2-2-1,2019-02-08,,1.3333,1.2939225,0.03149437465033034,1.3254168746503305,1.2624281253496696,1.3569112493006608,1.2309337506993394
359,2019-000000171 Harte Gold Corp-f1-02911334_1-1-1,2019-02-14,,1.2987,1.29514,0.030683778392014284,1.3258237783920142,1.2644562216079858,1.3565075567840286,1.2337724432159713
360,2019-000000187 Canarc Resource Corp-f1-02903000_1-1-1,2019-02-28,,1.3,1.295425,0.030674417220134084,1.3260994172201341,1.264750582779866,1.3567738344402682,1.2340761655597319
361,2019-000034463 Fission Uranium Corp-f1-02926146_1-1-1,2019-04-15,PFS,1.3333,1.2952575,0.03044218469450484,1.3256996846945048,1.264815315305495,1.3561418693890097,1.2343731306109902
362,2020-000024599 Sama Resources Inc-f1-_1-Ressources Sama Inc__-03067250 -1-,2019-05-22,PEA,1.3298,1.2972525,0.030011997494164413,1.3272644974941643,1.2672405025058355,1.3572764949883287,1.2372285050116711
363,2019-000024867 Canadian Premium Sand Inc-f1-02929984_1-1-1,2019-05-28,PFS,1.3333,1.299335,0.029535389897718384,1.3288703898977183,1.2697996101022815,1.3584057797954368,1.240264220204563
364,2019-000027813 Nemaska Lithium Inc-f1-02949951_1-1-1,2019-05-31,OTHER,1.3,1.299585,0.029496645180817866,1.3290816451808178,1.2700883548191821,1.3585782903616357,1.2405917096383643
365,2019-000008697 SRG Mining Inc-f1-02952958_1-1-1,2019-06-18,FS,1.3198,1.3006425,0.02944277271903251,1.3300852727190324,1.2711997272809674,1.359528045438065,1.241756954561935
366,2019-000012543 Standard Lithium Ltd-f1-02946539_2-1-1,2019-08-01,,1.3,1.2998925,0.029055317598835843,1.3289478175988358,1.270837182401164,1.3580031351976716,1.2417818648023282
367,2019-000023397 Lydian International Limited-f1-02975570_1-1-1,2019-09-16,FS,1.33,1.3018925,0.028275860752274933,1.3301683607522747,1.273616639247725,1.3584442215045498,1.24534077849545
368,2019-000024140 Highland Copper Company Inc-f1-02983645_1-1-1,2019-09-22,,1.2821,1.302695,0.02720039545338457,1.3298953954533845,1.2754946045466153,1.3570957909067691,1.2482942090932307
369,2019-000009365 Rubicon Minerals Corporation-f1-02969144_2-1-1,2019-09-23,,1.2987,1.3039125,0.025837015659807155,1.3297495156598071,1.278075484340193,1.3555865313196143,1.2522384686803858
370,2019-000002563 SEMAFO INC-f1-02986356_1-1-1,2019-09-30,PEA,1.3298,1.3046900000000001,0.02614227149607224,1.3308322714960723,1.278547728503928,1.3569745429921447,1.2524054570078555
371,2019-000020308 Erdene Resource Development Corporation-f1-02997666_2-1-1,2019-10-15,PFS,1.32,1.3060450000000001,0.025470867723030075,1.33151586772303,1.2805741322769701,1.3569867354460603,1.25510326455394
372,2019-000031788 Horizonte Minerals PLC-f1-02984697_2-1-1,2019-10-31,PFS,1.34,1.306295,0.02575945880543127,1.3320544588054313,1.2805355411945687,1.3578139176108626,1.2547760823891374
373,2020-000009025 IAMGOLD Corporation-f1-03016840_2-1-1,2019-11-06,FS,1.25,1.3054925,0.027002567660435614,1.3324950676604355,1.2784899323395644,1.3594976353208712,1.2514873646791287
374,2019-000006065 Victoria Gold Corp-f1-02998460_1-1-1,2019-12-04,FS,1.3333,1.306575,0.027232510265941475,1.3338075102659415,1.2793424897340586,1.3610400205318829,1.2521099794681172
375,2020-000009025 IAMGOLD Corporation-f1-03017893_3-1-1,2019-12-31,FS,1.2987,1.3063675,0.027260795438664488,1.3336282954386645,1.2791067045613354,1.3608890908773288,1.251845909122671
376,"2020-000043521 Nexa Resources S.A. (, VM Holding S.A.)-f1-03026212_1-1-1",2019-12-31,,1.2,1.3043675000000001,0.031801341589987535,1.3361688415899877,1.2725661584100125,1.367970183179975,1.2407648168200252
377,2020-000003212 Taseko Mines Limited-f1-03007907_1-2-1,2019-12-31,PFS,1.25,1.3031175,0.03293970316915121,1.336057203169151,1.2701777968308487,1.3689969063383023,1.2372380936616976
378,2020-000047809 Jervois Mining Limited-f1-03135491_1-1-1,2020-01-20,,1.3339,1.3038925,0.03329719621290988,1.3371896962129097,1.27059530378709,1.3704868924258196,1.2372981075741802
379,2020-000025074 Vanadium One Iron Corp-f1-03042911_1-1-1,2020-02-27,PEA,1.3158,1.3042875,0.03334352039848368,1.3376310203984838,1.2709439796015163,1.3709745407969673,1.2376004592030327
380,2020-000005837 KORE Mining Ltd-f1-03060233_1-1-1,2020-04-06,PEA,1.33,1.3042875,0.03334352039848368,1.3376310203984838,1.2709439796015163,1.3709745407969673,1.2376004592030327
381,2020-000004132 Ascot Resources Ltd-f1-03061954_2-1-1,2020-05-22,,1.3158,1.3059325000000002,0.03220009067912049,1.3381325906791206,1.2737324093208797,1.370332681358241,1.2415323186417593
382,2020-000021551 ScoZinc Mining Ltd-f1-03088581_2-1-1,2020-07-06,PFS,1.41,1.30785,0.035938330369447886,1.3437883303694478,1.2719116696305521,1.3797266607388958,1.235973339261104
383,2020-000023055 Rockhaven Resources Ltd-f1-03086606_1-1-1,2020-07-10,PEA,1.25,1.3066324999999999,0.03706355862845768,1.3436960586284576,1.269568941371542,1.3807596172569152,1.2325053827430845
384,2020-000046596 Blue Lagoon Resources Inc-f1-03083518_1-1-1,2020-07-13,,1.4085,1.3073450000000002,0.038745877861806714,1.3460908778618068,1.2685991221381936,1.3848367557236136,1.2298532442763868
385,2020-000030562 Teranga Gold Corporation-f1-03100145_1-1-1,2020-07-26,PFS,1.4085,1.3100574999999999,0.04188891223162414,1.351946412231624,1.2681685877683757,1.3938353244632482,1.2262796755367515
386,2020-000033050 Trilogy Metals Inc. ( NovaCopper Inc.)-f1-03119913_1-1-1,2020-08-20,FS,1.32,1.3118075,0.04076260470465159,1.3525701047046517,1.2710448952953484,1.393332709409303,1.230282290590697
387,2020-000016084 Velocity Minerals Ltd-f1-03108368_1-2-1,2020-08-30,PFS,1.3333,1.31264,0.04085521527766812,1.3534952152776683,1.2717847847223318,1.3943504305553363,1.2309295694446638
388,2020-000005620 Troilus Gold Corp-f1-03122905_2-1-1,2020-08-31,PEA,1.25,1.31139,0.04200070084885327,1.3533907008488533,1.2693892991511468,1.3953914016977067,1.2273885983022934
389,2020-000002899 Josemaria Resources Inc-f1-03131257_1-1-1,2020-09-28,FS,1.31,1.3116400000000001,0.041960908547764283,1.3536009085477645,1.2696790914522358,1.3955618170955286,1.2277181829044717
390,2020-000037125 Paramount Gold Nevada Corp-f1-03128464_1-1-1,2020-10-01,,1.3333,1.3124725000000002,0.04205428108638048,1.3545267810863806,1.2704182189136197,1.396581062172761,1.2283639378272393
391,2020-000005466 Niobay Metals Inc. ( MDN INC.)-f1-03143344_2-1-1,2020-10-13,PEA,1.3,1.3120775,0.042096406372601106,1.354173906372601,1.269981093627399,1.3962703127452023,1.2278846872547977
392,2021-000008433 Metallum Resources Inc-f1-03288400_1-1-1,2020-10-15,,1.246,1.31048,0.043374222523143525,1.3538542225231436,1.2671057774768566,1.397228445046287,1.223731554953713
393,"2020-000011551 Sandfire Resources America Inc. (, Tintina Resources Inc.)-f1-03149838_1-1-1",2020-10-19,,1.34,1.31148,0.043586990531461735,1.3550669905314616,1.2678930094685383,1.3986539810629235,1.2243060189370765
394,2020-000008288 Denison Mines Corp-f1-03156782_1-1-1,2020-10-30,,1.33,1.31348,0.04251588059259849,1.3559958805925985,1.2709641194074015,1.398511761185197,1.228448238814803
395,2020-000011471 E3 Metals Corp-f1-03153845_1-2-1,2020-11-16,,1.35,1.3152300000000001,0.04254310152280247,1.3577731015228025,1.2726868984771977,1.4003162030456051,1.2301437969543951
396,2021-000000760 O3 Mining Inc-f1-03165344_1-1-1,2020-11-25,PEA,1.3333,1.3158125,0.04262908112653025,1.3584415811265302,1.2731834188734699,1.4010706622530607,1.2305543377469395
397,2020-000009365 Battle North Gold Corporation-f1-03147674_2-1-1,2020-12-01,,1.3158,1.315375,0.04253470227280177,1.3579097022728017,1.2728402977271982,1.4004444045456035,1.2303055954543964
398,2021-000031923 Rokmaster Resources Corp-f1-03163135_1-1-1,2020-12-08,,1.2987,1.3145099999999998,0.04251263944782191,1.3570226394478218,1.271997360552178,1.3995352788956437,1.229484721104356
399,2021-000025889 Labrador Iron Mines Holdings Limited-f1-03198968_1-2-1,2020-12-31,PEA,1.33,1.3152925,0.0425022315402077,1.3577947315402077,1.2727902684597923,1.4002969630804154,1.2302880369195845
400,2021-000037742 SilverCrest Metals Inc-f1-03169049_1-1-1,2021-01-04,,1.325,1.3159175,0.04245537559210443,1.3583728755921045,1.2734621244078956,1.400828251184209,1.2310067488157912
401,2021-000031522 Rockcliff Metals Corporation-f1-03163342_1-1-1,2021-01-12,,1.2987,1.3150525,0.04244461240010164,1.3574971124001016,1.2726078875998983,1.3999417248002033,1.2301632751997966
402,2021-000022404 First Mining Gold Corp-f1-03182996_1-1-1,2021-01-20,PFS,1.3333,1.31514,0.04247938745997109,1.3576193874599711,1.2726606125400288,1.400098774919942,1.230181225080058
403,2021-000030536 Braveheart Resources Inc-f1-03176084_1-1-1,2021-01-21,PEA,1.3333,1.31514,0.04247938745997109,1.3576193874599711,1.2726606125400288,1.400098774919942,1.230181225080058
404,2021-000032993 NexGen Energy Ltd-f1-03176807_1-1-1,2021-02-22,,1.3333,1.3159725,0.04250136641845633,1.3584738664184564,1.2734711335815436,1.4009752328369127,1.2309697671630873
405,2021-000008335 Gensource Potash Corporation-f1-03190555_1-2-1,2021-02-26,,1.3,1.3154774999999999,0.042570891026856635,1.3580483910268566,1.2729066089731431,1.400619282053713,1.2303357179462866
406,2021-000000171 Harte Gold Corp-f1-03183790_1-1-1,2021-03-01,,1.3158,1.3158725,0.04249683540254215,1.3583693354025421,1.2733756645974579,1.4008661708050842,1.2308788291949158
407,2021-000005733 Sabina Gold & Silver Corp-f1-03183313_1-1-1,2021-03-03,FS,1.31,1.3153725,0.04244397808454122,1.3578164780845412,1.272928521915459,1.4002604561690826,1.2304845438309175
408,2021-000050209 1246778 B.C. LTD-f1-03239369_1-1-1,2021-03-31,PEA,1.3158,1.3162150000000001,0.04209966532542522,1.3583146653254254,1.2741153346745748,1.4004143306508505,1.2320156693491497
409,2021-000005999 Roxgold Inc-f1-03229132_2-1-1,2021-03-31,FS,1.2583,1.315205,0.04300550322566052,1.3582105032256604,1.2721994967743395,1.401216006451321,1.2291939935486789
410,2021-000030782 Marathon Gold Corporation-f1-03208886_1-1-1,2021-04-23,FS,1.33,1.31521,0.04300725520188413,1.358217255201884,1.272202744798116,1.4012245104037682,1.2291954895962318
411,2021-000008849 Spanish Mountain Gold Ltd-f1-03234471_1-1-1,2021-05-10,PFS,1.3106,1.314975,0.04300609229352236,1.3579810922935223,1.2719689077064777,1.4009871845870447,1.2289628154129553
412,2022-000026953 Bonterra Resources Inc-f1-03414517_1-1-1,2021-06-01,PEA,1.33,1.3147250000000001,0.04288578600218993,1.35761078600219,1.2718392139978103,1.40049657200438,1.2289534279956202
413,2021-000031410 Leading Edge Materials Corp-f1-03252789_1-1-1,2021-06-09,PEA,1.2775,1.3154125,0.04203353476537257,1.3574460347653727,1.2733789652346275,1.3994795695307451,1.231345430469255
414,2021-000036937 Probe Metals Inc-f1-03289738_2-1-1,2021-09-07,PEA,1.3333,1.3154125,0.04203353476537257,1.3574460347653727,1.2733789652346275,1.3994795695307451,1.231345430469255
415,2021-000003151 Northern Dynasty Minerals Ltd-f1-03277351_2-2-1,2021-09-09,PEA,1.3333,1.3162775,0.04203680614072399,1.358314306140724,1.274240693859276,1.400351112281448,1.232203887718552
416,2021-000008322 Lomiko Metals Inc-f1-03278476_2-1-1,2021-09-10,PEA,1.33,1.3195275,0.037608639129586674,1.3571361391295866,1.2819188608704133,1.3947447782591733,1.2443102217408266
417,2021-000020511 COPPER FOX METALS INC-f1-03296960_3-1-1,2021-09-10,PEA,1.3,1.3207775000000002,0.036036566098254105,1.3568140660982542,1.2847409339017462,1.3928506321965084,1.248704367803492
418,2021-000026107 Mexican Gold Mining Corp-f1-03280410_1-1-1,2021-09-18,,1.3158,1.320325,0.03598116138146412,1.3563061613814642,1.2843438386185357,1.3922873227629282,1.2483626772370717
419,2021-000045902 NorZinc Ltd-f1-03299714_1-1-1,2021-10-15,,1.25,1.31868,0.03765838483947418,1.3563383848394743,1.2810216151605258,1.3939967696789484,1.2433632303210518
420,2021-000043280 Steppe Gold Ltd-f1-03313510_2-1-1,2021-10-27,FS,1.3,1.31793,0.03772583417371382,1.355655834173714,1.2802041658262862,1.3933816683474276,1.2424783316525725
421,2022-000042886 Defense Metals Corp-f1-03324683_1-1-1,2021-11-07,PEA,1.3,1.317535,0.03783127555682467,1.3553662755568245,1.2797037244431753,1.3931975511136492,1.2418724488863506
422,2021-000037111 Kutcho Copper Corp. ( Desert Star Resources Ltd.)-f1-03321014_1-1-1,2021-11-08,FS,1.3158,1.3151800000000002,0.03473282789139581,1.349912827891396,1.2804471721086044,1.384645655782792,1.2457143442172085
423,2021-000010721 Global Atomic Corporation-f1-03323043_1-1-1,2021-11-15,,1.28,1.31593,0.03359452946919186,1.349524529469192,1.282335470530808,1.3831190589383837,1.2487409410616164
424,2021-000012543 Standard Lithium Ltd-f1-03307901_1-1-1,2021-11-20,,1.2436,1.3118075,0.03202472112010505,1.343832221120105,1.279782778879895,1.37585694224021,1.24775805775979
425,2021-000042546 Western Resources Corp-f1-03322515_1-1-1,2021-11-30,,1.27,1.308345,0.02860724267267509,1.3369522426726752,1.279737757327325,1.3655594853453503,1.2511305146546499
426,"2022-000005465 Clean Air Metals Inc. (, Regency Gold Corp.)-f1-03325993_1-1-1",2021-12-01,,1.3,1.307845,0.02857307276404616,1.336418072764046,1.2792719272359538,1.3649911455280923,1.2506988544719075
427,2022-000047725 G Mining Ventures Corp-f1-03336754_1-1-1,2021-12-10,FS,1.3,1.3070125000000001,0.028296173407144097,1.3353086734071442,1.278716326592856,1.3636048468142883,1.250420153185712
428,2022-000026913 AYA GOLD & SILVER INC-f1-03363083_2-1-1,2021-12-13,FS,1.3175,1.3087,0.026781126151614827,1.3354811261516149,1.281918873848385,1.3622622523032297,1.2551377476967702
429,2022-000027890 Loncor Gold Inc-f1-03333595_1-1-1,2021-12-15,PEA,1.3514,1.309735,0.027619516975296795,1.337354516975297,1.2821154830247032,1.3649740339505936,1.2544959660494066
430,2022-000024814 Search Minerals Inc-f1-03411420_2-1-1,2021-12-31,PEA,1.25,1.3076525,0.028907527078511255,1.3365600270785114,1.2787449729214888,1.3654675541570227,1.2498374458429775
431,2022-000005617 Galleon Gold Corp-f1-03341096_1-1-1,2022-01-10,,1.3158,1.3080475,0.028908227801360886,1.3369557278013608,1.2791392721986392,1.365863955602722,1.2502310443972782
432,"2022-000029882 Allkem Limited,  Orocobre Limited-f1-03325748_1-1-1",2022-01-11,FS,1.33,1.3101474999999998,0.027291099211168388,1.3374385992111681,1.2828564007888315,1.3647296984223365,1.255565301577663
433,2022-000003818 Sabre Gold Mines Corp. ( Arizona Gold Corp.)-f1-03332175_1-1-1,2022-01-18,PEA,1.2821,1.3087,0.0272024885739407,1.3359024885739408,1.2814975114260592,1.3631049771478814,1.2542950228521186
434,2022-000023668 McEwen Mining Inc. ( US Gold Corporation)-f1-03358989_1-1-1,2022-01-26,,1.22,1.3059500000000002,0.030369747092485456,1.3363197470924857,1.2755802529075146,1.366689494184971,1.2452105058150293
435,2022-000031900 Magna Mining Inc-f1-03352191_1-1-1,2022-01-31,FS,1.2987,1.3046675,0.02953351323236273,1.3342010132323627,1.2751339867676375,1.3637345264647256,1.2456004735352746
436,2022-000031522 Rockcliff Metals Corporation-f1-03340402_1-1-1,2022-02-01,,1.25,1.302585,0.030387307994942218,1.3329723079949423,1.272197692005058,1.3633596159898846,1.2418103840101156
437,2022-000016221 Bluestone Resources Inc-f1-03365225_1-1-1,2022-02-22,FS,1.32,1.30269,0.030441350082934672,1.3331313500829345,1.2722486499170653,1.3635727001658693,1.2418072998341305
438,2022-000008072 Spruce Ridge Resources Ltd-f1-03366701_1-1-1,2022-03-09,PEA,1.2987,1.30269,0.030441350082934672,1.3331313500829345,1.2722486499170653,1.3635727001658693,1.2418072998341305
439,2022-000013027 Cornerstone Capital Resources Inc-f1-03395605_1-1-1,2022-03-31,PFS,1.33,1.3026900000000001,0.030441350082934672,1.3331313500829347,1.2722486499170655,1.3635727001658695,1.2418072998341307
440,2022-000026555 Century Global Commodities Corporation-f1-03471973_1-1-1,2022-05-06,FS,1.3158,1.30246,0.030302904997409792,1.3327629049974097,1.2721570950025902,1.3630658099948196,1.2418541900051803
441,2022-000045813 Dore Copper Mining Corp-f1-03399661_1-1-1,2022-05-09,,1.25,1.3012425,0.03141573905316256,1.3326582390531627,1.2698267609468374,1.3640739781063251,1.238411021893675
442,2022-000052628 Endeavour Mining plc-f1-03468668_2-1-1,2022-06-01,FS,1.2346,1.298775,0.03268379783662902,1.331458797836629,1.266091202163371,1.364142595673258,1.233407404326742
443,2022-000026880 Manganese X Energy Corp-f1-03402726_1-1-1,2022-06-24,PEA,1.25,1.2966925,0.03307898385798631,1.3297714838579864,1.2636135161420137,1.3628504677159727,1.2305345322840273
444,2022-000024726 Critical Elements Lithium Corporation-f1-03412588_1-1-1,2022-06-28,FS,1.2987,1.2958275000000001,0.03254525045107309,1.3283727504510732,1.263282249548927,1.3609180009021462,1.230736999097854
445,2022-000032247 Tartisan Nickel Corp-f1-03427839_1-1-1,2022-07-06,,1.28,1.2953275000000002,0.03263301763158881,1.327960517631589,1.2626944823684114,1.3605935352631777,1.2300614647368227
446,2022-000034095 Nouveau Monde Graphite Inc. (auparavant Nouveau Monde Mining Enterprises Inc.)-f1-03418879_1-1-1,2022-07-06,FS,1.275,1.2943075,0.032614338419057615,1.3269218384190575,1.2616931615809424,1.3595361768381151,1.2290788231618848
447,2022-000044171 Imperial Mining Group Ltd-f1-03413761_1-1-1,2022-07-26,PEA,1.25,1.2928074999999999,0.03324771353233487,1.3260552135323347,1.259559786467665,1.3593029270646697,1.22631207293533
448,2022-000015420 Osisko Metals Incorporated-f1-03429014_2-1-1,2022-08-01,PEA,1.27,1.2916625,0.03322421643458738,1.3248867164345872,1.2584382835654127,1.3581109328691747,1.2252140671308251
449,2022-000000760 O3 Mining Inc-f1-03444224_2-1-1,2022-08-24,PFS,1.3,1.2927050000000002,0.03280207896788529,1.3255070789678856,1.2599029210321149,1.358309157935771,1.2271008420642295
450,2022-000025247 Graphite One Inc-f1-03445554_1-1-1,2022-08-29,PFS,1.282,1.291505,0.03227651325177963,1.3237815132517796,1.2592284867482202,1.356058026503559,1.2269519734964407
451,2022-000007875 Skeena Resources Limited-f1-03437510_1-1-1,2022-09-06,FS,1.3158,1.291635,0.03236574281076068,1.3240007428107607,1.2592692571892394,1.3563664856215214,1.2269035143784788
452,2022-000003301 Moneta Gold Inc. ( Moneta Porcupine Mines Inc.)-f1-03445560_2-1-1,2022-09-07,PEA,1.2821,1.2904375,0.03179090087124186,1.3222284008712417,1.258646599128758,1.3540193017424835,1.2268556982575163
453,2022-000005870 Rock Tech Lithium Inc-f1-03459784_1-1-1,2022-10-01,PFS,1.2987,1.2909675,0.03174636977025471,1.3227138697702547,1.2592211302297454,1.3544602395405094,1.2274747604594907
454,2024-000021914 Strategic Resources Inc-f1-03508934_1-4-1,2022-11-18,FS,1.3158,1.29053,0.03126495703597779,1.3217949570359777,1.2592650429640222,1.3530599140719555,1.2280000859280444
455,2023-000030511 Soma Gold Corp-f1-03492401_1-1-1,2022-12-31,,1.3333,1.29053,0.03126495703597779,1.3217949570359777,1.2592650429640222,1.3530599140719555,1.2280000859280444
456,2023-000005955 NorthWest Copper Corp. ( _Serengeti Resources Inc._)-f1-03493519_1-1-1,2023-01-04,PEA,1.2987,1.2897475,0.030637156823131072,1.3203846568231312,1.2591103431768689,1.3510218136462622,1.228473186353738
457,2023-000031521 Mason Graphite Inc-f1-03504307_1-1-1,2023-01-10,PEA,1.275,1.2891225,0.030677616391041468,1.3198001163910413,1.2584448836089586,1.350477732782083,1.227767267217917
458,2023-000008749 CaNickel Mining Limited-f1-03496778_1-1-1,2023-01-13,,1.2987,1.2886950000000001,0.030414343360514632,1.3191093433605148,1.2582806566394855,1.3495236867210294,1.2278663132789709
459,2023-000034463 Fission Uranium Corp-f1-03499127_1-1-1,2023-01-17,,1.3333,1.2907775000000001,0.030548443978166518,1.3213259439781666,1.2602290560218337,1.351874387956333,1.2296806120436672
460,2023-000033050 Trilogy Metals Inc-f1-03491294_1-1-1,2023-01-20,FS,1.3,1.2907775,0.030548443978166518,1.3213259439781664,1.2602290560218334,1.3518743879563329,1.229680612043667
461,2023-000020073 CERRO DE PASCO RESOURCES INC. ( Genius Properties Ltd.)-f1-03518451_1-1-1,2023-01-31,PEA,1.34,1.2917775,0.03149802181415728,1.3232755218141572,1.2602794781858428,1.3547735436283146,1.2287814563716855
462,2023-000027114 Treasury Metals Inc-f1-03493929_1-2-1,2023-02-22,PFS,1.34,1.2923825,0.032195945655729176,1.3245784456557292,1.2601865543442707,1.3567743913114583,1.2279906086885417
463,2023-000011411 Focus Graphite Inc-f1-03520628_1-1-1,2023-03-06,FS,1.3587,1.2943500000000001,0.03378530252442129,1.3281353025244214,1.2605646974755789,1.3619206050488426,1.2267793949511576
464,2023-000003760 Vision Lithium Inc-f1-03507921_1-1-1,2023-03-23,PEA,1.35,1.29701,0.033875623184730475,1.3308856231847304,1.2631343768152696,1.364761246369461,1.229258753630539
465,2023-000056724 Sayona Inc-f1-03520244_2-1-1,2023-03-27,FS,1.3333,1.2985925,0.034059528487183056,1.332652028487183,1.264532971512817,1.3667115569743662,1.2304734430256339
466,2023-000028221 Orezone Gold Corporation-f1-06052603_1-1-1,2023-03-28,FS,1.2987,1.29856,0.034058771226159947,1.33261877122616,1.26450122877384,1.3666775424523199,1.23044245754768
467,2023-000024396 Cartier Resources Inc-f1-03542281_1-1-1,2023-04-13,,1.2987,1.2985275,0.03405798213981416,1.3325854821398142,1.264469517860186,1.3666434642796284,1.2304115357203718
468,2023-000023453 Nighthawk Gold Corp-f1-03549092_2-1-1,2023-04-26,PEA,1.35,1.2993400000000002,0.03489947321621394,1.3342394732162142,1.2644405267837862,1.369138946432428,1.2295410535675724
469,2023-000023668 McEwen Mining Inc. ( US Gold Corporation)-f1-03551473_1-1-1,2023-05-09,PEA,1.33,1.298805,0.03423871665160249,1.3330437166516025,1.2645662833483975,1.367282433303205,1.230327566696795
470,2023-000008434 FRONTIER LITHIUM INC-f1-03560609_2-1-1,2023-05-31,PFS,1.2987,1.3000224999999999,0.03331207902509783,1.3333345790250977,1.266710420974902,1.3666466580501955,1.2333983419498042
471,2023-000007910 ABCOURT MINES INC-f1-03561551_4-1-1,2023-06-07,,1.3,1.2996275000000002,0.033213728915337734,1.332841228915338,1.2664137710846624,1.3660549578306755,1.2332000421693248
472,2023-000016002 Surge Copper Corp-f1-06001766_1-1-1,2023-06-12,PEA,1.2987,1.298845,0.032846495734724666,1.3316914957347248,1.2659985042652753,1.3645379914694493,1.2331520085305507
473,2023-000053370 LithiumBank Resources Corp-f1-03551940_1-1-1,2023-06-16,,1.3514,1.3005775,0.033755671793124366,1.3343331717931244,1.2668218282068755,1.3680888435862486,1.2330661564137513
474,2023-000010252 Wallbridge Mining Company Limited-f1-06008227_2-1-1,2023-06-26,PEA,1.3,1.3025775,0.031126693033966406,1.3337041930339664,1.2714508069660335,1.3648308860679328,1.240324113932067
475,2023-000053528 Hot Chili Limited-f1-06008707_1-1-1,2023-06-28,PEA,1.25,1.30136,0.032215634045026656,1.3335756340450267,1.2691443659549735,1.3657912680900535,1.2369287319099467
476,2023-000009850 New Age Metals Inc-f1-06008684_1-3-1,2023-06-29,PEA,1.35,1.30386,0.03200722514587082,1.3358672251458708,1.2718527748541293,1.3678744502917417,1.2398455497082583
477,2023-000005156 Grounded Lithium Corp. ( VAR Resources Corp.)-f1-06007626_2-1-1,2023-06-30,,1.33,1.30411,0.0321751361242713,1.3362851361242714,1.2719348638757288,1.3684602722485426,1.2397597277514576
478,2023-000030612 Westhaven Gold Corp-f1-06023256_1-1-1,2023-07-18,,1.3158,1.3045375000000001,0.032214988449000476,1.3367524884490005,1.2723225115509997,1.3689674768980011,1.2401075231019991
479,2023-000027739 First Phosphate Corp. ( First Potash Corp.)-f1-06025619_1-1-1,2023-07-25,PEA,1.32,1.3042875,0.03205070652047381,1.3363382065204739,1.2722367934795262,1.3683889130409477,1.2401860869590524
480,2023-000031900 Magna Mining Inc-f1-06026590_1-1-1,2023-07-31,PEA,1.3,1.3038925000000001,0.032002511019269486,1.3358950110192696,1.2718899889807307,1.3678975220385392,1.239887477961461
481,2023-000037377 Alamos Gold Inc-f1-06013025_2-1-1,2023-08-02,FS,1.3333,1.305975,0.03110329976723145,1.3370782997672315,1.2748717002327687,1.368181599534463,1.2437684004655372
482,2023-000004553 FPX Nickel Corp. ( First Point Minerals Corp.)-f1-06036640_1-1-1,2023-09-06,PFS,1.3158,1.308005,0.028897031610486217,1.3369020316104863,1.279107968389514,1.3657990632209724,1.2502109367790277
483,2023-000022404 First Mining Gold Corp-f1-06037392_1-1-1,2023-09-15,PEA,1.33,1.310005,0.027514890607236813,1.337519890607237,1.2824901093927632,1.3650347812144736,1.2549752187855265
484,2023-000024464 Nickel Creek Platinum Corp-f1-06033570_1-1-1,2023-09-20,PFS,1.3333,1.31087,0.027693664924005275,1.3385636649240054,1.2831763350759946,1.3662573298480105,1.2554826701519894
485,2023-000010348 GIGA Metals Corporation-f1-06037857_1-1-1,2023-09-22,PFS,1.2987,1.3113375,0.027314424549339154,1.3386519245493391,1.284023075450661,1.3659663490986784,1.2567086509013217
486,2023-000029882 Allkem Limited-f1-06035956_4-1-1,2023-09-30,PFS,1.31,1.3122125,0.02667361307763512,1.338886113077635,1.285538886922365,1.3655597261552703,1.2588652738447297
487,2023-000048733 Canada Nickel Company Inc-f1-06052768_1-1-1,2023-10-01,FS,1.3158,1.3138575,0.024694034237505196,1.3385515342375052,1.2891634657624946,1.3632455684750102,1.2644694315249896
488,2023-000047230 Freeman Gold Corp-f1-06058256_1-1-1,2023-10-13,PEA,1.3514,1.3158925,0.02433859852590386,1.3402310985259038,1.291553901474096,1.3645696970518075,1.2672153029481923
489,2024-000047856 EMP Metals Corp-f1-06084544_1-1-1,2023-10-31,,1.3514,1.3171775000000001,0.02482992908175795,1.342007429081758,1.2923475709182422,1.366837358163516,1.2675176418364842
490,2024-000001767 Dundee Precious Metals Inc-f1-4_1-.pdf (b330f2224b9c78dc),2023-11-16,,1.3362,1.3185325,0.024334974171934497,1.3428674741719346,1.2941975258280656,1.3672024483438692,1.269862551656131
491,2024-000008955 Volt Lithium Corp-f1-06078013_1-1-1,2023-11-30,,1.3514,1.3194225,0.024877427597043762,1.3442999275970438,1.2945450724029561,1.3691773551940876,1.2696676448059123
492,2023-000045726 Cerrado Gold Inc. ( BB1 Acquisition Corp.)-f1-06063543_1-1-1,2023-12-15,FS,1.35,1.32112,0.02458023179044077,1.3457002317904407,1.2965397682095594,1.3702804635808816,1.2719595364191185
493,2024-000005781 Barksdale Resources Corp-f1-06148611_1-1-1,2024-01-02,PEA,1.3333,1.3219850000000002,0.02437900052640933,1.3463640005264095,1.297605999473591,1.3707430010528188,1.2732269989471816
494,2024-000005634 Wealth Minerals Ltd-f1-06085436_1-1-1,2024-01-04,,1.3001,1.3215925,0.02460645514118977,1.3461989551411897,1.2969860448588102,1.3708054102823795,1.2723795897176204
495,2024-000031511 International Lithium Corp-f1-06073310_1-1-1,2024-01-18,PEA,1.35,1.3220100000000001,0.024949475098532785,1.346959475098533,1.2970605249014673,1.3719089501970656,1.2721110498029347
496,2024-000056724 Sayona Inc-f1-06085701_1-1-1,2024-01-24,FS,1.333,1.3228675,0.024716125614355794,1.3475836256143559,1.2981513743856443,1.3722997512287116,1.2734352487712886
497,2024-000004926 AVINO SILVER & GOLD MINES LTD-f1-06096510_1-1-1,2024-02-05,PFS,1.2987,1.32346,0.023806547257166272,1.3472665472571663,1.2996534527428338,1.3710730945143326,1.2758469054856676
498,2024-000036937 Probe Gold Inc-f1-06102442_1-1-1,2024-02-13,PEA,1.3514,1.3247775000000002,0.023859347332402085,1.3486368473324022,1.3009181526675981,1.3724961946648044,1.277058805335196
499,2024-000007580 Discovery Silver Corp-f1-06085725_1-4-1,2024-02-16,FS,1.3158,1.3243399999999999,0.02385951189132555,1.3481995118913255,1.3004804881086742,1.3720590237826509,1.2766209762173488
500,2024-000048747 Moon River Capital Ltd-f1-1_1-.pdf (67687818f6cf63c6),2024-02-22,,1.3514,1.325625,0.023899112203229666,1.3495241122032298,1.3017258877967703,1.3734232244064595,1.2778267755935406
501,2024-000008916 Tinka Resources Limited-f1-06113611_1-1-1,2024-02-28,,1.35,1.325875,0.02410475801526238,1.3499797580152624,1.3017702419847375,1.3740845160305246,1.2776654839694752
502,2024-000031900 Magna Mining Inc-f1-06198928_2-1-1,2024-04-15,,1.35,1.326125,0.024306027003974662,1.3504310270039745,1.3018189729960254,1.3747370540079493,1.2775129459920507
503,2024-000005657 Century Lithium Corp. (fomerly Cypress Development Corp.)-f1-06145240_1-1-1,2024-04-29,FS,1.25,1.3234075,0.026544122798242975,1.349951622798243,1.296863377201757,1.3764957455964861,1.270319254403514
504,2024-000005620 Troilus Gold Corp-f1-1_1-.pdf (eec5103ff2cd9904),2024-05-14,FS,1.3514,1.3234425,0.02658098305662165,1.3500234830566218,1.2968615169433784,1.3766044661132433,1.2702805338867569
505,2024-000052252 Silver Mountain Resources Inc-f1-06149229_2-1-1,2024-05-15,,1.3497,1.3238524999999999,0.026861926038778704,1.3507144260387787,1.296990573961221,1.3775763520775572,1.2701286479224425
506,2024-000054671 Aardvark 2 Capital Corp-f1-06206632_1-1-1,2024-05-24,,1.3,1.3238850000000002,0.026831483134174376,1.3507164831341745,1.297053516865826,1.377547966268349,1.2702220337316514
507,2024-000013177 Alta Copper Corp-f1-06144797_1-1-1,2024-05-31,PEA,1.3514,1.3252025,0.026856966698724685,1.3520594666987247,1.2983455333012754,1.3789164333974495,1.2714885666025506
508,2024-000006180 New Pacific Metals Corp-f1-06165441_1-1-1,2024-06-19,PFS,1.36,1.3254525,0.02713877902417634,1.3525912790241763,1.2983137209758235,1.3797300580483527,1.2711749419516472
509,2024-000011471 E3 Lithium Ltd-f1-06161234_2-1-1,2024-06-20,,1.34,1.3257025,0.027227658331283745,1.3529301583312838,1.2984748416687162,1.3801578166625674,1.2712471833374326
510,2024-000032669 Centamin plc-f1-06181176_1-1-1,2024-07-18,FS,1.38,1.327735,0.028178147106560646,1.3559131471065609,1.2995568528934394,1.3840912942131214,1.2713787057868788
511,2024-000024724 Whitemud Resources Inc-f1-06172911_1-1-1,2024-08-23,PEA,1.3,1.327735,0.028178147106560646,1.3559131471065609,1.2995568528934394,1.3840912942131214,1.2713787057868788
512,2024-000033260 Thesis Gold Inc-f1-06193183_2-1-1,2024-08-30,PEA,1.3514,1.3290525,0.028017338839387014,1.357069838839387,1.301035161160613,1.385087177678774,1.2730178223212258
513,2024-000002968 Kinross Gold Corporation-f1-06182718_1-1-1,2024-09-01,PEA,1.3514,1.3290525,0.028017338839387014,1.357069838839387,1.301035161160613,1.385087177678774,1.2730178223212258
514,2024-000004815 Amex Exploration Inc-f1-06223904_2-1-1,2024-09-05,PEA,1.35,1.3303025,0.027802476254776932,1.3581049762547768,1.3025000237452231,1.3859074525095538,1.274697547490446
515,2024-000056341 WINSOME RESOURCES LTD-f1-06189451_1-1-1,2024-09-06,PEA,1.35,1.3328025000000001,0.024721852551735365,1.3575243525517355,1.3080806474482647,1.3822462051034707,1.2833587948965295
516,2024-000008575 South Star Battery Metals Corp-f1-06203545_1-1-1,2024-10-10,PEA,1.36,1.3330525,0.024949733953671237,1.3580022339536713,1.3081027660463287,1.3829519679073425,1.2831530320926574
517,2024-000036472 Cabral Gold Inc-f1-06216794_1-1-1,2024-10-21,PFS,1.3514,1.3335875,0.025111517303461624,1.3586990173034617,1.3084759826965382,1.3838105346069232,1.2833644653930767
518,2021-000001767 Dundee Precious Metals Inc-f1-03198935_1-1-1,,PFS,1.3,1.3331925,0.02551943841818405,1.358711938418184,1.307673061581816,1.384231376836368,1.282153623163632
