Year,Silver Forecast Price,Silver Stdv,Silver Forecast Price + 1 stdv.,Silver Forecast Price - 1 stdv.
2026-01-01,53.25900962,6.935282308,60.19429193,46.32372731
2027-01-01,49.2397743,9.064327722,58.30410202,40.17544658
2028-01-01,45.83287804,9.905096651,55.73797469,35.92778139
2029-01-01,43.40320744,10.20560503,53.60881247,33.1976024
2030-01-01,41.49524648,10.33951815,51.83476463,31.15572833
2031-01-01,37.33868171,11.82553303,49.16421475,25.51314868
2032-01-01,37.33868171,11.82553303,49.16421475,25.51314868
2033-01-01,37.33868171,11.82553303,49.16421475,25.51314868
2034-01-01,37.33868171,11.82553303,49.16421475,25.51314868
2035-01-01,37.33868171,11.82553303,49.16421475,25.51314868
