report_id,effective_date,report_type,ag_price_usd_troy_oz,knn_mean,band1_low,band1_high,band2_low,band2_high
2007-000014497 European Goldfields Limited-f1-01186774_3-1-1,2007-11-22,PFS,7.0,11.646368149626493,9.396101828872386,14.045073433645749,7.145835508118278,16.443778717665005
2007-000003448 Sherwood Copper Corporation-f1-01199204_1-1-1,2007-11-30,PFS,12.24,11.652529767052537,9.401072922351645,14.05250410800766,7.149616077650752,16.452478448962786
2008-000005815 Norsemont Mining Inc-f1-01200489_1-17-1,2007-12-11,PEA,11.0,11.658468655664802,9.405864321819209,14.05966617996021,7.153259987973614,16.46086370425562
2008-000005970 Inca Pacific Resources Inc-f1-01203599_1-2-1,2008-01-17,FS,12.0,11.71408240250789,9.45073259506193,14.126734226264105,7.187382787615973,16.53938605002032
2008-000003441 Golden Queen Mining Co. Ltd-f1-01212288_1-1-1,2008-01-23,FS,12.0,11.719471190306136,9.455080182072404,14.133232897727375,7.190689173838673,16.546994605148612
2008-000010138 PACIFIC RIM MINING CORP-f1-01225097_1-1-1,2008-03-03,,6.0,11.818349158410495,9.534853330662967,14.252475935999348,7.251357502915439,16.6866027135882
2008-000003277 Atna Resources Ltd-f1-01269132_3-1-1,2008-05-08,FS,12.0,11.977189378819194,9.66300305650935,14.444031151427446,7.348816734199505,16.9108729240357
2008-000021638 Coeur d_Alene Mines Corporation-f1-01296030_2-1-1,2008-06-21,FS,11.0,12.052905249297927,9.724089398615297,14.535341588063465,7.395273547932666,17.017777926829005
2008-000023502 Silver Eagle Mines Inc-f1-01302075_2-1-1,2008-07-25,,13.82,12.16735560930328,9.816426101623941,14.673364333878343,7.465496593944603,17.179373058453404
2008-000025279 Copper Mountain Mining Corporation-f1-01321217_2-1-1,2008-09-11,FS,11.34001134001134,12.337421080854499,9.95363217889548,14.878456771776337,7.569843276936462,17.419492462698177
2008-000017383 Manicouagan Minerals Inc-f1-01321090_1-1-1,2008-09-12,,12.49,12.340097390293483,9.955791382150194,14.881684298342453,7.571485374006905,17.423271206391426
2008-000001691 HudBay Minerals Inc-f1-01323392_3-1-1,2008-09-19,,12.0,12.401045844235753,10.00496361096835,14.955185796860153,7.608881377700946,17.509325749484553
2008-000020132 Cogitore Resources Inc-f1-01357048_1-1-1,2008-10-24,,15.0,12.504166761846493,10.08815990273149,15.079545669550098,7.672153043616487,17.654924577253702
2008-000006210 SILVERCORP METALS INC-f1-01359371_2-1-1,2008-11-20,,9.5,12.497034398576988,10.082405627175387,15.070944312922123,7.667776855773785,17.644854227267256
2008-000013177 Candente Resource Corp-f1-01357519_3-1-1,2008-11-30,PEA,12.0,12.487607848642993,10.074800438850852,15.0595762551424,7.661993029058712,17.631544661641804
2008-000025315 Andean Resources Limited-f1-01357523_2-1-1,2008-12-01,PFS,13.11,12.488739410623191,10.075713364790943,15.06094087550322,7.662687318958692,17.63314234038325
"2009-000006010 Redhawk Resources, Inc-f1-01380852_1-1-1",2009-02-18,PEA,10.0,12.333828446268692,9.95073369930352,14.874124192217659,7.567638952338346,17.414419938166624
2009-000014092 Skyline Gold Corporation-f1-01384343_1-1-1,2009-03-04,PEA,15.0,12.345446888586787,9.960107271022288,14.888135588169234,7.574767653457787,17.43082428775168
2009-000006087 Gabriel Resources Ltd-f1-01384149_1-1-1,2009-03-04,FS,10.5,12.345446888586787,9.960107271022288,14.888135588169234,7.574767653457787,17.43082428775168
2009-000025297 Sandstorm Resources Ltd-f1-01386230_1-3-1,2009-03-06,PFS,11.95,12.351620170558954,9.96508777526907,14.895580329526519,7.578555379979187,17.43954048849408
2009-000024750 South American Silver Corp-f1-01389824_1-1-1,2009-03-13,PEA,13.3,12.358675349955718,9.97077978012254,14.904088605363416,7.582884210289361,17.449501860771115
2009-000003456 Gold Hawk Resources Inc-f1-01400028_1-1-1,2009-03-30,,12.0,12.38446294886333,9.991584798660941,14.935187460876278,7.598706648458554,17.485911972889227
2009-000026184 Troy Resources NL-f1-01435696_1-1-1,2009-05-06,FS,11.96,12.542647262316777,10.119205349363396,15.125951677665675,7.695763436410014,17.709256093014574
2009-000006455 Ely Gold & Minerals Inc-f1-01424660_1-1-1,2009-05-08,PEA,13.0,12.540468270726615,10.117447374121468,15.123323897356663,7.694426477516322,17.70617952398671
2009-000013503 Bear Creek Mining Corporation-f1-01430460_1-1-1,2009-05-26,PEA,13.0,12.602040459564227,10.167122822184933,15.197577596242379,7.73220518480564,17.79311473292053
2009-000005760 Sunridge Gold Corp-f1-01443806_1-1-1,2009-06-05,PEA,11.33,12.602393829485607,10.167407915333449,15.198003746818356,7.73242200118129,17.793613664151106
2009-000010193 Chariot Resources Limited-f1-01415384_1-2-1,2009-06-08,FS,11.0,12.60755958558623,10.17157556397043,15.204233450605962,7.73559154235463,17.800907315625693
2009-000002178 Silver Standard Resources Inc-f1-01445535_1-1-1,2009-06-12,,11.0,12.613463306844086,10.176338590984123,15.211353112077509,7.739213875124161,17.809242917310932
2009-000022554 Gryphon Gold Corporation-f1-01466880_1-1-1,2009-07-20,PFS,12.0,12.752573933672506,10.288570799202617,15.379115194136396,7.824567664732727,18.005656454600285
2009-000022426 MINCO SILVER CORPORATION-f1-01496862_1-1-1,2009-09-01,,13.57,13.037619555813032,10.6481161675337,15.668311793172625,8.258612779254367,18.299004030532217
2009-000009161 Silver Wheaton Corp-f1-01475484_2-1-1,2009-09-09,FS,12.0,13.061484225198527,10.667606978017062,15.69699180482446,8.273729730835598,18.332499384450394
2009-000005815 Norsemont Mining Inc-f1-01483747_1-1-1,2009-09-28,FS,12.0,13.088758133067662,10.759730219618042,16.062471473477004,8.430702306168424,19.036184813886344
2010-000003295 Tri Origin Exploration Ltd-f1-01524409_1-1-1,2009-12-15,FS,13.0,13.789671908830929,11.454997684706212,17.13767062829985,9.120323460581496,20.48566934776877
2010-000004818 New Gold Inc-f1-01544679_1-1-1,2009-12-31,,13.0,13.841242033007102,11.497836677319208,17.201761478918694,9.154431321631314,20.56228092483029
2010-000002968 Kinross Gold Corporation-f1-01528409_1-1-1,2009-12-31,,13.75,13.841242033007102,11.497836677319208,17.201761478918694,9.154431321631314,20.56228092483029
2010-000003165 Nayarit Gold Inc-f1-01537159_1-1-1,2010-02-01,,15.0,13.955176128891472,11.478963543010984,17.333969834825943,9.002750957130495,20.712763540760413
2010-000002968 Kinross Gold Corporation-f1-01592433_2-2-1,2010-02-18,FS,12.5,14.214834685079735,11.692548170864242,17.65649629660263,9.170261656648748,21.098157908125525
2010-000016244 Mandalay Resources Corporation-f1-01582539_3-1-1,2010-03-01,,17.0,14.217953925805412,11.597244632480441,18.045109452761324,8.976535339155472,21.872264979717233
2010-000008502 Entree Gold Inc-f1-01595887_2-1-1,2010-03-30,PFS,13.5,14.29218389416268,11.59659542776244,18.13134028833741,8.9010069613622,21.970496682512135
2010-000003181 Inmet Mining Corporation-f1-01555466_1-2-1,2010-03-31,FS,13.5,14.292648351559418,11.596972285810397,18.13192950795367,8.901296220061376,21.971210664347925
2010-000006221 Fortuna Silver Mines Inc-f1-01595645_1-1-1,2010-03-31,,15.12,14.292648351559418,11.596972285810397,18.13192950795367,8.901296220061376,21.971210664347925
2010-000029807 Minera IRL Limited-f1-01570446_1-1-2,2010-04-06,,12.0,14.33608088857189,11.632213195377807,18.187028862537304,8.92834550218372,22.037976836502718
2010-000026045 Zazu Metals Corporation-f1-01563280_1-1-1,2010-04-08,PEA,16.0,14.342568634558353,11.637477314983334,18.195259342291546,8.932385995408318,22.047950050024742
2010-000005710 Fortune River Resource Corp-f1-01586604_1-1-1,2010-04-13,PEA,14.5,14.349983201400022,11.643493451675367,18.204665604867824,8.937003701950712,22.05934800833563
2010-000029868 Tahoe Resources Inc-f1-01574564_1-1-1,2010-04-30,,15.0,14.386240245291074,11.904791120793307,18.68332597943187,9.423341996295541,22.98041171357267
2011a-000026050 Josephine Mining Corp. ( Green Park Capital Corp.)-f1-01717587_1-1-1,2010-05-17,,12.5,14.486886614736381,11.872137496301352,18.78896497928086,9.257388377866324,23.091043343825334
2010-000002178 Silver Standard Resources Inc-f1-01592513_3-1-1,2010-06-01,PEA,14.5,14.637113360956304,11.934221380083867,19.109424366516592,9.231329399211432,23.58173537207688
2010-000005974 Sona Resources Corp. ( J-Pacific Gold Inc.)-f1-01597225_2-1-1,2010-06-10,PEA,15.0,14.66652380605134,11.882205961741189,19.613042894973496,9.09788811743104,24.559561983895655
2010-000009542 Bravo Gold Corp-f1-01601622_2-1-1,2010-06-28,,18.0,14.647466467767732,11.931420309424727,20.049805234402456,9.215374151081722,25.45214400103718
2010-000011539 Alexis Minerals Corporation-f1-01604138_2-1-1,2010-06-28,,12.0,14.647466467767732,11.931420309424727,20.049805234402456,9.215374151081722,25.45214400103718
2010-000017718 Kimber Resources Inc-f1-01607599_1-1-1,2010-07-16,PEA,14.0,14.702358827724593,11.826897108506225,20.07797375942093,8.951435389287857,25.453588691117268
2010-000025315 Andean Resources Limited-f1-01608512_2-1-1,2010-07-20,FS,14.0,14.707457707875724,11.8309987585627,20.084936940164674,8.954539809249674,25.46241617245363
2010-000008329 Antares Minerals Inc. ( Planet Ventures Inc.)-f1-01632733_2-1-1,2010-09-02,PEA,14.85,15.01897014874415,12.005134007074785,20.477615521156785,8.991297865405421,25.93626089356942
2011a-000013727 MAG Silver Corp-f1-01686802_1-1-1,2010-09-08,,16.0,15.078233830772975,12.060165721518706,20.41075267256752,9.042097612264438,25.743271514362064
2010-000003532 International Minerals Corporation-f1-01648512_1-1-1,2010-09-09,,17.0,15.09341009231197,12.072304293664992,20.43129612110686,9.051198495018012,25.769182149901752
2010-000022586 Donner Metals Ltd-f1-01646195_1-1-1,2010-09-21,,12.0,15.08218296264225,11.901377525859273,20.493474103898624,8.720572089076295,25.904765245154998
2010-000003851 Salazar Resources Limited-f1-01641644_1-2-1,2010-09-24,,18.0,15.071256719210192,11.89275560764316,20.478627666391375,8.714254496076128,25.885998613572553
2010-000025297 Sandstorm Resources Ltd-f1-01643054_3-1-1,2010-10-05,,14.5,15.133488134038673,11.997558796386631,20.72609214715018,8.861629458734587,26.318696160261688
2010-000013503 Bear Creek Mining Corporation-f1-01647827_1-1-1,2010-10-21,FS,14.5,15.298513497508255,12.102808735954937,20.817551443103827,8.907103974401618,26.3365893886994
2010-000005208 SOHO Resources Corp-f1-01651891_1-1-1,2010-10-29,PEA,15.38,15.565904994982892,12.297079501056455,21.148443199792418,9.02825400713002,26.73098140460194
2011a-000024683 Ventana Gold Corp-f1-01648578_1-19-1,2010-11-08,,17.0,15.698945876325084,12.337369868592761,21.253796327057536,8.975793860860438,26.80864677778999
2010-000003985 Minera Andes Inc-f1-01677470_1-1-1,2010-12-01,PEA,15.6,15.761565864444844,12.317767336867092,21.254503673825294,8.87396880928934,26.747441483205748
2010-000002929 Breakwater Resources Ltd-f1-01673123_2-1-1,2010-12-03,,12.55,15.74164670222268,12.302200380645349,21.22764264299424,8.862754059068017,26.713638583765807
2011a-000002432 Pan American Silver Corp-f1-01687065_1-1-1,2011-01-14,PEA,18.0,15.882520957460383,12.564105737160146,21.813576357730533,9.24569051685991,27.744631758000686
2011a-000026117 Oroco Resource Corp-f1-01692036_1-1-1,2011-01-28,PEA,18.0,15.951486414823464,12.583789495411661,21.79675271100765,9.21609257599986,27.642019007191834
"2011a-000023256 Mines Management, Inc-f1-01693687_1-1-1",2011-02-03,,15.0,15.960308786708199,12.540820794954902,21.68686846787576,9.121332803201607,27.413428149043327
2011a-000023668 US Gold Corporation-f1-01697214_1-1-1,2011-02-11,PEA,18.0,16.014278476600744,12.563260226017132,21.612620916166172,9.11224197543352,27.2109633557316
2011a-000005272 Jayden Resources Inc-f1-01707238_1-1-1,2011-03-04,PEA,15.6,16.282750561425086,12.793104663979866,21.750570852387355,9.303458766534646,27.218391143349624
2011a-000020823 Equinox Minerals Limited-f1-01709025_1-1-1,2011-03-07,FS,12.0,16.39605176733702,12.882123664812589,21.901919108786167,9.368195562288157,27.407786450235314
2011a-000000923 Barrick Gold Corporation-f1-01723131_1-1-2,2011-03-30,FS,24.0,16.616015847143984,12.979865661021528,22.117715738483138,9.34371547489907,27.619415629822292
2011a-000030469 Cerro Resources NL-f1-01750733_2-1-1,2011-03-31,FS,17.77,16.631160968164554,12.991696513740694,22.13787553398643,9.352232059316833,27.644590099808305
2011a-000002830 Goldcorp Inc-f1-01748704_3-1-1,2011-04-05,FS,17.0,16.617517296949966,12.981038542472634,22.119714330703427,9.344559787995301,27.621911364456885
2011a-000018190 Chesapeake Gold Corp-f1-01733412_1-1-1,2011-04-21,PEA,18.0,16.81256004016449,13.10178920000693,22.242870007794565,9.391018359849367,27.673179975424638
2011a-000000880 NovaGold Resources Inc-f1-01743319_1-1-1,2011-05-09,,16.0,16.955295739363525,13.127516158252247,22.15767315799136,9.299736577140969,27.360050576619194
2011a-000023934 Intrepid Mines Limited-f1-01754090_2-1-1,2011-06-01,PEA,16.5,17.40322857651505,13.411891457899445,22.63969158354613,9.42055433928384,27.87615459057721
2011b-000004187 Mediterranean Resources Ltd-f1-01789335_1-1-1,2011-06-14,PEA,16.0,17.691167530739655,13.52077172146451,22.826477222844765,9.350375912189365,27.961786914949876
2011a-000006180 New Pacific Metals Corp-f1-01760801_1-1-1,2011-06-17,,13.0,17.92627761942604,13.700458552931023,23.129833972756025,9.474639486436008,28.33339032608601
2011b-000031165 Mawson West Ltd-f1-01770009_1-1-1,2011-06-30,FS,12.5,17.954657686931835,13.71086433547709,23.04657402712458,9.467070984022348,28.138490367317328
2011b-000002432 Pan American Silver Corp-f1-01804192_1-1-1,2011-06-30,PEA,25.0,17.954657686931835,13.71086433547709,23.04657402712458,9.467070984022348,28.138490367317328
2011b-000000880 NovaGold Resources Inc-f1-01801094_1-1-1,2011-07-11,PFS,18.5,18.236385655086615,13.791120890667694,23.35167009356703,9.345856126248773,28.466954532047446
2011b-000001913 Northgate Minerals Corporation-f1-01800614_1-1-1,2011-07-22,,20.0,18.51427395856475,14.001271699048988,23.70750573492793,9.488269439533228,28.900737511291112
2011b-000023397 Lydian International Limited-f1-01788848_1-1-1,2011-08-12,PEA,20.0,18.830797245108375,14.51881038009887,24.44496627551443,10.206823515089367,30.059135305920492
2011b-000032576 Patagonia Gold plc-f1-01837758_2-1-1,2011-08-20,,23.75,19.110388610562165,14.674232388250573,24.70863812639015,10.238076165938981,30.306887642218136
2011b-000007865 Esperanza Resources Corp-f1-01808844_1-1-1,2011-09-01,PEA,17.5,19.48102465107632,14.909329801968752,25.055947469815695,10.337634952861183,30.63087028855507
2011b-000030669 Ivanhoe Australia Limited-f1-01816075_1-1-2,2011-10-10,,20.0,21.081073423459227,16.010952170975287,26.712231445481784,10.940830918491345,32.34338946750434
2012-000025546 Argonaut Gold Inc-f1-01848467_1-1-1,2011-10-15,PEA,21.0,21.66407386697313,16.453737603635993,27.450962461077594,11.243401340298853,33.23785105518206
2012-000019735 Andover Mining Corp-f1-01847454_1-1-1,2011-11-17,,23.0,22.562002321690265,17.151520282044466,28.3966020658823,11.741038242398664,34.23120181007434
2011b-000006077 Stratabound Minerals Corp-f1-01836274_1-1-1,2011-11-23,PEA,22.74,22.81778019732763,17.345961332051584,28.71852484774233,11.874142466775538,34.619269498157024
2011b-000032019 Banks Island Gold Ltd-f1-01843901_3-1-1,2011-11-23,,26.34660421545668,22.81778019732763,17.345961332051584,28.71852484774233,11.874142466775538,34.619269498157024
2012-000033030 Intergeo MMC Ltd-f1-01908033_1-1-1,2011-12-01,PEA,16.0,22.86466972925321,17.381606517544007,28.777540149671722,11.898543305834806,34.690410570090236
2011b-000013503 Bear Creek Mining Corporation-f1-01843253_1-1-1,2011-12-22,FS,18.0,23.105468029967607,17.42924804299221,28.859312070982565,11.753028056016811,34.61315611199752
2011b-000009470 Rainy River Resources Ltd-f1-01844107_2-1-1,2011-12-23,PEA,25.0,23.111743686789342,17.433981986456885,28.86715052456567,11.756220286124428,34.622557362342
2012-000009698 Virgin Metals Inc-f1-01912517_1-1-1,2012-01-10,PEA,20.0,23.3984068082081,17.696598236424055,29.038448102602995,11.99478966464001,34.67848939699789
2012-000001767 Dundee Precious Metals Inc-f1-01848684_1-1-1,2012-01-11,FS,25.0,23.415265917595576,17.709349056935025,29.059370996072502,12.003432196274472,34.70347607454943
2012-000005801 Exeter Resource Corporation-f1-01849096_1-1-1,2012-01-16,PFS,31.2,23.434533471181265,17.723921423233275,29.083282874323366,12.013309375285285,34.73203227746547
2012-000003703 Goldgroup Mining Inc-f1-01905402_3-1-1,2012-01-17,PEA,30.0,23.462250681591684,17.667372158079594,29.003711927556388,11.872493634567507,34.54517317352109
2012-000006210 SILVERCORP METALS INC-f1-01856000_1-1-1,2012-01-23,,18.0,23.534623467883815,17.72186978351599,29.093178171588065,11.90911609914817,34.65173287529231
2014-000035262 Chaparral Gold Corp-f1-02154595_2-1-1,2012-02-02,PEA,25.0,23.526939166631816,17.683256327481015,28.94179253803711,11.839573488330213,34.356645909442406
2012-000029807 Minera IRL Limited-f1-01859776_1-1-1,2012-02-14,FS,25.0,23.58434855116854,17.889060783733417,28.978808191179063,12.193773016298294,34.37326783118959
2012-000004927 LEVON RESOURCES LTD-f1-01871272_1-1-1,2012-03-12,PEA,25.15,23.95377085359227,18.275334862098294,29.419475234217206,12.596898870604317,34.885179614842144
2013-000029557 Yellowhead Mining Inc-f1-02012574_1-1-1,2012-03-29,FS,20.0,24.09661701645548,18.588310448883664,29.071915427956867,13.080003881311852,34.04721383945825
2012-000001691 HudBay Minerals Inc-f1-01884181_1-1-1,2012-03-29,,22.0,24.09661701645548,18.588310448883664,29.071915427956867,13.080003881311852,34.04721383945825
2012-000029557 Yellowhead Mining Inc-f1-01882029_1-1-1,2012-03-29,FS,20.0,24.09661701645548,18.588310448883664,29.071915427956867,13.080003881311852,34.04721383945825
2012-000016934 VMS Ventures Inc-f1-01906981_1-1-1,2012-04-02,,35.0,24.111772766025418,18.600001707366097,29.0902004291022,13.088230648706778,34.06862809217898
2012-000030669 Ivanhoe Australia Limited-f1-01915126_1-1-1,2012-04-16,,25.0,24.260836085132333,18.71499026572714,29.270041284087256,13.169144446321946,34.27924648304217
2012-000008090 Huakan International Mining Inc-f1-01920382_1-1-1,2012-04-24,,22.15954875100725,24.42119000503731,18.83868847792239,29.463503942967353,13.256186950807466,34.505817880897396
2012-000005760 Sunridge Gold Corp-f1-01923758_4-1-1,2012-05-01,PFS,21.0,24.435903800595124,18.804320398302206,29.378445630419474,13.17273699600929,34.32098746024382
2012-000031052 Bravada Gold Corporation-f1-01907245_1-1-1,2012-05-02,PEA,24.42,24.43048147170882,18.800147718195298,29.371926551130386,13.16981396468178,34.313371630551956
2012-000030469 Cerro Resources NL-f1-01930652_2-1-1,2012-05-11,FS,25.58,24.444240336457842,18.81073566710723,29.388468360398583,13.177230997756617,34.33269638433933
2012-000005760 Sunridge Gold Corp-f1-01928370_5-1-1,2012-05-14,FS,21.0,24.440008941266218,18.881040559213698,29.3324763043234,13.322072177161179,34.224943667380586
2012-000004904 Cadillac Ventures Inc-f1-01928596_2-1-1,2012-05-15,PEA,29.31563830840844,24.435173061047212,18.877304617431765,29.326672364469065,13.319436173816316,34.21817166789092
2012-000032019 Banks Island Gold Ltd-f1-01923938_1-1-1,2012-05-30,,26.74061602456175,24.42240896428118,18.894132339513508,29.119775512133305,13.36585571474584,33.817142059985436
2012-000002753 CANADIAN ZINC CORPORATION-f1-01942300_1-1-1,2012-06-15,,28.0,24.436986130629997,19.085753762539696,29.08380967140161,13.734521394449391,33.730633212173224
2012-000007531 Seabridge Gold Inc-f1-01928341_1-1-1,2012-06-22,PFS,25.2,24.466004134605818,19.10841737889575,29.11834560394932,13.750830623185688,33.77068707329282
2012-000006210 SILVERCORP METALS INC-f1-01984618_6-1-1,2012-06-27,,19.0,24.45723201608077,19.10156618647579,29.10790542019533,13.745900356870811,33.75857882430989
2012-000005505 ALAMOS GOLD INC-f1-01942315_1-1-1,2012-06-30,PFS,24.56,24.450904194168604,19.096624036481384,29.100374329121163,13.742343878794163,33.74984446407372
2012-000013727 MAG Silver Corp-f1-01932793_1-1-1,2012-07-01,,23.39,24.443672397697558,19.090975865059207,29.091767367893542,13.738279332420852,33.73986233808952
2012-000008808 Aura Minerals Inc-f1-01957515_2-1-1,2012-07-12,PEA,21.0,24.46177043585007,19.17877988888501,29.026120164521405,13.895789341919954,33.59046989319274
2012-000003532 International Minerals Corporation-f1-01957606_2-1-1,2012-07-17,FS,25.0,24.471090959619236,19.186087465999545,29.037179815482872,13.901083972379853,33.60326867134651
2012-000025543 Paramount Gold and Silver Corp-f1-01960208_2-1-1,2012-07-30,PEA,26.33,24.56552642319998,19.5959561979686,28.97660741837265,14.626385972737221,33.38768841354532
2012-000031687 Midas Gold Corp-f1-01962759_1-1-1,2012-08-15,PEA,23.5,24.673215705452293,19.715081803047774,29.08057682555348,14.756947900643254,33.487937945654664
2012-000030788 BacTech Environmental Corporation-f1-01968980_1-1-1,2012-08-27,PEA,26.67,24.86929428785273,19.943363276039108,29.23932436851073,15.017432264225489,33.60935444916873
2012-000023397 Lydian International Limited-f1-01959031_3-1-1,2012-09-03,FS,20.0,24.983880339756986,20.07180981832183,29.317590759359536,15.159739296886675,33.651301178962086
2012-000001767 Dundee Precious Metals Inc-f1-01959503_2-1-1,2012-09-07,,25.0,25.016597516465232,20.09809448426443,29.35598306609852,15.179591452063624,33.69536861573181
2013-000006160 Catalyst Copper Corp-f1-02007057_1-1-1,2012-09-19,PEA,25.0,25.10903103094956,20.17235468317421,29.46445012218622,15.235678335398859,33.81986921342288
2014-000030145 Rio Alto Mining Limited-f1-02261401_2-1-1,2012-09-26,FS,27.0,25.171582687901626,20.222608084370854,29.53785200591692,15.273633480840083,33.904121323932216
2012-000023668 McEwen Mining Inc. ( US Gold Corporation)-f1-01965001_5-1-1,2012-09-27,FS,25.0,25.159923843105243,20.213241480293668,29.524170814852162,15.266559117482092,33.888417786599085
2012-000006087 Gabriel Resources Ltd-f1-01978475_1-1-1,2012-10-01,FS,20.0,25.196328846759894,20.455465902825814,29.48747378482736,15.714602958891735,33.77861872289482
2012-000003441 Golden Queen Mining Co. Ltd-f1-01973024_1-1-1,2012-10-17,FS,33.03,25.261498778073562,20.828734906395248,29.61556383104429,16.39597103471693,33.96962888401502
2012-000008502 Entree Gold Inc-f1-01983697_3-1-1,2012-10-24,PEA,22.0,25.251429157268262,20.820432253246906,29.603758613138037,16.38943534922555,33.95608806900781
2012-000003827 Wildcat Silver Corporation-f1-01981481_3-1-1,2012-11-12,PEA,28.75,25.52826684908728,21.52536067945679,29.821512425006524,17.522454509826293,34.11475800092577
2012-000026619 Crazy Horse Resources Inc-f1-01922019_3-1-1,2012-12-06,PFS,26.0,25.796279994034585,22.06559495577117,30.020230197374946,18.33490991750776,34.24418040071531
2013-000030715 Chieftain Metals Inc-f1-02009167_1-1-1,2012-12-12,,28.0,25.90654439928692,22.159912807217175,30.14854958408563,18.41328121514743,34.390554768884336
2012-000031912 Sunshine Silver Mines Corporation-f1-02001215_1-2-1,2012-12-21,,25.0,25.912528914845435,22.178661100609503,30.145401882083675,18.444793286373567,34.37827484932191
2013-000012585 Scorpio Mining Corporation-f1-02063975_1-1-1,2012-12-31,PEA,25.0,25.96389968614422,22.21768555545172,30.23307510556137,18.471471424759216,34.502250524978514
2013-000009013 Apogee Silver Ltd-f1-02022833_1-1-1,2013-01-17,FS,28.0,25.957369165969403,22.287905956287002,30.18998262505682,18.618442746604597,34.42259608414424
2013-000023684 Western Copper and Gold Corporation-f1-02014531_1-1-1,2013-01-25,FS,26.529583711319425,25.934153656447855,22.289735241901248,30.142829356126658,18.64531682735464,34.35150505580546
2013-000004246 Vista Gold Corp-f1-02024103_1-1-1,2013-02-08,PEA,28.0,25.935540967757696,22.299742168882876,30.160976602338025,18.663943370008056,34.38641223691836
2013-000026119 B2Gold Corp-f1-02019563_1-1-1,2013-02-25,FS,30.0,25.92657345053257,22.216589097830724,30.19104628260065,18.506604745128882,34.45551911466873
2013-000029999 St. Augustine Gold and Copper Limited-f1-02126728_1-1-1,2013-02-25,PFS,25.0,25.92657345053257,22.216589097830724,30.19104628260065,18.506604745128882,34.45551911466873
2013-000026433 Northern Vertex Mining Corp-f1-02040622_1-1-1,2013-03-05,PEA,30.0,25.916310926187627,22.246965064896663,30.16895666595487,18.5776192036057,34.42160240572211
2013-000023397 Lydian International Limited-f1-02064622_2-1-1,2013-03-05,FS,20.0,25.916310926187627,22.246965064896663,30.16895666595487,18.5776192036057,34.42160240572211
2013-000021345 Deer Horn Metals Inc-f1-02040985_1-1-1,2013-03-12,PEA,29.13,25.86375425358238,22.20184959832018,30.107775891312585,18.539944943057982,34.351797529042784
2013-000026723 Southeast Asia Mining Corp-f1-02065996_1-1-1,2013-03-31,,30.0,25.86953065308786,22.342554561688537,30.140477821899314,18.81557847028921,34.41142499071076
2013-000004818 New Gold Inc-f1-02090330_2-1-1,2013-04-10,FS,25.0,25.686326123314448,22.062972865291655,29.91823769861741,18.439619607268867,34.15014927392037
2013-000005760 Sunridge Gold Corp-f1-02080601_3-1-1,2013-05-16,FS,25.0,25.329874389755556,22.024253393950726,29.571066511712015,18.718632398145893,33.81225863366847
2013-000023995 Arian Silver Corporation-f1-02065398_1-1-1,2013-05-23,,27.0,25.33214414204769,22.026226937082214,29.573716307560307,18.720309732116743,33.815288473072926
2013-000026979 El Tigre Silver Corp-f1-02097813_1-1-1,2013-06-01,PFS,25.0,25.136186146607088,21.90072455075835,29.406121535171017,18.665262954909615,33.67605692373495
2013-000008209 El Nino Ventures Inc-f1-02086368_1-1-1,2013-06-04,PEA,30.09,24.947930037023564,21.736700256184026,29.18588597493672,18.52547047534449,33.42384191284987
2013-000004926 AVINO SILVER & GOLD MINES LTD-f1-02086857_1-1-1,2013-07-19,PEA,20.0,24.384569446244377,21.21755472708327,28.751759822310888,18.050540007922166,33.1189501983774
2013-000028081 United Silver Corp-f1-02115033_1-1-1,2013-07-22,,20.0,24.349414682796816,21.159615641689463,28.72559025485849,17.969816600582114,33.101765826920165
2013-000029631 Pan American Goldfields Ltd-f1-02088952_2-1-1,2013-07-24,PEA,25.0,24.330807256529692,21.14344580791635,28.70363862646783,17.95608435930301,33.07646999640596
"2013-000021638 Coeur Mining, Inc-f1-02088838_1-1-1",2013-07-26,PEA,25.0,24.30954162651013,21.12496599788994,28.678551051164224,17.940390369269757,33.047560475818315
2014-000003116 Gran Colombia Gold Corp-f1-02134822_1-12-1,2013-08-01,,20.1,24.28523804934491,21.103846215002612,28.64987953653152,17.92245438066032,33.01452102371814
2013-000008323 SEAFIELD RESOURCES LTD-f1-02091565_2-1-1,2013-08-02,PEA,30.0,24.286033961156082,21.104537861525888,28.65081849284175,17.923041761895693,33.01560302452742
2013-000013198 Nevada Copper Corp-f1-02132890_1-1-1,2013-08-22,FS,23.07,24.09099346098202,20.813198015749574,28.115661906884085,17.535402570517128,32.14033035278615
2013-000005673 Bellhaven Copper & Gold Inc-f1-02129085_1-1-1,2013-09-01,PEA,20.0,23.670371257830904,20.351217114845802,27.759829859741668,17.032062971860697,31.849288461652428
2013-000025437 West Kirkland Mining Inc-f1-02112513_1-1-1,2013-09-13,PEA,28.0,23.43872362094795,20.152052036233595,27.488161159777583,16.865380451519236,31.53759869860722
"2013-000029836 Silver Bull Resources, Inc-f1-02133395_2-1-1",2013-09-30,PEA,23.5,23.15944119139441,19.84311508577026,27.211712286373245,16.526788980146115,31.26398338135208
2013-000005717 Belvedere Resources Ltd-f1-02118272_1-1-1,2013-10-02,PEA,20.0,23.20593279016504,19.882949300132474,27.266338647995042,16.55996581009991,31.326744505825047
2013-000008938 THEMAC Resources Group Limited-f1-02135989_1-1-1,2013-10-07,FS,22.0,23.2590660459029,19.927798304012995,27.308828917327023,16.596530562123093,31.35859178875115
2013-000022850 Alexco Resource Corp-f1-02146314_2-1-1,2013-11-15,,24.0,22.763253337256526,19.455467924302287,26.85411450324741,16.147682511348048,30.94497566923829
2014-000031649 Delta Gold Corporation-f1-02222286_2-1-1,2013-11-30,PEA,22.5,22.351398994502073,19.141070263990752,26.357702789358065,15.93074153347943,30.364006584214053
2014-000024639 Carlisle Goldfields Limited-f1-02156870_1-1-1,2013-12-02,PEA,21.0,22.341075041335703,19.13222913896729,26.34552835279428,15.92338323659888,30.34998166425285
2013-000027051 Batero Gold Corp-f1-02127976_1-2-1,2013-12-16,PEA,24.0,22.329276237716993,19.04409777497126,26.29742554177459,15.758919312225526,30.265574845832184
2014-000005689 Capstone Mining Corp-f1-02202859_1-1-1,2014-01-01,PFS,20.0,22.22532107862046,18.963950690638853,26.365496773999617,15.702580302657244,30.505672469378773
2014-000004818 New Gold Inc-f1-02156614_1-1-1,2014-01-14,FS,22.0,22.156976614446897,18.828422918147943,26.31850829651643,15.499869221848986,30.480039978585964
2014-000004818 New Gold Inc-f1-02164189_2-1-1,2014-01-16,FS,22.0,22.16559837091115,18.835749462731666,26.328749394522873,15.50590055455218,30.491900418134595
2014-000003827 Wildcat Silver Corporation-f1-02155649_1-1-1,2014-01-17,PFS,23.5,22.076244560850505,18.759818917041926,26.222613118246212,15.44339327323335,30.36898167564192
2014-000024639 Carlisle Goldfields Limited-f1-02197097_2-1-1,2014-02-27,PEA,18.33,21.71329098586378,18.380889368782963,26.036359707237406,15.048487751702147,30.359428428611032
2017-000002068 SOLITARIO EXPLORATION & ROYALTY CORP-f1-02649783_1-1-1,2014-03-03,PEA,19.43,21.70376717633997,18.372827205873598,26.024939728077797,15.04188723540723,30.346112279815628
2014-000011649 InZinc Mining Ltd-f1-02204980_1-1-1,2014-03-17,PEA,21.0,21.692882822598474,18.267780124324453,26.011767828196433,14.842677426050429,30.330652833794396
2014-000026913 MAYA GOLD & SILVER INC-f1-02212743_2-1-1,2014-03-21,,20.5,21.68663542568052,18.262519132773452,26.00427662292467,14.83840283986638,30.321917820168824
2014-000003851 Salazar Resources Limited-f1-02173905_1-2-1,2014-03-21,PEA,20.0,21.68663542568052,18.262519132773452,26.00427662292467,14.83840283986638,30.321917820168824
2014-000001767 Dundee Precious Metals Inc-f1-02184661_1-1-1,2014-03-21,FS,23.0,21.68663542568052,18.262519132773452,26.00427662292467,14.83840283986638,30.321917820168824
2014-000004686 Clifton Star Resources Inc-f1-02213823_1-1-1,2014-03-26,PFS,21.0,21.6784755603183,18.2556476336048,25.994492191549313,14.8328197068913,30.310508822780328
2014-000026119 B2Gold Corp-f1-02188230_1-1-1,2014-03-31,PEA,21.4,21.665338662791395,18.24458492896108,25.978739839441612,14.823831195130758,30.29214101609183
2014-000002470 Fortune Minerals Limited-f1-02236003_2-1-1,2014-04-18,,22.0,21.57765749796599,18.179984605002204,25.987066630505566,14.782311712038421,30.396475763045146
2014-000025411 Xtierra Inc-f1-02198936_1-1-1,2014-04-28,,30.38,21.522486201878383,18.075370064548576,26.05820516917467,14.628253927218772,30.59392413647096
2014-000024750 TriMetals Mining Inc-f1-02202566_2-1-1,2014-04-30,PEA,21.0,21.52379980416618,18.076473275731843,26.059795604294713,14.629146747297504,30.59579140442325
2014-000017484 Almaden Minerals Ltd-f1-02217962_2-1-1,2014-05-13,PEA,21.0,21.514792245621265,18.10766162462147,26.135936751526593,14.700531003621673,30.75708125743192
2014-000008301 Trevali Mining Corporation-f1-02208589_1-2-1,2014-05-13,,21.0,21.514792245621265,18.10766162462147,26.135936751526593,14.700531003621673,30.75708125743192
2014-000025188 Rye Patch Gold Corp-f1-02212216_1-2-1,2014-05-21,PEA,22.0,21.47735599735417,18.11648544342828,26.187797788095445,14.755614889502395,30.898239578836723
2014-000005689 Capstone Mining Corp-f1-02231705_2-1-1,2014-05-22,FS,28.0,21.476984332328982,18.116171938170957,26.187344609011124,14.75535954401293,30.897704885693265
2014-000028675 Discovery Ventures Inc-f1-02215154_1-1-1,2014-05-26,,18.358729575913348,21.4765595723002,18.06343546920234,26.22817291623274,14.650311366104479,30.97978626016528
2014-000000204 GoldQuest Mining Corp-f1-02232713_1-1-1,2014-05-27,,22.0,21.4713122275054,18.05902204936354,26.221764614839504,14.646731871221682,30.972217002173608
2014-000002432 Pan American Silver Corp-f1-02241756_2-1-1,2014-05-31,PEA,22.0,21.465315262025634,18.028316968176664,26.3587567666393,14.591318674327697,31.252198271252965
2014-000030613 Pretium Resources Inc-f1-02230004_2-1-1,2014-06-19,,17.0,21.43249181379647,17.509898482361855,26.182935525067816,13.587305150927243,30.933379236339164
2014-000036433 Star Gold Corp-f1-02267007_1-2-1,2014-06-30,PEA,24.0,21.366135701921326,17.413301466565795,26.14154277462129,13.460467231210263,30.916949847321256
2014-000014472 ATAC Resources Ltd-f1-02257788_1-1-1,2014-07-23,PEA,19.0,21.18641406787579,17.282078100583924,25.80844939972918,13.37774213329206,30.430484731582567
2014-000029214 IDM Mining Ltd. (Formerly Revolution Resources Corp.)-f1-02257635_1-1-1,2014-07-23,,20.0,21.18641406787579,17.282078100583924,25.80844939972918,13.37774213329206,30.430484731582567
2014-000008483 Alacer Gold Corp-f1-02237181_1-1-1,2014-07-29,FS,22.0,21.090926770839502,17.204187669494083,25.69213056134611,13.31744856814866,30.293334351852724
2014-000002068 SOLITARIO EXPLORATION & ROYALTY CORP-f1-02269331_2-1-1,2014-08-14,FS,20.0,20.972230256875434,17.134055619738604,25.53977720974777,13.295880982601773,30.1073241626201
2014-000023735 Duluth Metals Limited-f1-02265653_2-1-1,2014-08-20,,21.5,20.98745967654376,17.28286544024797,25.661852050757407,13.578271203952184,30.336244424971053
"2014-000021638 Coeur Mining, Inc-f1-02257688_2-1-1",2014-08-29,FS,22.0,20.8809210449115,17.195132438585727,25.53158480332618,13.509343832259955,30.182248561740863
2014-000014910 Dynasty Metals & Mining Inc-f1-02261116_1-1-1,2014-09-17,,21.0,20.854806036868844,17.21407292508163,25.59828213368185,13.573339813294414,30.341758230494857
2014-000009149 Santa Fe Gold Corporation ( Azco Mining Inc.)-f1-02262315_1-1-1,2014-09-17,,20.0,20.854806036868844,17.21407292508163,25.59828213368185,13.573339813294414,30.341758230494857
2014-000001767 Dundee Precious Metals Inc-f1-02266641_3-1-1,2014-09-30,,23.0,20.770031148296475,17.1931848509533,25.58636506454854,13.616338553610131,30.402698980800608
2014-000005846 ARGUS METALS CORP-f1-02266483_1-1-1,2014-10-08,PEA,18.0,20.680779453784957,16.87677978001333,25.131683510605782,13.072780106241702,29.58258756742661
2014-000029868 Tahoe Resources Inc-f1-02274600_1-1-1,2014-11-05,,18.0,20.57256875029069,17.00631047586524,25.129327871892308,13.44005220143979,29.68608699349393
2014-000022850 Alexco Resource Corp-f1-02296485_1-1-1,2014-11-15,,18.5,20.26132780820472,16.74902320376219,24.74914804234504,13.236718599319655,29.236968276485364
2015-000004264 Global Minerals Ltd-f1-02302451_1-1-1,2014-12-12,,20.0,20.077423856877736,16.689250682756864,24.458019149905834,13.301077508635988,28.83861444293393
2015-000003348 SilverCrest Mines Inc-f1-02330093_1-1-1,2014-12-31,PFS,21.0,19.842045773624736,16.51635108098212,24.021603690461546,13.190656388339505,28.201161607298353
2015-000009080 Klondex Mines Ltd-f1-02320315_1-1-1,2014-12-31,,15.83,19.842045773624736,16.51635108098212,24.021603690461546,13.190656388339505,28.201161607298353
2015-000026119 B2Gold Corp-f1-02327639_1-1-1,2014-12-31,FS,15.0,19.842045773624736,16.51635108098212,24.021603690461546,13.190656388339505,28.201161607298353
2015-000028681 Golden Minerals Company-f1-02327135_1-1-1,2015-02-20,,17.0,19.348232465721804,16.3232260548041,23.337399381276185,13.298219643886396,27.326566296830567
2015-000023269 INV Metals Inc-f1-02322965_1-1-1,2015-03-20,,23.0,19.16708803804946,16.20186758164778,23.10683690857799,13.236647125246098,27.046585779106515
2015-000030017 Timberline Resources Corporation-f1-02353216_2-1-1,2015-04-27,PEA,16.0,18.55834791887676,15.43042497602131,21.75569047709117,12.302502033165862,24.953033035305587
2015-000019503 Panoro Minerals Ltd-f1-02354457_1-1-1,2015-05-01,PEA,20.5,18.226920240401235,15.154857886210925,21.367162466948617,12.082795532020615,24.507404693496
2015-000027965 Ecuador Gold and Copper Corp-f1-02358631_1-1-1,2015-05-19,PEA,24.66,17.86926162133478,14.910435782905726,21.053348620934386,11.951609944476674,24.237435620533994
2015-000026433 Northern Vertex Mining Corp-f1-02374684_1-1-1,2015-06-08,FS,20.0,17.781441852954032,14.93575582261111,20.934327906814197,12.09006979226819,24.08721396067436
2015-000025437 West Kirkland Mining Inc-f1-02373463_1-1-1,2015-06-19,PFS,17.5,17.582169557822215,14.802242079388712,20.748410977781564,12.022314600955207,23.914652397740912
2015-000003353 Excellon Resources Inc-f1-02361109_1-2-1,2015-07-09,,17.0,17.437014698406166,14.714976073641292,20.368915923742982,11.992937448876416,23.300817149079794
2015-000024152 Premier Gold Mines Limited-f1-02374821_2-1-1,2015-07-15,FS,17.0,17.472699065199947,14.798465181679944,20.4573870218872,12.124231298159941,23.442074978574457
2015-000024909 Rambler Metals and Mining plc-f1-02396630_1-1-1,2015-07-20,,15.5,17.513481198678555,14.861329970754648,20.340504249435792,12.20917874283074,23.16752730019303
2015-000034430 Hecla Mining Company-f1-02409846_1-1-1,2015-09-08,PEA,15.53,17.368624320855613,14.858749883416388,20.30497206647648,12.348875445977164,23.241319812097345
2015-000037125 Paramount Gold Nevada Corp-f1-02428759_2-1-1,2015-10-27,PEA,16.0,17.257766824971366,14.877294765655243,20.138012004445287,12.49682270633912,23.018257183919207
2015-000023397 Lydian International Limited-f1-02420653_2-1-1,2015-11-06,FS,16.0,17.10450168572507,14.745170448703234,19.95916758933018,12.3858392116814,22.813833492935288
2016-000016002 Gold Reach Resources Ltd-f1-02457915_1-1-1,2016-01-01,PEA,17.0,16.956414607040177,14.730198527420168,19.856363954903923,12.503982447800157,22.75631330276767
2016-000000187 Canarc Resource Corp-f1-02441746_1-1-1,2016-01-19,,14.0,16.937394198876913,14.820605465300046,19.951399992922397,12.70381673172318,22.965405786967885
2016-000002899 NGEx Resources Inc-f1-02445738_1-1-1,2016-02-12,PEA,20.0,16.9342241308497,14.833989318838494,20.029221734086768,12.733754506827289,23.124219337323833
2016-000009131 Euromax Resources Ltd-f1-02445372_1-1-1,2016-02-16,FS,18.0,16.934224130849703,14.833989318838498,20.02922173408677,12.733754506827292,23.124219337323836
2016-000002894 Abacus Mining & Exploration Corporation-f1-02446208_1-1-1,2016-02-19,FS,16.0,16.934224130849703,14.846680680601683,20.016150320854752,12.75913723035366,23.098076510859798
2016-000037284 Continental Gold Inc-f1-02446260_1-2-1,2016-02-24,,15.0,16.934224130849703,14.846680680601683,20.016150320854752,12.75913723035366,23.098076510859798
2016-000023055 Rockhaven Resources Ltd-f1-02450368_2-1-1,2016-02-26,PEA,11.59672392549105,16.934224130849703,14.846680680601683,20.016150320854752,12.75913723035366,23.098076510859798
2016-000007764 Canamex Resources Corp-f1-02466950_1-1-1,2016-02-29,PEA,15.0,16.934224130849703,14.846680680601683,20.016150320854752,12.75913723035366,23.098076510859798
2016-000033407 Benton Resources Inc-f1-02472165_1-1-1,2016-03-07,PEA,14.0,16.94374794037351,14.855030455458223,20.02740740600862,12.766312970542938,23.111066871643732
2016-000012585 Americas Silver Corporation-f1-02478065_1-1-1,2016-03-18,,16.0,16.9498703893531,14.913474158429011,19.626248917558364,12.87707792750492,22.30262744576363
2016-000002563 SEMAFO INC-f1-02459263_1-1-1,2016-03-23,FS,15.0,16.947343664377396,14.91125099997617,19.623323223604352,12.875158335574945,22.29930278283131
2016-000008502 Entree Gold Inc-f1-02463061_1-1-1,2016-03-29,FS,21.46,16.992075026309926,14.950608233685236,19.675117651735242,12.909141441060545,22.35816027716056
2016-000029998 Falco Resources Ltd. ( Falco Pacific Resource Group Inc.)-f1-02500830_2-1-1,2016-04-28,,17.0,17.060026514777032,15.18999752469536,19.548712340594914,13.319968534613686,22.0373981664128
2016-000018190 Chesapeake Gold Corp-f1-02451974_1-2-1,2016-04-29,PFS,20.0,17.103477389837593,15.228685546900019,19.598501750756164,13.353893703962443,22.093526111674738
2016-000030584 Atalaya Mining plc ( EMED Mining Public Limited)-f1-02537909_1-1-1,2016-04-30,PFS,17.9,17.10384690302634,15.229014556026561,19.59892516786086,13.354182209026781,22.094003432695377
2016-000040114 Pershing Gold Corporation-f1-02553974_1-1-1,2016-06-02,PEA,17.0,17.23073023053987,15.380308388088247,19.615931562957435,13.529886545636625,22.001132895374997
2016-000026150 Silver Bear Resources Inc-f1-02504888_2-1-1,2016-06-09,FS,17.74,17.258433017306864,15.405036150521127,19.647469168273858,13.55163928373539,22.036505319240856
2017-000005232 Miranda Gold Corp-f1-02609051_1-1-1,2016-06-24,,15.0,17.25322476299122,15.451624008576097,19.729917767013706,13.650023254160974,22.206610771036193
2016-000031160 Transatlantic Mining Corp-f1-02565594_1-1-1,2016-06-30,,19.0,17.266218517509106,15.497980629499235,19.760365203144985,13.729742741489364,22.25451188878087
2016-000038853 Austral Gold Limited-f1-02540988_2-1-1,2016-06-30,,19.0,17.266218517509106,15.497980629499235,19.760365203144985,13.729742741489364,22.25451188878087
2016-000036217 Heron Resources Limited-f1-02509900_1-1-1,2016-07-19,FS,17.8,17.262122477508065,15.457905456029962,19.543020307693673,13.65368843455186,21.823918137879282
2016-000003467 Aurcana Corporation-f1-02536932_2-1-1,2016-08-26,,20.0,17.352307129364448,15.584959718485427,19.552616600822024,13.817612307606407,21.7529260722796
2016-000000204 GoldQuest Mining Corp-f1-02552025_1-1-1,2016-09-27,,20.0,17.546838893604477,15.779922464345162,19.80496271036504,14.013006035085846,22.063086527125602
2016-000032329 Copper North Mining Corp-f1-02557849_2-1-1,2016-10-12,PEA,17.5,17.737973241376512,15.97506681595305,20.054496061564144,14.212160390529586,22.37101888175178
2016-000030617 K92 Mining Inc-f1-02541048_1-4-1,2016-11-25,,18.0,17.853116019282997,16.113393835566534,20.108376235020376,14.37367165185007,22.363636450757756
2017-000030076 Dalradian Resources Inc-f1-02565362_1-2-1,2016-12-12,,17.0,17.905203227713262,16.15934934692201,20.170310111786705,14.41349546613076,22.43541699586015
2017-000002178 Silver Standard Resources Inc-f1-02636395_1-1-1,2016-12-31,PFS,19.5,17.94552179718994,16.21455783463767,20.143083016334025,14.483593872085404,22.34064423547811
2017-000022850 Alexco Resource Corp-f1-02603259_1-1-1,2017-01-03,,19.35,17.95350110155041,16.22176748245372,20.15203944523935,14.490033863357034,22.35057778892829
2017-000010750 Geologix Explorations Inc-f1-02587974_1-1-1,2017-01-19,PEA,18.0,17.975556113302893,16.223418510527704,20.134033560179898,14.471280907752517,22.292511007056902
2017-000016221 Bluestone Resources Inc-f1-02597764_1-1-1,2017-02-07,,16.0,17.976558906482364,16.240286091250105,20.16603157266849,14.504013276017844,22.35550423885462
2017-000037377 Alamos Gold Inc-f1-02606407_2-1-1,2017-02-15,FS,16.0,17.984802303047953,16.280165941801712,19.97435135616032,14.575529580555475,21.963900409272686
2017-000037377 Alamos Gold Inc-f1-02609882_3-1-1,2017-02-22,FS,16.0,17.996892950880937,16.29111061329424,19.987779518664986,14.58532827570754,21.978666086449035
2017-000020880 Rosita Mining Corporation-f1-02613443_1-1-1,2017-03-06,PEA,18.0,18.00517916577304,16.3277393875154,20.0224746521928,14.650299609257761,22.039770138612557
2017-000003827 Arizona Mining Inc-f1-02611788_1-1-1,2017-03-29,,20.0,18.00641063138599,16.328856124505787,20.023844090885596,14.651301617625588,22.041277550385207
2017-000001691 Hudbay Minerals Inc. ( HudBay Minerals Inc.)-f1-02604944_1-1-2,2017-03-30,FS,18.0,18.003945483488753,16.326620640368297,20.021102748473403,14.649295797247841,22.03826001345805
2017-000007875 Skeena Resources Limited-f1-02630480_1-1-1,2017-04-20,PEA,17.75,17.994288968791633,16.29477701582001,19.994301132367553,14.59526506284839,21.994313295943478
2017-000023653 Alio Gold Inc-f1-02632239_2-1-1,2017-05-16,PFS,17.0,17.95732699554166,16.261306001032064,19.95323094477147,14.56528500652247,21.949134894001276
2019-000039579 BMC Minerals (No.1) Ltd-f1-02904658_4-1-1,2017-05-31,PFS,19.31,17.950707042523806,16.246324990675756,19.902086111578953,14.541942938827706,21.8534651806341
2019-000039579 BMC Minerals (No.1) Ltd-f1-02899896_1-1-1,2017-05-31,PFS,19.31,17.950707042523806,16.246324990675756,19.902086111578953,14.541942938827706,21.8534651806341
2017-000009080 Klondex Mines Ltd-f1-02657073_2-1-1,2017-05-31,,17.0,17.950707042523806,16.246324990675756,19.902086111578953,14.541942938827706,21.8534651806341
2017-000037111 Desert Star Resources Ltd-f1-02654496_1-1-1,2017-06-15,PFS,17.0,17.94135031152533,16.237856661696206,19.891712232398962,14.534363011867086,21.84207415327259
2017-000029214 IDM Mining Ltd. (Formerly Revolution Resources Corp.)-f1-02659565_2-1-1,2017-06-26,,17.0,17.941828927457525,16.247520652808156,19.881325171031197,14.553212378158786,21.82082141460487
2017-000002068 SOLITARIO ZINC CORP-f1-02657439_1-1-1,2017-07-13,,16.5,18.061880322970122,16.356235184413364,20.014354018930273,14.65059004585661,21.966827714890428
2017-000037372 AuRico Metals Inc-f1-02649947_1-1-1,2017-07-14,,18.0,18.07172036910871,16.365146001337756,20.025257765575624,14.658571633566801,21.97879516204254
2017-000043521 VM Holding S.A-f1-02677003_1-1-6,2017-07-26,,18.93,18.08296613612424,16.375329792108488,20.037719190313172,14.667693448092738,21.9924722445021
2018-000003031 Sierra Metals Inc. ( Dia Bras Exploration Inc.)-f1-02805626_4-1-1,2017-07-31,,17.8,18.14400410800594,16.430603739528408,20.10535531434862,14.717203371050871,22.066706520691298
2017-000002154 Karmin Exploration Inc-f1-02684450_2-1-1,2017-07-31,,18.95,18.14400410800594,16.430603739528408,20.10535531434862,14.717203371050871,22.066706520691298
2017-000043521 VM Holding S.A-f1-02677003_1-1-5,2017-08-02,PEA,18.91,18.146528504387742,16.432889748525316,20.1081525958036,14.719250992662891,22.069776687219456
2018-000008846 Great Panther Silver Limited-f1-02734590_2-1-1,2017-08-31,,17.0,18.266332441942676,16.59259762386022,20.211536633291548,14.918862805777765,22.156740824640416
2018-000003031 Sierra Metals Inc. ( Dia Bras Exploration Inc.)-f1-02728178_1-1-1,2017-08-31,,18.3,18.266332441942676,16.59259762386022,20.211536633291548,14.918862805777765,22.156740824640416
2017-000023668 McEwen Mining Inc. ( US Gold Corporation)-f1-02683877_1-1-1,2017-09-01,PEA,17.0,18.247665647934486,16.575641258761216,20.190881989447643,14.903616869587944,22.134098330960803
2018-000043280 Steppe Gold Ltd-f1-02689951_1-27-1,2017-09-06,FS,21.6,18.26402749728068,16.590503880113722,20.20898623223968,14.916980262946765,22.153944967198683
2017-000029998 Falco Resources Ltd. ( Falco Pacific Resource Group Inc.)-f1-02687669_1-1-1,2017-10-05,,19.5,18.26462283026883,16.625298539856963,20.225226025269603,14.985974249445096,22.18582922027037
2017-000006156 Eros Resources Corp-f1-02688691_1-1-1,2017-10-09,PEA,17.5,18.261568948878665,16.63611904293775,20.261948724628454,15.010669136996839,22.26232850037824
2017-000013727 MAG Silver Corp-f1-02710844_1-1-1,2017-10-21,,17.9,18.27012656329926,16.630308290431334,20.231320552682384,14.990490017563404,22.192514542065506
2017-000030391 Corvus Gold Inc-f1-02688555_1-2-1,2017-10-31,PEA,16.28,18.277569287016203,16.637082999380638,20.239562210384143,14.99659671174507,22.201555133752084
2018-000003031 Sierra Metals Inc. ( Dia Bras Exploration Inc.)-f1-02810331_5-1-1,2017-10-31,,18.25,18.277569287016203,16.637082999380638,20.239562210384143,14.99659671174507,22.201555133752084
2018-000037377 Alamos Gold Inc-f1-02721540_1-1-1,2017-12-01,FS,16.0,18.279926691642622,16.657538047849698,20.23284331564673,15.035149404056774,22.185759939650836
2017-000004947 Yorbeau Resources Inc-f1-02711026_2-1-1,2017-12-06,,23.0,18.254739702513664,16.817139579818953,20.164315300604763,15.379539457124245,22.073890898695865
2018-000003827 Arizona Mining Inc-f1-02718639_1-1-1,2018-01-01,,20.0,18.155033668738927,16.79023548110407,20.022484455018578,15.42543729346921,21.889935241298232
2018-000008808 Aura Minerals Inc-f1-02820570_1-1-1,2018-01-31,FS,19.62,18.015062862559894,16.709365438968263,19.849146315284447,15.40366801537663,21.683229768009
2018-000026913 MAYA GOLD & SILVER INC-f1-02731585_1-1-1,2018-02-05,PEA,20.5,17.941156647328402,16.644824543638236,19.670218447633275,15.348492439948071,21.399280247938144
2018-000031478 Lupaka Gold Corp-f1-02756702_1-1-1,2018-03-01,,16.75,17.88188850141261,16.621019196089154,19.615849347998424,15.3601498907657,21.349810194584236
2018-000012057 Gold Reserve Inc-f1-02754631_1-1-1,2018-03-16,PEA,17.0,17.845841214487514,16.587513638334354,19.576306648150425,15.329186062181197,21.306772081813335
2018-000005277 Polymet Mining Corp-f1-02745589_1-1-1,2018-03-26,FS,18.92,17.853056626080974,16.594220284256743,19.58422171969278,15.335383942432511,21.315386813304585
2018-000005208 Telson Mining Corporation-f1-02753739_1-1-1,2018-03-30,,17.08,17.849398048854447,16.58982978886095,19.582382608666226,15.330261528867455,21.315367168478005
2018-000003353 Excellon Resources Inc-f1-02820544_1-1-1,2018-03-31,,17.0,17.853091329116012,16.593262447527323,19.586434466715726,15.333433565938634,21.31977760431544
2018-000007860 Torex Gold Resources Inc-f1-02819812_1-1-1,2018-03-31,PEA,17.0,17.853091329116012,16.593262447527323,19.586434466715726,15.333433565938634,21.31977760431544
2018-000001147 AbraPlata Resource Corp-f1-02757353_1-1-1,2018-04-16,PEA,20.0,17.782809654813516,16.527940299925298,19.509329197798408,15.273070945037079,21.235848740783304
2018-000034410 East Africa Metals Inc-f1-02785045_1-1-1,2018-04-30,,20.0,17.70386036622467,16.46823486204483,19.44858005810279,15.232609357864991,21.193299749980916
2018-000034410 East Africa Metals Inc-f1-02785058_3-1-1,2018-04-30,PEA,17.0,17.70386036622467,16.46823486204483,19.44858005810279,15.232609357864991,21.193299749980916
2018-000031889 Callinex Mines Inc-f1-02792445_2-1-1,2018-05-14,PEA,17.0,17.627134144429892,16.375227196247046,19.36969716769125,15.123320248064203,21.112260190952608
2018-000040114 Pershing Gold Corporation-f1-02794736_1-1-1,2018-05-24,FS,16.75,17.575751928660804,16.327494226714318,19.313235467729278,15.079236524767833,21.050719006797756
2018-000023055 Rockhaven Resources Ltd-f1-02802389_1-1-1,2018-06-05,PEA,16.0,17.483840867584387,16.265305171907368,19.236274387763203,15.046769476230345,20.98870790794202
2018-000024140 Highland Copper Company Inc-f1-02801230_1-1-1,2018-06-14,,16.0,17.43898944708265,16.24637274124274,19.212995679931907,15.053756035402827,20.987001912781164
2018-000003467 Aurcana Corporation-f1-02825402_2-1-1,2018-06-15,,18.5,17.443702225237313,16.250763222169386,19.218187872208915,15.05782421910146,20.99267351918052
2018-000025619 Orla Mining Ltd-f1-02795220_2-1-1,2018-06-19,PEA,17.0,17.42245702951015,16.23097094178574,19.19478147845176,15.039484854061326,20.967105927393373
2018-000001604 Lumina Gold Corp-f1-02789909_2-10-1,2018-06-27,PEA,19.0,17.4113069574043,16.22058340023277,19.182497149256502,15.029859843061237,20.953687341108704
2018-000033780 Osisko Mining Inc. ( Oban Mining Corporation)-f1-02801521_3-1-1,2018-07-12,,17.0,17.40497136364073,16.228079070245386,19.203816503068957,15.051186776850038,21.002661642497188
2018-000009698 Minera Alamos Inc-f1-02858872_2-1-1,2018-07-13,PEA,16.0,17.407205367970356,16.230162015292922,19.206281397053377,15.05311866261549,21.005357426136396
2018-000008846 Great Panther Silver Limited-f1-02795635_3-1-1,2018-07-13,,16.5,17.407205367970356,16.230162015292922,19.206281397053377,15.05311866261549,21.005357426136396
2018-000025296 Equinox Gold Corp. ( Trek Mining Inc.)-f1-02815392_3-1-1,2018-07-16,PFS,17.0,17.41267639898169,16.23526310520527,19.212317872117268,15.057849811428849,21.01195934525284
2018-000013198 Nevada Copper Corp-f1-02830221_1-1-1,2018-08-17,FS,17.31,17.3597619047619,16.170408328928136,19.186487538748935,14.981054753094373,21.01321317273597
2018-000017006 Aquila Resources Inc-f1-02820553_2-1-1,2018-08-30,FS,20.0,17.344823129251697,16.156493040155198,19.16997679213022,14.9681629510587,20.995130455008745
2018-000028681 Golden Minerals Company-f1-02831416_2-1-1,2018-09-04,,16.66,17.33727405247813,16.1494611664115,19.161633344320297,14.961648280344868,20.985992636162464
2018-000016084 Velocity Minerals Ltd-f1-02822887_2-2-1,2018-09-10,PEA,18.0,17.32864653616548,16.156030839262566,19.131074697517043,14.983415142359654,20.933502858868607
2018-000033378 Candelaria Mining Corp-f1-02831316_1-1-1,2018-09-13,,17.0,17.318786517522458,16.146838040220825,19.120189095298493,14.974889562919191,20.92159167307453
2018-000028681 Golden Minerals Company-f1-02843605_3-1-1,2018-09-14,,16.63,17.32332744859709,16.151071690109614,19.125202348434208,14.97881593162214,20.92707724827132
2018-000030391 Corvus Gold Inc-f1-02836781_1-1-1,2018-09-18,PEA,15.08,17.299741573906882,16.129081852757302,19.099163203971138,14.958422131607723,20.898584834035393
"2018-000043521 Nexa Resources S.A. (, VM Holding S.A.)-f1-02832441_1-1-1",2018-10-15,,18.5,17.252928868027418,16.065317620694408,19.081662672899146,14.877706373361402,20.910396477770878
2018-000026264 Ascendant Resources Inc-f1-02854966_2-1-1,2018-10-22,,15.0,17.266442515840858,16.077901051948185,19.096608707339378,14.889359588055514,20.926774898837902
2018-000002899 NGEx Resources Inc-f1-02858390_2-1-1,2018-11-20,PFS,20.0,17.233719721504993,16.057506976590577,19.052930438463164,14.881294231676163,20.872141155421332
2020-000008938 THEMAC Resources Group Limited-f1-03043389_1-1-1,2018-12-11,FS,16.0,17.238150436405476,16.049521478936356,19.10023773613998,14.860892521467239,20.962325035874485
2019-000039553 Filo Mining Corp-f1-02877026_1-1-1,2019-01-13,PFS,20.0,17.216666666666665,15.987730315664013,19.08771090909022,14.758793964661361,20.958755151513774
2019-000007910 ABCOURT MINES INC-f1-02872804_2-1-1,2019-01-15,FS,16.5,17.21190476190476,15.983308318619159,19.08243149796891,14.754711875333559,20.952958234033062
2019-000030240 Vendetta Mining Corp-f1-02885600_1-1-1,2019-01-21,PEA,16.5,17.206462585034014,15.97825460771076,19.07639788525885,14.750046630387505,20.94633318548368
2019-000017484 Almaden Minerals Ltd-f1-02866901_1-1-1,2019-01-24,FS,17.0,17.200242954324587,15.957550172350057,19.037988794237318,14.714857390375528,20.87573463415005
2019-000016221 Bluestone Resources Inc-f1-02873902_1-1-1,2019-01-29,,18.0,17.193134804942385,15.943502336924512,19.031572025207847,14.693869868906638,20.87000924547331
2019-000037742 SilverCrest Metals Inc-f1-02917144_2-2-1,2019-02-08,,16.68,17.185011205648443,15.935969177567792,19.02257978110457,14.68692714948714,20.860148356560696
2019-000018368 Endeavour Silver Corp-f1-02912529_2-1-1,2019-02-12,,16.5,17.192393758836314,15.970601946213073,19.04976547376703,14.74881013358983,20.90713718869775
2019-000032588 Toachi Mining Inc-f1-02930919_1-1-1,2019-03-30,,16.64,17.1600641986312,15.886550770094562,19.09989878385185,14.613037341557925,21.039733369072497
2019-000012585 Americas Silver Corporation-f1-02918824_1-1-1,2019-04-03,,17.5,17.166263846054704,15.892290318176093,19.10679926143246,14.61831679029748,21.047334676810213
2019-000003093 Orvana Minerals Corp-f1-02939218_1-1-1,2019-05-14,PEA,17.0,17.11348566797676,15.843429008807842,19.04805485071136,14.573372349638925,20.98262403344596
2019-000025085 Sandspring Resources Ltd-f1-02941780_1-1-1,2019-06-11,PEA,16.0,17.053068625618476,15.688411266226769,19.314202518519732,14.323753906835064,21.575336411420984
2019-000008916 Tinka Resources Limited-f1-02937617_2-2-1,2019-07-02,,18.0,17.054745095944927,15.643404073101095,19.441344467303388,14.232063050257262,21.82794383866185
2019-000023397 Lydian International Limited-f1-02975570_1-1-1,2019-09-16,FS,16.0,16.94191596608737,15.515120199171825,19.605798100420248,14.088324432256277,22.269680234753125
2019-000024140 Highland Copper Company Inc-f1-02983645_1-1-1,2019-09-22,,16.0,16.925951580290327,15.496946873252375,19.590550899057746,14.06794216621442,22.255150217825168
2019-000020308 Erdene Resource Development Corporation-f1-02997666_2-1-1,2019-10-15,PFS,17.5,16.93440964948253,15.46299289638562,19.591429994881697,13.991576143288711,22.24845034028086
2019-000001837 TVI Pacific Inc-f1-02976127_1-1-1,2019-10-15,FS,15.0,16.93440964948253,15.46299289638562,19.591429994881697,13.991576143288711,22.24845034028086
2019-000005643 American CuMo Mining Corporation-f1-02992459_1-1-1,2019-11-01,PEA,17.5,16.95402484830371,15.360901985222348,19.677814256914857,13.767779122140986,22.401603665526007
2020-000009025 IAMGOLD Corporation-f1-03016840_2-1-1,2019-11-06,FS,18.0,16.956456969489956,15.363105566701813,19.68063711634685,13.76975416391367,22.404817263203746
2020-000026264 Ascendant Resources Inc-f1-03022181_1-1-1,2019-12-19,,18.0,17.06397359301814,15.49025638235458,19.74298659119686,13.916539171691023,22.421999589375584
2020-000003212 Taseko Mines Limited-f1-03007907_1-2-1,2019-12-31,PFS,18.0,17.065700203125736,15.477168237352577,19.77301076532992,13.888636271579418,22.480321327534103
"2020-000043521 Nexa Resources S.A. (, VM Holding S.A.)-f1-03026212_1-1-1",2019-12-31,,16.96,17.065700203125736,15.477168237352577,19.77301076532992,13.888636271579418,22.480321327534103
2020-000025328 OceanaGold Corporation-f1-03107677_1-1-1,2020-01-01,PEA,17.0,17.066752613096078,15.478122685513027,19.774230130104023,13.889492757929975,22.481707647111968
2020-000025546 Argonaut Gold Inc-f1-03014070_1-1-1,2020-01-31,PFS,16.75,17.216267488615472,15.602028823556132,19.965437770658998,13.987790158496793,22.714608052702523
2020-000005697 Caldas Gold Corp. ( Bluenose Gold Corp.)-f1-03098424_1-1-1,2020-03-17,,17.0,17.342293376881518,15.548032498627087,20.21574908006819,13.753771620372657,23.089204783254864
2020-000028681 Golden Minerals Company-f1-03063976_2-1-1,2020-04-01,PEA,14.38,17.32462100215031,15.494378642726872,20.149058218472113,13.664136283303435,22.973495434793918
2020-000048037 Tethyan Resource Corp-f1-03084677_1-1-1,2020-04-30,PEA,17.2,17.563787885854374,15.630200316408644,20.342740952245045,13.696612746962915,23.12169401863572
2020-000004132 Ascot Resources Ltd-f1-03061954_2-1-1,2020-05-22,,17.0,17.753909847364696,15.767142792027693,20.513189915597675,13.78037573669069,23.272469983830653
2020-000023055 Rockhaven Resources Ltd-f1-03086606_1-1-1,2020-07-10,PEA,17.0,18.090052057126535,16.02540901623614,20.874501091213947,13.960765975345748,23.65895012530136
2020-000046596 Blue Lagoon Resources Inc-f1-03083518_1-1-1,2020-07-13,,14.5,18.105440446239847,16.03904110689365,20.892258085186295,13.972641767547454,23.679075724132744
2020-000033050 Trilogy Metals Inc. ( NovaCopper Inc.)-f1-03119913_1-1-1,2020-08-20,FS,18.0,18.379832262385673,16.211826605578896,21.10770604438262,14.043820948772115,23.83557982637957
2020-000005620 Troilus Gold Corp-f1-03122905_2-1-1,2020-08-31,PEA,20.0,18.470038958375074,16.251501214629926,21.165637479992807,14.032963470884773,23.86123600161054
2020-000008239 Calibre Mining Corp-f1-03113822_3-1-1,2020-09-04,PEA,16.0,18.47299690480961,16.216872572229814,21.12770142667412,13.960748239650018,23.782405948538628
2020-000002899 Josemaria Resources Inc-f1-03131257_1-1-1,2020-09-28,FS,18.0,18.60583830365291,16.349968200697347,21.330539613840674,14.094098097741785,24.05524092402844
2020-000037125 Paramount Gold Nevada Corp-f1-03128464_1-1-1,2020-10-01,,16.64,18.612719966079514,16.35601549402574,21.338429049973787,14.099311021971971,24.064138133868056
2021-000008433 Metallum Resources Inc-f1-03288400_1-1-1,2020-10-15,,21.0,18.71084678089292,16.44224489555289,21.450925884375835,14.173643010212862,24.191004987858754
2020-000036883 Fabled Copper Corp-f1-03148081_1-1-1,2020-12-02,,20.0,19.12595238095238,16.588794585551735,21.695464753026965,14.05163679015109,24.26497712510155
2021-000031923 Rokmaster Resources Corp-f1-03163135_1-1-1,2020-12-08,,20.55,19.142278911564624,16.59916063820331,21.644246212840713,14.056042364841996,24.1462135141168
2021-000023668 McEwen Mining Inc. ( US Gold Corporation)-f1-03173752_1-1-1,2020-12-31,FS,17.0,19.219285714285714,16.66593681958209,21.73131809210123,14.112587924878461,24.243350469916745
2022-000005697 Aris Gold Corporation ( Caldas Gold Corp.)-f1-03352739_1-1-1,2021-01-01,,20.0,19.22608843537415,16.67183577553428,21.73900995422672,14.117583115694407,24.25193147307929
2021-000037742 SilverCrest Metals Inc-f1-03169049_1-1-1,2021-01-04,,19.0,19.23386297376093,16.678577439479636,21.747800653798702,14.123291905198338,24.261738333836472
2021-000007841 Medgold Resources Corp-f1-03185854_1-1-1,2021-01-07,PEA,16.5,19.242748160488684,16.650289434030903,21.72123786398071,14.057830707573125,24.19972756747274
2021-000031522 Rockcliff Metals Corporation-f1-03163342_1-1-1,2021-01-12,,17.5,19.269909462327206,16.67379145844263,21.75189757500584,14.077673454558052,24.233885687684474
2021-000029249 GoGold Resources Inc-f1-03176062_1-1-1,2021-01-20,PEA,21.0,19.299979132844307,16.699810024664043,21.7858402561835,14.099640916483779,24.271701379522696
2021-000022404 First Mining Gold Corp-f1-03182996_1-1-1,2021-01-20,PFS,20.0,19.299979132844307,16.699810024664043,21.7858402561835,14.099640916483779,24.271701379522696
2021-000030536 Braveheart Resources Inc-f1-03176084_1-1-1,2021-01-21,PEA,21.0,19.288238051061956,16.68965074760474,21.77258690858222,14.091063444147528,24.25693576610248
2021-000007595 Vangold Mining Corp-f1-03201291_1-1-1,2021-01-31,,19.49,19.346005919247812,16.750824079179658,21.768076128271865,14.155642239111504,24.19014633729592
2022-000043356 Titan Mining Corporation-f1-03353194_1-1-1,2021-02-24,PEA,17.0,19.753701519568065,17.079925110585265,22.246471161513945,14.406148701602461,24.739240803459825
2021-000043356 Titan Mining Corporation-f1-03191352_2-1-1,2021-02-24,PEA,17.0,19.753701519568065,17.079925110585265,22.246471161513945,14.406148701602461,24.739240803459825
2021-000025328 OceanaGold Corporation-f1-03198546_1-1-1,2021-03-31,FS,17.0,20.014140179902192,17.269188458727257,22.496879258363457,14.524236737552318,24.979618336824718
2021-000008301 Trevali Mining Corporation-f1-03263578_1-1-1,2021-03-31,,24.47,20.014140179902192,17.269188458727257,22.496879258363457,14.524236737552318,24.979618336824718
2021-000050209 1246778 B.C. LTD-f1-03239369_1-1-1,2021-03-31,PEA,18.5,20.014140179902192,17.269188458727257,22.496879258363457,14.524236737552318,24.979618336824718
2021-000003353 Excellon Resources Inc-f1-03239357_1-1-1,2021-03-31,,24.0,20.014140179902192,17.269188458727257,22.496879258363457,14.524236737552318,24.979618336824718
2021-000030782 Marathon Gold Corporation-f1-03208886_1-1-1,2021-04-23,FS,20.0,20.09115522661659,17.22627460736573,22.479100320493316,14.361393988114877,24.867045414370047
2021-000008849 Spanish Mountain Gold Ltd-f1-03234471_1-1-1,2021-05-10,PFS,24.0,20.046986925657052,17.1469902829052,22.383387704055654,14.246993640153349,24.71978848245426
2021-000045821 Luminex Resources Corp-f1-03278456_1-1-1,2021-07-28,PEA,21.0,21.13759523809524,17.934284175488056,23.474973630336574,14.730973112880871,25.81235202257791
2021-000018190 Chesapeake Gold Corp-f1-03272399_1-1-1,2021-08-30,PEA,22.0,21.17779931972789,18.377410127320942,23.734699505093147,15.577020934913996,26.291599690458405
2021-000003151 Northern Dynasty Minerals Ltd-f1-03277351_2-2-1,2021-09-09,PEA,22.0,21.173685617103988,18.37384038907194,23.7300891348579,15.573995161039893,26.286492652611813
2021-000020511 COPPER FOX METALS INC-f1-03296960_3-1-1,2021-09-10,PEA,20.0,21.177854990975987,18.37745843703165,23.734761897805658,15.57706188308731,26.29166880463533
2021-000003502 Sonoro Gold Corp-f1-03294016_1-1-1,2021-09-15,PEA,22.0,21.182619989686838,18.335196411364837,23.699308502469925,15.48777283304284,26.215997015253013
2021-000026107 Mexican Gold Mining Corp-f1-03280410_1-1-1,2021-09-18,,20.0,21.17425617868972,18.327956885873924,23.68995099441976,15.481657593058127,26.205645810149804
2021-000008808 Aura Minerals Inc-f1-03320949_2-1-1,2021-09-30,PEA,22.0,21.16675001568427,18.32145972107242,23.68155303076736,15.476169426460567,26.19635604585045
2021-000045902 NorZinc Ltd-f1-03299714_1-1-1,2021-10-15,,24.0,21.158422788199168,18.314251861441466,23.67223645268421,15.470080934683766,26.18605011716925
2021-000003851 Salazar Resources Limited-f1-03291760_1-2-1,2021-10-26,FS,23.0,21.15734699751045,18.31332068137098,23.671032848246778,15.469294365231505,26.184718698983104
2021-000043280 Steppe Gold Ltd-f1-03313510_2-1-1,2021-10-27,FS,21.0,21.152372759059567,18.309015093155814,23.665467624885846,15.465657427252058,26.178562490712125
2021-000037111 Kutcho Copper Corp. ( Desert Star Resources Ltd.)-f1-03321014_1-1-1,2021-11-08,FS,20.0,21.134960841969537,18.28820755558867,23.57466842758201,15.441454269207805,26.014376013194486
"2022-000005465 Clean Air Metals Inc. (, Regency Gold Corp.)-f1-03325993_1-1-1",2021-12-01,,16.875,21.106880990623207,18.227861890042732,23.415378190995163,15.348842789462257,25.72387539136712
2022-000026913 AYA GOLD & SILVER INC-f1-03363083_2-1-1,2021-12-13,FS,22.0,21.07045918913665,18.19640809222303,23.37497287215227,15.322356995309413,25.679486555167895
2022-000003093 Orvana Minerals Corp-f1-03337903_1-1-1,2021-12-29,PEA,22.0,21.053351312733806,18.11500662338963,23.251626983344963,15.176661934045455,25.449902653956123
2022-000055678 Gold Fields Limited-f1-03447480_1-1-2,2021-12-31,FS,17.5,21.04780626217197,18.110235476688917,23.24550294896429,15.172664691205865,25.44319963575661
2022-000030617 K92 Mining Inc-f1-03449414_3-1-1,2022-01-01,,20.0,21.04146906152987,18.104782737602388,23.23850405252923,15.168096413674904,25.435539043528593
2022-000030266 Cordoba Minerals Corp-f1-03325638_1-1-1,2022-01-11,PFS,21.0,21.02542285282414,18.09097604370996,23.220782386568292,15.156529234595784,25.416141920312445
2022-000031036 GoldMining Inc. ( Brazil Resources Inc.)-f1-03343368_1-1-1,2022-01-12,PEA,21.0,21.02779278417997,18.09301521180107,23.22339977318021,15.158237639422174,25.419006762180445
2022-000044782 Golden Independence Mining Corp-f1-03335960_1-1-1,2022-01-24,PEA,24.0,21.024141565815135,18.052865182433504,23.170656694510765,15.081588799051872,25.317171823206394
2022-000023668 McEwen Mining Inc. ( US Gold Corporation)-f1-03358989_1-1-1,2022-01-26,,21.85,21.026328456169676,18.05474300639201,23.173066861198187,15.083157556614342,25.319805266226698
2022-000031522 Rockcliff Metals Corporation-f1-03340402_1-1-1,2022-02-01,,24.64,20.999550332236513,18.038336640765074,23.11754132811241,15.077122949293635,25.23553232398831
2022-000016221 Bluestone Resources Inc-f1-03365225_1-1-1,2022-02-22,FS,20.0,20.954574336317332,17.999702853740672,23.0680291038988,15.044831371164008,25.181483871480268
2022-000021121 Gold Standard Ventures Corp-f1-03350830_1-1-1,2022-02-23,FS,21.5,20.956346860553143,18.001225428670306,23.06998040293274,15.046103996787469,25.183613945312338
2022-000013027 Cornerstone Capital Resources Inc-f1-03395605_1-1-1,2022-03-31,PFS,19.9,20.937665419718147,17.953512414187983,22.94025323735964,14.969359408657816,24.942841055001136
2023-000003353 Excellon Resources Inc-f1-03481561_1-1-1,2022-03-31,,22.5,20.937665419718147,17.953512414187983,22.94025323735964,14.969359408657816,24.942841055001136
2022-000007860 Torex Gold Resources Inc-f1-03362904_1-1-1,2022-04-01,FS,21.0,20.946784289201695,17.961331611466875,22.950244283209194,14.975878933732055,24.953704277216694
2022-000001691 Hudbay Minerals Inc. ( HudBay Minerals Inc.)-f1-03409501_1-1-1,2022-05-01,PEA,22.0,20.96061661596091,18.022221568248042,22.875828185298992,15.083826520535176,24.79103975463708
2022-000052628 Endeavour Mining plc-f1-03468668_2-1-1,2022-06-01,FS,15.0,20.97201229530487,18.353473692416102,23.009747396604453,15.734935089527337,25.047482497904035
2022-000003116 Aris Mining Corporation ( GCM Mining Corp.)-f1-03461399_1-1-1,2022-06-30,,19.0,21.00270188578107,18.375053582330352,22.997843467464108,15.747405278879635,24.992985049147148
2022-000032649 Bunker Hill Mining Corp-f1-03446457_1-1-1,2022-08-29,,21.5,21.055842898825556,18.52388867656752,22.935851916430305,15.99193445430948,24.815860934035054
2022-000007875 Skeena Resources Limited-f1-03437510_1-1-1,2022-09-06,FS,19.0,21.08280818342563,18.547611399636068,22.96522484523888,16.012414615846506,24.847641507052124
2022-000004017 Gold Bull Resources Corp-f1-03448953_1-1-1,2022-09-12,PEA,20.0,21.096828400105483,18.559945692508926,22.98049688232381,16.023062984912364,24.86416536454214
2022-000007638 Southern Silver Exploration Corp-f1-03445449_1-1-1,2022-10-13,,21.95,21.130740719582274,18.58274504365501,22.921990957050873,16.034749367727745,24.71324119451947
2023-000029200 Silver X Mining Corp-f1-03516759_1-1-1,2022-10-31,,22.56,21.129523719235006,18.55811895769264,22.990850283189253,15.98671419615027,24.852176847143504
2023-000006180 New Pacific Metals Corp-f1-03492276_1-1-1,2022-11-30,PEA,22.5,21.25522329269757,18.67349857411701,23.11843025062243,16.09177385553645,24.981637208547298
2023-000005955 NorthWest Copper Corp. ( _Serengeti Resources Inc._)-f1-03493519_1-1-1,2023-01-04,PEA,21.5,21.347302136872827,18.77853322931623,23.282553784970673,16.209764321759632,25.217805433068524
2023-000025437 West Vault Mining Inc-f1-03501225_1-1-1,2023-01-11,PFS,22.5,21.352451053281353,19.035371800729408,23.64282696557599,16.718292548177462,25.93320287787062
2023-000033050 Trilogy Metals Inc-f1-03491294_1-1-1,2023-01-20,FS,21.0,21.37943597145999,19.059428427730253,23.67270642763801,16.739420884000516,25.965976883816026
2023-000020073 CERRO DE PASCO RESOURCES INC. ( Genius Properties Ltd.)-f1-03518451_1-1-1,2023-01-31,PEA,22.0,21.384413530904776,19.063865843109657,23.678217906220507,16.743318155314533,25.97202228153624
2023-000008633 Los Andes Copper Ltd-f1-03518173_1-1-1,2023-02-20,PFS,21.79,21.44300087290934,19.11609553023506,23.74308963387044,16.789190187560777,26.043178394831536
2023-000027114 Treasury Metals Inc-f1-03493929_1-2-1,2023-02-22,PFS,21.0,21.448725799227844,19.121199211340922,23.74942864581812,16.793672623454,26.050131492408397
2023-000040264 Meridian Mining UK Societas-f1-03514796_1-1-1,2023-03-01,PEA,21.35,21.455268572163277,19.12703198974762,23.756673230901185,16.79879540733197,26.058077889639094
2023-000001604 Lumina Gold Corp-f1-03546687_1-1-1,2023-04-07,PFS,20.0,21.660836372558766,19.310292426735483,23.98429131195037,16.959748480912197,26.307746251341975
2023-000023668 McEwen Mining Inc. ( US Gold Corporation)-f1-03551473_1-1-1,2023-05-09,PEA,20.0,22.036056386376806,19.64479512397986,24.39975939280836,17.25353386158292,26.763462399239913
2023-000029249 GoGold Resources Inc-f1-03557381_1-1-1,2023-05-17,PEA,23.0,22.042265433666852,19.650330391261328,24.40663445508263,17.258395348855807,26.771003476498407
2023-000016002 Surge Copper Corp-f1-06001766_1-1-1,2023-06-12,PEA,23.0,22.091945775729915,19.598490887497118,25.452127590497124,17.10503599926432,28.812309405264337
2023-000027222 Avrupa Minerals Ltd-f1-06022779_1-1-1,2023-06-22,PEA,23.45,22.094882355161307,19.601096023586567,25.455510823242946,17.107309692011825,28.81613929132459
2023-000053528 Hot Chili Limited-f1-06008707_1-1-1,2023-06-28,PEA,21.0,22.097351439184326,19.603286429140557,25.458355454595182,17.109221419096787,28.81935947000604
2023-000009850 New Age Metals Inc-f1-06008684_1-3-1,2023-06-29,PEA,17.6877916603944,22.095697874970686,19.601819498001856,25.456450383499508,17.10794112103303,28.817202892028327
2023-000030612 Westhaven Gold Corp-f1-06023256_1-1-1,2023-07-18,,22.0,22.093808087297955,19.600143005271914,25.45427315939016,17.106477923245873,28.814738231482366
2023-000026264 Ascendant Resources Inc-f1-06003352_1-1-1,2023-07-24,,22.5,22.094029282338642,19.60033923465946,25.454527998165123,17.10664918698028,28.815026713991603
2023-000037377 Alamos Gold Inc-f1-06013025_2-1-1,2023-08-02,FS,22.5,22.094282076670854,19.600563496816655,25.454819242479356,17.10684491696245,28.815356408287858
2023-000053453 Gold Resource Corporation-f1-06050160_2-1-1,2023-09-30,PEA,23.3,22.35821529648806,19.83470732715223,25.758896667544295,17.3111993578164,29.159578038600532
2024-000006237 First Quantum Minerals Ltd-f1-06086044_1-1-1,2023-09-30,,22.75,22.35821529648806,19.83470732715223,25.758896667544295,17.3111993578164,29.159578038600532
2023-000026117 Oroco Resource Corp-f1-06059604_2-1-1,2023-10-11,PEA,22.5,22.481531836648326,19.944105481264295,25.90096963594828,17.40667912588026,29.32040743524823
2023-000008464 Denarius Metals Corp. ( Denarius Silver Corp.)-f1-06063395_4-1-1,2023-10-24,,22.0,22.495665948262875,19.956644316027546,25.91725354393193,17.417622683792217,29.338841139600987
2023-000030449 Silver Tiger Metals Inc-f1-06064060_2-1-1,2023-10-27,PEA,23.75,22.503962075822358,19.964004083339425,25.926811511314913,17.424046090856493,29.349660946807465
2024-000047056 Andean Precious Metals Corp-f1-06085573_2-1-1,2023-12-01,PFS,23.0,22.64322761440252,20.087551117924498,26.087259318533217,17.53187462144648,29.531291022663915
2024-000030266 Cordoba Minerals Corp-f1-06064213_1-3-1,2023-12-18,FS,22.19,22.7079374159444,20.144957308792648,26.16181147169888,17.581977201640893,29.61568552745336
2024-000007595 Guanajuato Silver Company Ltd-f1-06115693_4-1-1,2023-12-31,,22.0,22.806896789959954,20.23274742060828,26.27582255244699,17.658598051256604,29.74474831493402
2024-000030617 K92 Mining Inc-f1-06213452_1-1-1,2024-01-01,,25.0,22.829654466333306,20.25293650298027,26.302041668164453,17.676218539627236,29.774428869995596
2024-000047056 Andean Precious Metals Corp-f1-06080570_1-1-1,2024-01-12,FS,24.0,22.855663239331424,20.276009739976832,26.332006371841555,17.69635624062224,29.808349504351686
2024-000004926 AVINO SILVER & GOLD MINES LTD-f1-06096510_1-1-1,2024-02-05,PFS,22.0,23.021078261279712,20.42275484035048,26.522580995134266,17.824431419421245,30.024083728988817
2024-000007580 Discovery Silver Corp-f1-06085725_1-4-1,2024-02-16,FS,22.0,23.017946584319674,20.419976626833797,26.518972990553397,17.822006669347925,30.01999939678712
2024-000008916 Tinka Resources Limited-f1-06113611_1-1-1,2024-02-28,,22.0,23.002462763032007,20.40624042027732,26.501134082247045,17.81001807752263,29.999805401462083
2024-000001147 AbraSilver Resource Corp-f1-06123794_2-1-1,2024-03-07,PFS,23.5,23.05397218775659,20.451936123196976,26.560478083156347,17.849900058637363,30.066983978556106
2024-000005620 Troilus Gold Corp-f1-1_1-.pdf (eec5103ff2cd9904),2024-05-14,FS,23.0,23.601469387755106,20.9376388763193,27.191249529513556,18.273808364883497,30.781029671272005
2024-000052252 Silver Mountain Resources Inc-f1-06149229_2-1-1,2024-05-15,,24.0,23.614822157434407,20.949484556982256,27.206633253564583,18.28414695653011,30.79844434969476
2024-000045664 P2 Gold Inc-f1-06153816_1-1-1,2024-05-17,PEA,25.0,23.630082465639322,20.96302247773992,27.224214652480043,18.29596248984052,30.818346839320764
2024-000054671 Aardvark 2 Capital Corp-f1-06206632_1-1-1,2024-05-24,,23.0,23.64752281787351,20.97849438717725,27.244307679811996,18.309465956480988,30.841092541750484
2024-000013177 Alta Copper Corp-f1-06144797_1-1-1,2024-05-31,PEA,23.0,23.677794785052715,21.005349643791178,27.279184008899627,18.332904502529644,30.88057323274654
2024-000031453 Liberty Gold Corp. ( Pilot Gold Inc.)-f1-06208028_1-1-1,2024-06-01,PFS,25.0,23.674194040060247,21.00215530461257,27.27503559110522,18.330116569164897,30.87587714215019
2024-000006180 New Pacific Metals Corp-f1-06165441_1-1-1,2024-06-19,PFS,24.0,23.810846777422736,21.123384437398716,27.43247319041174,18.435922097374696,31.054099603400743
2024-000025328 OceanaGold Corporation-f1-06218769_3-1-1,2024-06-30,PFS,20.0,23.963024133695576,21.258385969652757,27.607796700959916,18.553747805609937,31.252569268224256
2024-000032350 Atico Mining Corporation-f1-06168420_2-1-1,2024-07-02,,23.3,23.9558371051759,21.25201012053648,27.599516526423173,18.548183135897055,31.243195947670444
2025-000024876 Lincoln Gold Mining Inc-f1-06225940_1-1-1,2024-07-23,PEA,24.0,24.06900590708965,21.352405882664964,27.729898287034626,18.635805858240275,31.390790666979598
2024-000045314 Vizsla Silver Corp-f1-06174675_2-1-1,2024-07-24,,26.0,24.051959131911982,21.337283128364717,27.71025869977359,18.62260712481745,31.368558267635194
2024-000033260 Thesis Gold Inc-f1-06193183_2-1-1,2024-08-30,PEA,24.0,24.151804529381188,21.42585926069474,27.825290568016808,18.69991399200829,31.498776606652427
2024-000013742 Blackrock Silver Corp-f1-4_1-.pdf (bed06b0af149fb94),2024-09-04,,23.0,24.146586128816597,21.421229846113036,27.819278449467518,18.695873563409474,31.491970770118435
2024-000006180 New Pacific Metals Corp-f1-06205411_2-1-1,2024-09-05,PEA,24.0,24.140622242457063,21.41593908659108,27.81240745683975,18.691255930725102,31.484192671222434
2025-000045314 Vizsla Silver Corp-f1-06242610_1-1-1,2024-09-09,PEA,26.0,24.150853147509547,21.425015258580526,27.82419448109762,18.699177369651505,31.49753581468569
2024-000045726 Cerrado Gold Inc. ( BB1 Acquisition Corp.)-f1-06185468_1-1-1,2024-09-19,PEA,25.0,24.145498835249008,21.420265272268214,27.818025778702722,18.69503170928742,31.490552722156437
2024-000030449 Silver Tiger Metals Inc-f1-06217254_1-1-1,2024-10-22,PFS,26.0,24.222889574385555,21.488921139485242,27.907187638270123,18.754952704584927,31.591485702154692
2025-000001147 AbraSilver Resource Corp-f1-06229328_1-1-1,2024-12-03,PFS,25.5,26.023031843959842,23.085886487155456,29.98113129137227,20.14874113035107,33.9392307387847
"2025-000050204 Lahontan Gold Corp. (, 1246765 B.C. LTD.)-f1-06231785_1-1-1",2024-12-10,PEA,24.2,26.227988774049344,23.267710513317123,30.21726214141833,20.307432252584903,34.20653550878732
2025-000030394 US Copper Corp-f1-06225836_1-1-1,2024-12-16,PEA,27.4,26.51770145605639,23.524724151497658,30.55104008121073,20.531746846938926,34.584378706365065
2025-000052022 i-80 Gold Corp-f1-06263599_1-1-1,2024-12-31,PEA,27.25,26.269038636481817,23.30412719489796,30.264555682096468,20.3392157533141,34.26007272771112
2025-000052022 i-80 Gold Corp-f1-06263755_3-1-1,2024-12-31,PEA,27.25,26.269038636481817,23.30412719489796,30.264555682096468,20.3392157533141,34.26007272771112
2025-000052022 i-80 Gold Corp-f1-06263910_4-1-1,2024-12-31,PEA,27.25,26.269038636481817,23.30412719489796,30.264555682096468,20.3392157533141,34.26007272771112
2025-000003116 Aris Mining Corporation-f1-06351776_2-1-1,2025-10-21,PEA,40.0,27.505041281763642,24.40062574809875,31.688554154176078,21.29621021443386,35.87206702658851
2025-000031052 Bravada Gold Corporation-f1-06350646_1-1-1,2025-10-24,PEA,21.0,25.72004717915845,22.81709883701171,29.632062702087527,19.91415049486497,33.544078225016605
