report_id,effective_date,report_type,cad_rate,knn_mean,band1_low,band1_high,band2_low,band2_high
2007-000003448 Sherwood Copper Corporation-f1-01199204_1-1-1,2007-11-30,PFS,1.0,1.0786860789372683,1.0226544579569123,1.1535560975381747,0.9666228369765564,1.228426116139081
2007-000007781 Independent Nickel Corp-f1-01195133_1-1-1,2007-12-05,,1.15,1.0786268407211288,1.022598296829964,1.1534927476843393,0.9665697529387994,1.2283586546475496
2008-000004246 Vista Gold Corp-f1-01205410_1-1-1,2008-01-09,PEA,1.0,1.078563572789007,1.022538315307913,1.1534250884178456,0.9665130578268188,1.2282866040466842
2008-000001913 Northgate Minerals Corporation-f1-01302144_4-1-1,2008-04-01,PEA,1.1111,1.0865096081545649,1.0300715992246545,1.1619226464434613,0.9736335902947443,1.237335684732358
2008-000023811 First Metals Inc-f1-01253557_1-1-1,2008-04-07,PFS,1.1111,1.089544521479285,1.032948866023254,1.1651682086506605,0.976353210567223,1.2407918958220359
2008-000011539 Alexis Minerals Corporation-f1-01246209_2-1-1,2008-04-08,,1.0,1.0892961197858495,1.0327133673882793,1.1649025657600212,0.9761306149907094,1.2405090117341928
2008-000009374 Starfield Resources Inc-f1-01258110_1-1-1,2008-04-30,PEA,1.11,1.089012232136209,1.0324442260911657,1.1645989738850049,0.9758762200461223,1.2401857156338005
2008-000009151 LIBERTY MINES INC-f1-01268623_1-1-1,2008-05-16,,1.0204,1.0897446402222726,1.0331385897330834,1.1653822173420794,0.9765325392438942,1.2410197944618861
2008-000023904 Cadiscor Resources Inc-f1-01327410_1-1-1,2008-06-17,,1.0,1.0900529954215428,1.0334309276294604,1.165711975023458,0.9768088598373779,1.241370954625373
2008-000003240 ST ANDREW GOLDFIELDS LTD-f1-01291360_1-1-1,2008-07-09,,1.05,1.0942868223768094,1.037444831298531,1.1702396656978207,0.9806028402202522,1.2461925090188322
2008-000025279 Copper Mountain Mining Corporation-f1-01321217_2-1-1,2008-09-11,FS,1.0526,1.103797619047619,1.0464615960496877,1.180410592815808,0.9891255730517565,1.2570235665839966
2008-000017383 Manicouagan Minerals Inc-f1-01321090_1-1-1,2008-09-12,,1.0965,1.104401088435374,1.047033718627033,1.181055948128642,0.9896663488186923,1.25771080782191
2008-000001691 HudBay Minerals Inc-f1-01323392_3-1-1,2008-09-19,,1.1,1.1058789726502847,1.0484348351429815,1.1826364101192568,0.9909906976356782,1.2593938475882287
2008-000022200 TTM Resources Inc-f1-01329563_2-1-1,2008-10-07,PEA,1.1111,1.1067797782669921,1.049288849019369,1.1835997393325839,0.9917979197717458,1.2604197003981754
2008-000020132 Cogitore Resources Inc-f1-01357048_1-1-1,2008-10-24,,1.05,1.1068210391078548,1.0493279665936766,1.1836438640278926,0.9918348940794984,1.2604666889479301
2008-000024893 Victory Nickel Inc-f1-01354993_1-1-1,2008-11-05,,1.0526,1.107741032061066,1.0502001711333118,1.1846277123426074,0.9926593102055574,1.2615143926241488
2008-000025315 Andean Resources Limited-f1-01357523_2-1-1,2008-12-01,PFS,1.0753,1.113307407062273,1.0554774045386528,1.190580441268295,0.9976474020150328,1.267853475474317
2008-000015687 Strateco Resources Inc-f1-01359415_3-1-1,2008-12-17,,1.0526,1.1183342111758847,1.0602430947023063,1.1959561484824826,1.0021519782287278,1.2735780857890802
2009-000007862 Golden Band Resources Inc-f1-01384353_1-1-1,2009-01-16,PFS,1.1111,1.1305167920727455,1.0717928596495554,1.2089843044508726,1.0130689272263653,1.2874518168289995
2009-000001166 Comaplex Minerals Corp-f1-01377866_2-1-1,2009-02-20,PEA,1.1111,1.1362632653061222,1.0772408362058419,1.2151296319628697,1.0182184071055616,1.2939959986196172
2009-000002878 Banro Corporation-f1-01381509_1-1-1,2009-02-27,FS,1.06,1.136373834315067,1.0773456617821773,1.215247875404551,1.0183174892492874,1.2941219164940352
2009-000009025 IAMGOLD Corporation-f1-01384641_1-1-3,2009-02-27,,1.25,1.136373834315067,1.0773456617821773,1.215247875404551,1.0183174892492874,1.2941219164940352
2009-000006087 Gabriel Resources Ltd-f1-01384149_1-1-1,2009-03-04,FS,1.23,1.1363556203298837,1.0773283939101719,1.215228397213371,1.0183011674904603,1.2941011740968584
2009-000014092 Skyline Gold Corporation-f1-01384343_1-1-1,2009-03-04,PEA,1.1765,1.1363556203298837,1.0773283939101719,1.215228397213371,1.0183011674904603,1.2941011740968584
2009-000004446 Ontex Resources Limited-f1-01422283_1-1-1,2009-05-04,,1.1111,1.1427818837515564,1.083420849411826,1.2221006981535671,1.0240598150720959,1.301419512555578
2009-000025019 MVE Capital Corp-f1-01430818_1-1-1,2009-05-25,,1.25,1.1454856765081625,1.0859841954769378,1.224992157199683,1.0264827144457132,1.3044986378912036
2009-000025547 Garson Gold Corp-f1-01435503_1-1-1,2009-05-30,,1.2,1.1477215562275787,1.088103933932049,1.2273832260509985,1.0284863116365195,1.3070448958744185
2009-000010193 Chariot Resources Limited-f1-01415384_1-2-1,2009-06-08,FS,1.24,1.1480055880696138,1.0883732119315808,1.227686972126592,1.0287408357935477,1.3073683561835703
2009-000002178 Silver Standard Resources Inc-f1-01445535_1-1-1,2009-06-12,,1.1236,1.1481830530319397,1.0885414585961086,1.2278767546716605,1.0288998641602776,1.3075704563113812
2009-000011769 Fronteer Development Group Inc-f1-01488718_3-1-1,2009-08-01,PEA,1.136,1.1510579011097455,1.091266974629108,1.2309511417379289,1.0314760481484706,1.3108443823661124
2009-000005589 International Wayside Gold Mines Ltd-f1-01488666_1-1-1,2009-08-17,PFS,1.1765,1.148902310636798,1.089223354849699,1.228645934891917,1.0295443990626,1.3083895591470363
2009-000009568 Lake Shore Gold Corp-f1-01483540_3-1-1,2009-08-28,,1.1628,1.14842502168015,1.088770858346054,1.2281355180088407,1.0291166950119581,1.3078460143375317
2009-000022426 MINCO SILVER CORPORATION-f1-01496862_1-1-1,2009-09-01,,1.2195,1.147879548586838,1.0882537194847457,1.2275521844281825,1.0286278903826533,1.307224820269527
2009-000008250 Northland Resources Inc-f1-01487781_2-1-1,2009-10-20,PEA,1.25,1.1350590782243504,1.0769794054722075,1.2133904582997597,1.0188997327200644,1.2917218383751687
2009-000004771 0373849 B.C. Ltd-f1-01518222_1-1-1,2009-12-14,PFS,1.1111,1.116007142857143,1.0614419003198592,1.189209767184601,1.0068766577825756,1.2624123915120589
2009-000024083 Avanti Mining Inc-f1-01516189_1-1-1,2009-12-15,PFS,1.087,1.1152105442176872,1.0606842499956046,1.1883609169880498,1.006157955773522,1.2615112897584122
2010-000004818 New Gold Inc-f1-01544679_1-1-1,2009-12-31,,1.18,1.113259690406775,1.0588317153880955,1.1879637322204324,1.0044037403694157,1.2626677740340897
2010-000002586 Adex Mining Inc-f1-01526896_1-1-1,2010-01-22,,1.1,1.1113785272009677,1.0584411820692763,1.1886210223364797,1.005503836937585,1.2658635174719917
2010-000003272 Société d_exploration minière Vior Inc-f1-01528825_1-1-1,2010-01-22,,1.142,1.1113785272009677,1.0584411820692763,1.1886210223364797,1.005503836937585,1.2658635174719917
2010-000005466 MDN INC-f1-01545636_1-1-1,2010-01-25,PEA,1.1111,1.1111760355277949,1.058248335509201,1.188404457184562,1.0053206354906072,1.2656328788413291
2010-000029665 Stonegate Agricom Ltd-f1-01546609_1-1-2,2010-02-01,,1.07,1.110042656259369,1.0573088850361796,1.1871014521945078,1.0045751138129901,1.2641602481296466
2010-000021049 Wescan Goldfields Inc-f1-01546365_1-1-1,2010-02-04,,1.0638,1.1097573214392786,1.0570371053538488,1.1867963095250968,1.004316889268419,1.263835297610915
2010-000002968 Kinross Gold Corporation-f1-01592433_2-2-1,2010-02-18,FS,1.15,1.1094312245020328,1.0563531375020936,1.1866206007090219,1.0032750505021542,1.263809976916011
2010-000009151 LIBERTY MINES INC-f1-01542198_2-1-1,2010-02-26,,1.1111,1.1049424625326394,1.0525972537223613,1.1815534030201644,1.0002520449120835,1.2581643435076895
2010-000011539 Alexis Minerals Corporation-f1-01571168_1-1-1,2010-04-01,PEA,1.05,1.1024093058068005,1.0501958730607983,1.1788222990842552,0.9979824403147962,1.2552352923617096
2010-000014169 Rusoro Mining Ltd-f1-01579192_1-1-1,2010-04-21,PFS,1.0309,1.0901329688172978,1.039098213975685,1.166913971701677,0.988063459134072,1.243694974586056
2010-000002178 Silver Standard Resources Inc-f1-01592513_3-1-1,2010-06-01,PEA,1.087,1.0838357142857142,1.0313123528340988,1.1602194913497814,0.9787889913824837,1.2366032684138484
2010-000005241 Oromin Explorations Ltd-f1-01647230_1-7-1,2010-06-02,FS,1.05,1.0836460544217688,1.0311318840066321,1.1600164651272866,0.9786177135914954,1.2363868758328045
2010-000005974 Sona Resources Corp. ( J-Pacific Gold Inc.)-f1-01597225_2-1-1,2010-06-10,PEA,1.08,1.0831815812855756,1.0305744145864493,1.1598923642797818,0.9779672478873228,1.236603147273988
2010-000000819 Newcastle Minerals Ltd-f1-01622050_1-1-1,2010-06-25,,1.0449,1.0825476575236508,1.0291881436746901,1.157965595334371,0.9758286298257297,1.233383533145091
2010-000011539 Alexis Minerals Corporation-f1-01604138_2-1-1,2010-06-28,,1.05,1.0822788389191578,1.0289325753229224,1.1576780489217717,0.9755863117266871,1.2330772589243855
2010-000009542 Bravo Gold Corp-f1-01601622_2-1-1,2010-06-28,,1.1111,1.0822788389191578,1.0289325753229224,1.1576780489217717,0.9755863117266871,1.2330772589243855
2010-000011215 Western Coal Corp-f1-01608130_1-1-1,2010-07-16,PFS,1.0526,1.0810647521044814,1.028552363090049,1.1576474688996474,0.9760399740756168,1.2342301856948137
2010-000002950 Tyhee Development Corp-f1-01633185_1-1-1,2010-07-22,PFS,1.0753,1.0811373357384548,1.0286214209962474,1.157725194364278,0.9761055062540399,1.234313052990101
2010-000003958 OPAWICA EXPLORATIONS INC-f1-01622819_1-1-1,2010-08-16,PEA,1.087,1.07712755035663,1.0263187104777132,1.1513140387988179,0.9755098705987963,1.2255005272410058
2010-000022760 Blue Note Mining Inc-f1-01627258_1-1-1,2010-08-27,,1.05,1.0763722358212227,1.0273597765051714,1.1493439013003586,0.9783473171891202,1.2223155667794945
2010-000022586 Donner Metals Ltd-f1-01646195_1-1-1,2010-09-21,,1.04,1.0744588908316033,1.026327518516181,1.1474705416776538,0.9781961462007588,1.2204821925237042
2010-000026016 Quest Rare Minerals Ltd-f1-01638664_1-1-1,2010-09-24,PEA,1.042,1.0748825419027848,1.026732191748738,1.1479229806944269,0.9785818415946912,1.2209634194860688
2010-000030716 Royal Nickel Corporation-f1-01661095_1-1-1,2010-09-30,PEA,1.1111,1.0753667145555634,1.0271946754430887,1.148440053856453,0.9790226363306139,1.2215133931573425
2010-000025297 Sandstorm Resources Ltd-f1-01643054_3-1-1,2010-10-05,,1.05,1.0753529118730245,1.0271814910643842,1.1484253132537694,0.979010070255744,1.2214977146345145
2010-000027349 Fire River Gold Corp-f1-01647297_1-1-1,2010-10-08,,1.033,1.0753371373786949,1.0271664232030082,1.148408466850703,0.9789957090273218,1.2214797963227115
2011a-000010750 Geologix Explorations Inc-f1-01696761_1-8-1,2010-10-08,PEA,1.1,1.0753371373786949,1.0271664232030082,1.148408466850703,0.9789957090273218,1.2214797963227115
2010-000005311 Mountain Province Diamonds Inc-f1-01672665_1-1-1,2010-12-01,FS,1.0753,1.0676566666666667,1.0252750367584922,1.135312270597506,0.9828934068503176,1.2029678745283452
2010-000002929 Breakwater Resources Ltd-f1-01673123_2-1-1,2010-12-03,,1.12,1.0673157142857141,1.0249476188011768,1.1349497126386883,0.9825795233166396,1.2025837109916622
2011a-000017484 Almaden Minerals Ltd-f1-01690925_1-1-1,2010-12-10,PEA,1.0526,1.0669260544217687,1.0254778556660773,1.1345903684558025,0.9840296569103861,1.2022546824898364
2011a-000024083 Avanti Mining Inc-f1-01692252_1-1-1,2010-12-15,FS,1.087,1.0664340302651674,1.0259253518516238,1.1326342000740772,0.9854166734380803,1.198834369882987
2011a-000005689 Capstone Mining Corp-f1-01723434_2-1-1,2010-12-15,PFS,1.16,1.0664340302651674,1.0259253518516238,1.1326342000740772,0.9854166734380803,1.198834369882987
2011a-000007891 Canada Lithium Corp-f1-01684820_1-1-1,2011-01-05,FS,1.1,1.065239980166994,1.0255742518029098,1.1316379168330788,0.9859085234388256,1.1980358534991635
2011a-000001108 Wesdome Gold Mines Ltd-f1-01686400_1-1-1,2011-01-12,PFS,1.06,1.0648757790829786,1.0258379065658048,1.127158348759276,0.9868000340486308,1.1894409184355734
2011a-000008626 Baffinland Iron Mines Corporation-f1-01703743_1-1-1,2011-01-13,FS,1.07,1.0649499379995944,1.0259093468495153,1.1272368450906232,0.9868687556994364,1.189523752181652
2011a-000005795 Bard Ventures Ltd-f1-01704876_1-1-1,2011-01-21,PEA,1.0526,1.0647480563116287,1.025714866054455,1.127023155724669,0.9866816757972812,1.1892982551377094
2011a-000001555 Cenit Corporation-f1-01737832_1-1-1,2011-02-12,,1.0204,1.0622239991873177,1.0241552894140264,1.117807230674825,0.986086579640735,1.1733904621623323
2011a-000017609 UEX Corporation-f1-01700996_1-1-1,2011-02-15,PEA,1.05,1.0621574276426489,1.0240911037058809,1.11773717562613,0.9860247797691127,1.1733169236096113
2011a-000020823 Equinox Minerals Limited-f1-01709025_1-1-1,2011-03-07,FS,1.15,1.0601616324042809,1.023055885049344,1.117840099551715,0.9859501376944074,1.1755185666991494
2011a-000007482 Avalon Rare Metals Inc-f1-01710927_1-1-1,2011-03-13,,1.11,1.0592773760577543,1.022202577750197,1.1169077349270977,0.98512777944264,1.174538093796441
2011b-000031701 Aurvista Gold Corporation-f1-01752152_1-26-1,2011-03-15,,1.08,1.0592984297802908,1.022222894590653,1.1169299340848267,0.9851473594010154,1.1745614383893628
2011a-000005504 Largo Resources Ltd-f1-01726780_2-1-1,2011-03-28,PEA,1.0,1.0591540613971844,1.0203142368513245,1.1099363873894907,0.9814744123054644,1.160718713381797
2011a-000005437 Prodigy Gold Inc-f1-01745481_2-1-1,2011-03-29,PEA,1.0526,1.0591574987396393,1.0203175481443378,1.109939989539174,0.9814775975490364,1.1607224803387084
2011a-000002301 KWG Resources Inc-f1-01751599_1-1-1,2011-03-31,PEA,1.0,1.0591710476813276,1.020330600238082,1.109954188100024,0.9814901527948364,1.1607373285187206
2011a-000002470 Fortune Minerals Limited-f1-01722811_1-1-1,2011-03-31,FS,1.0526,1.0591710476813276,1.020330600238082,1.109954188100024,0.9814901527948364,1.1607373285187206
2011a-000002563 SEMAFO INC-f1-01722229_1-1-1,2011-03-31,FS,1.0204,1.0591710476813276,1.020330600238082,1.109954188100024,0.9814901527948364,1.1607373285187206
2011a-000010633 Adriana Resources Inc-f1-01729127_1-1-1,2011-04-08,PEA,1.05,1.0584609454767138,1.0207729170387925,1.1087860530952292,0.9830848886008711,1.1591111607137445
2011a-000028385 Canada Fluorspar Inc-f1-01744012_1-1-1,2011-04-29,,1.03,1.0583653662591013,1.0181366988486196,1.1057895441860865,0.9779080314381379,1.1532137221130718
2011a-000014871 Compliance Energy Corporation-f1-01759860_1-1-1,2011-06-08,,1.1111,1.0444328489130503,1.007591155287324,1.0874786745725349,0.9707494616615976,1.1305245002320197
2011b-000000880 NovaGold Resources Inc-f1-01801094_1-1-1,2011-07-11,PFS,1.1,1.0388200857153422,1.0032186785852295,1.0829149238762765,0.967617271455117,1.1270097620372108
2011b-000000523 Shore Gold Inc-f1-01792961_1-1-1,2011-07-14,FS,1.0582,1.0384386693889627,1.00285033377923,1.0825173175556766,0.9672619981694973,1.1265959657223905
2012-000033663 Appia Energy Corp-f1-01964725_1-8-1,2011-07-18,,1.1111,1.0380027650159573,1.0015815979625162,1.0868957243228794,0.965160430909075,1.1357886836298015
2011b-000001913 Northgate Minerals Corporation-f1-01800614_1-1-1,2011-07-22,,1.0,1.037980779065856,1.0015603834496292,1.0868727027703693,0.9651399878334022,1.1357646264748826
2011b-000009365 Rubicon Minerals Corporation-f1-01783947_1-1-1,2011-08-08,,1.0,1.0380613510743395,1.0029848391704856,1.0891160280280914,0.9679083272666318,1.1401707049818435
2011b-000011164 Hathor Exploration Limited-f1-01803085_1-2-1,2011-09-13,,1.05,1.0370701930106199,1.0031026241414729,1.0859907633165755,0.9691350552723259,1.1349113336225312
2011b-000008020 Molycor Gold Corporation-f1-01802532_1-1-1,2011-09-15,PEA,1.0,1.0370673634407084,1.0030998872495802,1.0859878002704784,0.969132411058452,1.1349082371002481
2011b-000016212 Commerce Resources Corp-f1-01819332_1-1-1,2011-09-29,,1.0526,1.0368725080644754,1.004065382716895,1.0871819648192622,0.9712582573693148,1.137491421574049
2011b-000002073 Brigus Gold Corp. ( Apollo Gold Corporation)-f1-01811010_1-1-1,2011-10-06,PFS,1.0417,1.0368414377879718,1.0040352955182992,1.0871493870008766,0.9712291532486267,1.1374573362137816
2011b-000026608 Argex Mining Inc-f1-01839678_3-1-1,2011-10-12,PEA,1.0,1.037156277978921,1.004340174020103,1.0874795033601572,0.9715240700612852,1.1378027287413937
2011b-000019195 Stikine Energy Corp. ( Stikine Gold Corporation)-f1-01827609_1-1-1,2011-10-25,PEA,1.0309,1.0365708968541316,1.0036598789475757,1.0868111799624358,0.9707488610410198,1.13705146307074
2012-000005206 Alderon Iron Ore Corp-f1-01874410_1-1-1,2011-10-26,PEA,1.0,1.0365495964047218,1.003639254785214,1.0867888471276754,0.9707289131657061,1.1370280978506293
"2011b-000002881 Auriga Gold Corp. (, Ursa Major International Inc.)-f1-01840782_1-1-1",2011-10-31,PEA,1.0309,1.036525253033968,1.0039540373537135,1.0875869854659512,0.9713828216734588,1.1386487178979343
2011b-000011375 Thundermin Resources Inc-f1-01840639_2-1-1,2011-11-01,,1.0526,1.0359322494704029,1.0033796680172562,1.0869647691174535,0.9708270865641094,1.1379972887645042
"2011b-000023134 General Moly, Inc-f1-01825783_1-1-1",2011-11-11,PFS,1.06,1.0340963098815767,1.003072726844651,1.0858872230777328,0.9720491438077253,1.1376781362738888
2012-000000162 Gowest Gold Ltd-f1-01862155_1-1-1,2011-11-12,,1.0,1.034025782721802,1.0039024289995921,1.0861310368317465,0.9737790752773823,1.138236290941691
2012-000003760 Abitex Resources Inc-f1-01863517_1-1-1,2011-11-21,,1.05,1.0325150608481015,1.0011348921833056,1.0858168478251429,0.9697547235185098,1.1391186348021844
2011b-000006077 Stratabound Minerals Corp-f1-01836274_1-1-1,2011-11-23,PEA,1.023,1.0323608277743914,1.0009853465568301,1.0856546527383335,0.969609865339269,1.1389484777022758
2012-000007619 Orbite Aluminae Inc-f1-01848436_1-1-1,2011-11-23,PEA,1.0,1.0323608277743914,1.0009853465568301,1.0856546527383335,0.969609865339269,1.1389484777022758
2011b-000014892 Hudson Resources Inc-f1-01842871_1-1-1,2011-11-25,PEA,1.009,1.0325233269802567,1.001142907091405,1.085825540681936,0.9697624872025534,1.1391277543836151
2011b-000010348 Hard Creek Nickel Corporation-f1-01837196_2-1-1,2011-12-02,PEA,1.0526,1.0318982652245727,1.0005368421950047,1.0851682112046346,0.9691754191654365,1.1384381571846964
2012-000019195 Stikine Energy Corp. ( Stikine Gold Corporation)-f1-01850619_1-1-1,2011-12-12,PEA,1.0309,1.0318101515640685,1.0004514064823902,1.0850755488302761,0.9690926614007117,1.1383409460964837
2011b-000030716 Royal Nickel Corporation-f1-01840899_1-1-1,2011-12-16,PFS,1.1111,1.0321537006966603,1.0022410257737293,1.085512786371681,0.9723283508507982,1.1388718720467013
2011b-000009470 Rainy River Resources Ltd-f1-01844107_2-1-1,2011-12-23,PEA,1.05,1.032627445355043,1.002701040916873,1.086011022132307,0.9727746364787029,1.139394598909571
2012-000002894 Abacus Mining & Exploration Corp-f1-01846955_1-1-1,2012-01-06,FS,1.087,1.0333249256264339,1.005384295920228,1.0857205988262182,0.9774436662140219,1.1381162720260023
2012-000009698 Virgin Metals Inc-f1-01912517_1-1-1,2012-01-10,PEA,1.0,1.033223248334972,1.0052853679358618,1.0856137658959022,0.9773474875367515,1.1380042834568327
2012-000004922 CORAL GOLD RESOURCES LTD-f1-01853597_1-1-1,2012-01-15,PEA,1.0,1.03330561714473,1.0061609101083568,1.0860715363637345,0.9790162030719838,1.138837455582739
2012-000002830 Goldcorp Inc-f1-01884234_1-1-2,2012-01-26,,1.1,1.0328849637759747,1.0061923747094776,1.0866065131450806,0.9794997856429803,1.1403280625141865
2012-000030615 Coalspur Mines Limited-f1-01853056_1-1-1,2012-01-26,FS,1.0,1.0328849637759747,1.0061923747094776,1.0866065131450806,0.9794997856429803,1.1403280625141865
2012-000008330 Queenston Mining Inc-f1-01883856_1-1-1,2012-02-16,,1.0417,1.0314515246513791,1.0051920108111063,1.0847755594600719,0.9789324969708336,1.1380995942687646
2012-000016212 Commerce Resources Corp-f1-01930452_1-1-1,2012-03-06,PEA,1.0,1.0268192965417218,1.0008438108666058,1.0811807870997556,0.9748683251914897,1.1355422776577897
2012-000003905 Sprott Resource Corp-f1-01880209_1-1-1,2012-03-26,,1.0101,1.0254233333333334,0.9993061261470427,1.0798353604493842,0.9731889189607522,1.134247387565435
2012-000001691 HudBay Minerals Inc-f1-01884181_1-1-1,2012-03-29,,1.05,1.0254233333333334,0.9995431648196262,1.0751761626557366,0.9736629963059191,1.1249289919781398
2013-000029557 Yellowhead Mining Inc-f1-02012574_1-1-1,2012-03-29,FS,1.0,1.0254233333333334,0.9995431648196262,1.0751761626557366,0.9736629963059191,1.1249289919781398
2012-000029557 Yellowhead Mining Inc-f1-01882029_1-1-1,2012-03-29,FS,1.0,1.0254233333333334,0.9995431648196262,1.0751761626557366,0.9736629963059191,1.1249289919781398
2012-000016934 VMS Ventures Inc-f1-01906981_1-1-1,2012-04-02,,1.05,1.0254233333333334,0.9995431648196262,1.0751761626557366,0.9736629963059191,1.1249289919781398
2012-000006065 Victoria Gold Corp. ( Victoria Resource Corporation)-f1-01888118_1-1-1,2012-04-05,FS,1.087,1.0254233333333334,0.9995431648196262,1.0751761626557366,0.9736629963059191,1.1249289919781398
2012-000022477 Guyana Goldfields Inc-f1-01888138_1-1-1,2012-04-09,FS,1.0,1.024989523809524,0.9996185339717584,1.0733515193138523,0.9742475441339927,1.1217135148181807
2012-000002319 Globex Mining Enterprises Inc-f1-01890658_2-1-1,2012-04-16,PEA,1.0593,1.0245061224489798,0.999147097973514,1.072845309667094,0.9737880734980483,1.1211844968852085
2012-000008090 Huakan International Mining Inc-f1-01920382_1-1-1,2012-04-24,,1.0,1.0235822351797863,0.998941314732956,1.0723991314784942,0.9743003942861256,1.1212160277772023
2012-000009568 Lake Shore Gold Corp-f1-01909912_2-1-1,2012-05-14,,1.0,1.0234622488645602,0.999660162460573,1.0740389271599096,0.9758580760565859,1.124615605455259
2012-000005760 Sunridge Gold Corp-f1-01928370_5-1-1,2012-05-14,FS,1.0,1.0234622488645602,0.999660162460573,1.0740389271599096,0.9758580760565859,1.124615605455259
2012-000004904 Cadillac Ventures Inc-f1-01928596_2-1-1,2012-05-15,PEA,1.0101,1.0237497129880688,0.9999409411924972,1.0743405969666395,0.9761321693969256,1.1249314809452102
2012-000000171 Harte Gold Corp-f1-01932502_1-1-1,2012-05-31,,1.0,1.0232494304203503,0.9974803671337301,1.0743795066637636,0.9717113038471099,1.1255095829071768
2012-000002753 CANADIAN ZINC CORPORATION-f1-01942300_1-1-1,2012-06-15,,1.0,1.0233242043457642,0.9974187108762271,1.07682983415336,0.9715132174066899,1.1303354639609555
2012-000009154 Pele Mountain Resources Inc-f1-01929839_1-1-1,2012-06-20,,1.0,1.0232472672874902,0.9973437214826836,1.0767488743565041,0.971440175677877,1.1302504814255179
2012-000007531 Seabridge Gold Inc-f1-01928341_1-1-1,2012-06-22,PFS,1.0417,1.0233097340428459,0.997192144508094,1.0763579924226045,0.971074554973342,1.1294062508023632
2012-000006210 SILVERCORP METALS INC-f1-01984618_6-1-1,2012-06-27,,1.0,1.0233811246203952,0.9972617130079878,1.0764330838794456,0.9711423013955803,1.129485043138496
2012-000030640 Karnalyte Resources Inc-f1-01933745_1-1-1,2012-06-27,,1.0,1.0233811246203952,0.9972617130079878,1.0764330838794456,0.9711423013955803,1.129485043138496
2012-000026781 Magna Resources Ltd-f1-01932797_1-1-1,2012-06-27,,1.0121,1.0233811246203952,0.9972617130079878,1.0764330838794456,0.9711423013955803,1.129485043138496
2012-000003092 Aurizon Mines Ltd-f1-01933993_2-1-1,2012-07-01,FS,1.0,1.0231435349046911,0.9970301872145411,1.0761831775403305,0.970916839524391,1.1292228201759698
2013-000017100 Typhoon Exploration Inc-f1-02057960_1-1-1,2012-08-03,PEA,1.02,1.019709523809524,0.994220845828137,1.0715514418811192,0.96873216784675,1.1233933599527144
2012-000001053 Advanced Explorations Inc-f1-01963181_2-1-1,2012-08-10,FS,1.0526,1.0197508843537417,0.9947196726560904,1.070852827212971,0.969688460958439,1.1219547700722003
2012-000030431 Northern Graphite Corporation-f1-01949755_1-1-1,2012-08-23,FS,1.0,1.0203004761904764,0.9955014476963705,1.071419867861141,0.9707024192022646,1.1225392595318058
2012-000030788 BacTech Environmental Corporation-f1-01968980_1-1-1,2012-08-27,PEA,1.02,1.0205669484936832,0.9957614432269066,1.0716996910373064,0.97095593796013,1.1228324335809294
2012-000032112 Azumah Resources Limited-f1-01968714_1-1-1,2012-08-27,FS,1.0363,1.0205669484936832,0.9957614432269066,1.0716996910373064,0.97095593796013,1.1228324335809294
2012-000011551 Tintina Resources Inc-f1-01957549_2-1-1,2012-08-30,,1.0,1.0207293697070665,0.996479634245581,1.0707328813027894,0.9722298987840955,1.1207363928985123
2012-000004920 BRALORNE GOLD MINES LTD-f1-01970841_1-1-1,2012-08-31,,1.2,1.020819755855695,0.9965678730667605,1.0708276952899471,0.9723159902778259,1.1208356347241992
2012-000003339 Noront Resources Ltd-f1-01971248_1-1-1,2012-09-04,,1.015,1.0207992447874612,0.9961492722645304,1.0699216289373217,0.9714992997415995,1.119044013087182
2012-000007531 Seabridge Gold Inc-f1-01958851_2-1-1,2012-09-05,PFS,1.0201,1.0207167559475745,0.9960687753419056,1.0698351706112683,0.9714207947362367,1.1189535852749621
2012-000005904 Oceanic Iron Ore Corp-f1-01976689_2-1-1,2012-09-19,PFS,1.0,1.023296922804447,0.9985866370565563,1.0725394989505883,0.9738763513086655,1.1217820750967296
2012-000008330 Queenston Mining Inc-f1-01979771_2-1-1,2012-09-20,,1.0417,1.022859816538416,0.9981600859094697,1.072081358478249,0.9734603552805235,1.121302900418082
2012-000006087 Gabriel Resources Ltd-f1-01978475_1-1-1,2012-10-01,FS,1.0,1.024213248582557,0.9994808356579784,1.0734999196936081,0.9747484227333997,1.1227865908046593
2012-000000834 Agnico-Eagle Mines Limited-f1-01976039_3-1-1,2012-10-14,,1.03,1.026196152160139,1.0014922624090352,1.0755673131287025,0.9767883726579314,1.1249384740972659
2012-000011411 Focus Graphite Inc-f1-01974976_1-1-1,2012-10-30,PEA,1.0,1.0263961048680041,1.0017718277109138,1.0756121201042417,0.9771475505538236,1.1248281353404792
2012-000032329 Copper North Mining Corp-f1-01988874_1-1-1,2012-10-31,FS,1.0,1.0262726912777191,1.00165137493706,1.0754827887935845,0.9770300585964008,1.1246928863094496
2012-000026199 Plains Creek Phosphate Corporation-f1-01987090_3-1-1,2012-11-02,FS,1.0237,1.026131647174536,1.001513714624084,1.0753349815814044,0.9768957820736318,1.1245383159882727
2012-000007910 ABCOURT MINES INC-f1-01991939_1-1-1,2012-11-05,,1.0,1.0261290374495808,1.0018291144029259,1.0762301156403384,0.9775291913562711,1.1263311938310963
2012-000002470 Fortune Minerals Limited-f1-01992125_2-1-1,2012-11-28,FS,1.0526,1.0265434311367785,1.0021216185996953,1.0765629023922503,0.9776998060626122,1.1265823736477223
2012-000009131 Euromax Resources Ltd-f1-01995793_2-1-1,2012-12-05,PEA,1.007,1.0276195377814445,1.002605134306289,1.0767654265487427,0.9775907308311335,1.125911315316041
2013-000030715 Chieftain Metals Inc-f1-02009167_1-1-1,2012-12-12,,1.02,1.0279475669883174,1.0029251785978983,1.0771091437474458,0.9779027902074792,1.1262707205065745
2012-000031138 Black Iron Inc-f1-01998946_1-1-1,2012-12-17,FS,1.026,1.028463872109966,1.003428915775717,1.0776501411536858,0.9783939594414682,1.1268364101974058
2013-000005779 Great Quest Metals Ltd-f1-02013334_1-1-1,2012-12-20,PEA,1.0225,1.0286620443161516,1.003622264056957,1.0778577909426188,0.9785824837977624,1.1270535375690858
2013-000003240 ST ANDREW GOLDFIELDS LTD-f1-02028107_2-1-1,2012-12-31,,1.1494,1.027979877511747,1.002486557843186,1.078196563595308,0.9769932381746252,1.128413249678869
2013-000005861 Coventry Resources Inc-f1-02008101_1-1-1,2013-01-01,PEA,1.0079,1.0277931933467586,1.0023045033399247,1.0780007599326376,0.976815813333091,1.1282083265185168
2013-000023110 Ucore Rare Metals Inc-f1-02005254_1-1-1,2013-01-10,,1.0,1.025578994811612,0.9997569013737091,1.0747854494162958,0.973934807935806,1.1239919040209796
2013-000026672 Western Potash Corp-f1-02007236_1-1-1,2013-01-15,,1.0,1.0250493274037473,0.9992405699656706,1.0742303689925712,0.9734318125275939,1.1234114105813948
2013-000023684 Western Copper and Gold Corporation-f1-02014531_1-1-1,2013-01-25,FS,1.0526,1.0248516560120595,0.9982261495994336,1.0764995588082127,0.9716006431868076,1.1281474616043659
2013-000005255 Champion Iron Mines Limited ( Champion Minerals Inc.)-f1-02018273_1-1-1,2013-01-25,PFS,1.0,1.0248516560120595,0.9982261495994336,1.0764995588082127,0.9716006431868076,1.1281474616043659
2013-000008263 ENCANTO POTASH CORP-f1-02022315_1-1-1,2013-02-13,,1.0,1.025619549129234,0.9976749314463317,1.078902890225627,0.9697303137634294,1.1321862313220201
2013-000005636 Stornoway Diamond Corporation-f1-02034473_1-1-1,2013-02-28,FS,1.0101,1.027755914878835,0.9987838455483454,1.0812504483723724,0.9698117762178559,1.1347449818659094
2013-000021345 Deer Horn Metals Inc-f1-02040985_1-1-1,2013-03-12,PEA,1.0044,1.0287533980981136,0.9995084125947405,1.0828181273443913,0.9702634270913676,1.136882856590669
2013-000008311 AUGYVA MINING RESOURCES INC-f1-02055877_1-1-1,2013-03-22,PEA,1.0526,1.0294026945865975,0.9993022777219326,1.083023000946306,0.9692018608572677,1.1366433073060145
2013-000004818 New Gold Inc-f1-02090330_2-1-1,2013-04-10,FS,1.07,1.030334572509078,0.9988487093996322,1.0835991397711557,0.9673628462901864,1.1368637070332333
2013-000007482 Avalon Rare Metals Inc-f1-02142596_1-1-1,2013-04-17,,1.0526,1.0302453331229222,0.9987621970685239,1.0835052870318105,0.9672790610141254,1.1367652409406985
2013-000026555 Century Iron Mines Corporation-f1-02058564_3-1-1,2013-05-08,PEA,1.0,1.0300008476502758,0.9976035774609007,1.083975454367259,0.9652063072715255,1.1379500610842426
2013-000001146 Moss Lake Gold Mines Ltd-f1-02110849_2-1-1,2013-05-31,PEA,1.0033,1.030073440945087,0.9960012854586066,1.082592794999726,0.9619291299721262,1.1351121490543652
2013-000026979 El Tigre Silver Corp-f1-02097813_1-1-1,2013-06-01,PFS,1.0,1.0296525039372424,0.9955942719542824,1.0821503960855057,0.9615360399713225,1.1346482882337692
2013-000008209 El Nino Ventures Inc-f1-02086368_1-1-1,2013-06-04,PEA,1.0,1.029989351284123,0.9959199772653412,1.0825044179408922,0.9618506032465595,1.1350194845976613
2013-000025789 Cap-Ex Iron Ore Ltd-f1-02092220_1-1-1,2013-06-27,PEA,1.0,1.0305412327856838,0.9958416340676637,1.0822019145783806,0.9611420353496437,1.1338625963710776
2013-000030716 Royal Nickel Corporation-f1-02087466_1-2-1,2013-07-25,FS,1.1111,1.033246731883377,0.9985518810360854,1.087928298395423,0.9638570301887938,1.1426098649074692
2013-000030716 Royal Nickel Corporation-f1-02087466_1-1-1,2013-07-25,FS,1.1111,1.033246731883377,0.9985518810360854,1.087928298395423,0.9638570301887938,1.1426098649074692
2013-000033663 Appia Energy Corp-f1-02096631_1-1-1,2013-07-30,,1.1111,1.0335562650095735,0.9982814483440108,1.0890400521748018,0.9630066316784479,1.1445238393400299
2013-000013198 Nevada Copper Corp-f1-02132890_1-1-1,2013-08-22,FS,1.0,1.0349231743748912,0.9984213169930163,1.0888475749303714,0.9619194596111412,1.1427719754858519
2013-000010461 Rockex Mining Corporation ( Enviropave International Ltd.)-f1-02120475_1-1-1,2013-08-27,PEA,1.0526,1.035384691133501,0.9988665560033646,1.0893331388986394,0.9623484208732282,1.1432815866637775
2013-000010148 Matamec Explorations Inc-f1-02122328_1-1-1,2013-09-04,FS,1.0,1.035873447216852,0.9993380736043911,1.0898473614895199,0.9628026999919301,1.1438212757621877
2013-000025437 West Kirkland Mining Inc-f1-02112513_1-1-1,2013-09-13,PEA,1.0,1.036387806579797,0.9998342914544446,1.0903885214121618,0.9632807763290924,1.1443892362445267
2018-000039713 BlackRock Metals Inc-f1-02755090_1-1-1,2013-09-20,FS,1.05,1.0365018016566883,0.9999442659120843,1.0905084561726355,0.9633867301674803,1.1445151106885825
"2013-000029836 Silver Bull Resources, Inc-f1-02133395_2-1-1",2013-09-30,PEA,1.0,1.0366613888742864,0.9991486400629902,1.0901530056738453,0.961635891251694,1.143644622473404
2013-000031410 Flinders Resources Limited-f1-02110081_1-2-1,2013-10-11,PEA,1.0314,1.0367739519682055,0.9978464038783622,1.0893411300282836,0.9589188557885189,1.1419083080883619
2013-000003556 Arianne Phosphate Inc-f1-02134296_1-1-1,2013-10-15,FS,1.05,1.037991972737978,0.9990186918613496,1.0906209076685525,0.9600454109847212,1.1432498425991267
2013-000026016 Quest Rare Minerals Ltd-f1-02144994_1-1-1,2013-10-23,PFS,1.05,1.0381384450338798,0.9971202314160952,1.0958312517993916,0.9561020177983106,1.1535240585649034
2013-000018439 Endeavour Mining Corporation-f1-02143581_3-1-1,2013-10-31,FS,1.0,1.0405927274210975,0.9994775418823528,1.0984219268230548,0.9583623563436082,1.1562511262250121
2013-000022850 Alexco Resource Corp-f1-02146314_2-1-1,2013-11-15,,1.0417,1.0456228302656603,1.0062296333517453,1.1088143616360453,0.9668364364378305,1.1720058930064305
2014-000024639 Carlisle Goldfields Limited-f1-02156870_1-1-1,2013-12-02,PEA,1.0204,1.0498236510981083,1.0091165781028033,1.1134701460212255,0.9684095051074981,1.1771166409443428
2013-000030431 Northern Graphite Corporation-f1-02144783_1-1-1,2013-12-06,PEA,1.05,1.0494398869692667,1.0109037990785792,1.1222257888196676,0.9723677111878914,1.1950116906700687
2014-000026380 Confederation Minerals Ltd-f1-02290902_1-1-1,2013-12-17,PEA,1.01,1.0521316558123401,1.013496724489069,1.1251042504168938,0.9748617931657979,1.1980768450214474
2014-000025546 Argonaut Gold Inc-f1-02160128_1-1-1,2013-12-17,PFS,1.05,1.0521316558123401,1.013496724489069,1.1251042504168938,0.9748617931657979,1.1980768450214474
2014-000004818 New Gold Inc-f1-02156614_1-1-1,2014-01-14,FS,1.0526,1.0528757907680886,1.0129216168807753,1.1262798431636512,0.9729674429934623,1.1996838955592135
2014-000004818 New Gold Inc-f1-02164189_2-1-1,2014-01-16,FS,1.05,1.0527304275444822,1.010889844729781,1.1302425663637976,0.9690492619150797,1.207754705183113
2014-000010711 DNI Metals Inc-f1-02155474_1-1-1,2014-01-17,PEA,1.05,1.0547776476266557,1.0128556984154422,1.1324405224777712,0.9709337492042287,1.2101033973288864
2014-000024639 Carlisle Goldfields Limited-f1-02197097_2-1-1,2014-02-27,PEA,1.1111,1.0654078202625434,1.0139528006687057,1.149798395829378,0.9624977810748679,1.2341889713962124
2014-000004261 Integra Gold Corp-f1-02199292_1-1-1,2014-02-28,,1.05,1.065197032681002,1.0137521933007239,1.1495709118382644,0.9623073539204459,1.2339447909955266
2014-000004686 Clifton Star Resources Inc-f1-02213823_1-1-1,2014-03-26,PFS,1.0526,1.070589264706221,1.018884001665411,1.1553902606496977,0.9671787386246011,1.2401912565931745
2014-000019932 New Millennium Iron Corp-f1-02207608_1-1-1,2014-03-27,FS,1.0,1.0703601120452049,1.0186659161792724,1.1551429568876779,0.9669717203133398,1.2399258017301509
2014-000002470 Fortune Minerals Limited-f1-02205231_1-1-1,2014-04-02,FS,1.1364,1.0712499632522516,1.0195127910626773,1.1561032928932247,0.9677756188731028,1.2409566225341975
2014-000003447 Orex Exploration Inc-f1-02197031_1-1-1,2014-04-22,,1.1111,1.0751576137979408,1.0222143195019917,1.1607594259565992,0.9692710252060428,1.2463612381152576
2014-000009674 Mustang Minerals Corp-f1-02213716_1-1-1,2014-04-30,PEA,1.111,1.0764810876854203,1.0234726224167519,1.1621882720812826,0.9704641571480835,1.2478954564771452
2014-000019932 New Millennium Iron Corp-f1-02207618_2-1-1,2014-05-01,FS,1.1111,1.0769112430690517,1.0221178599900507,1.163861090902248,0.9673244769110497,1.250810938735444
2014-000004087 Gold Bullion Development Corp-f1-02225064_1-1-1,2014-05-06,PFS,1.1111,1.0774028492217733,1.0225844531582544,1.164392389351292,0.9677660570947355,1.2513819294808108
2014-000027813 Nemaska Lithium Inc-f1-02228857_1-1-1,2014-05-13,FS,1.1111,1.0772995037454454,1.022486365913104,1.164280699757936,0.967673228080763,1.251261895770427
2014-000008301 Trevali Mining Corporation-f1-02208589_1-2-1,2014-05-13,,1.0526,1.0772995037454454,1.022486365913104,1.164280699757936,0.967673228080763,1.251261895770427
2014-000028675 Discovery Ventures Inc-f1-02215154_1-1-1,2014-05-26,,1.1,1.079122951687648,1.0221504053693455,1.1674647512072622,0.9651778590510431,1.2558065507268763
2014-000031007 Lexam VG Gold Inc-f1-02221767_1-1-1,2014-06-05,PEA,1.1111,1.0802708148236377,1.022347271473917,1.1671130095079794,0.9644237281241962,1.2539552041923208
2014-000030613 Pretium Resources Inc-f1-02230004_2-1-1,2014-06-19,,1.087,1.0825205380730407,1.0226326095984586,1.1706345122536579,0.9627446811238765,1.2587484864342753
2014-000011411 Focus Graphite Inc-f1-02242397_1-1-1,2014-06-25,FS,1.0989,1.082767812318573,1.0228662039720537,1.170901913892362,0.9629645956255344,1.2590360154661508
2014-000034782 Minco Plc-f1-02235323_1-1-1,2014-07-10,PEA,1.1053,1.083534449378844,1.0184832325835773,1.1815571437861394,0.9534320157883107,1.2795798381934347
2014-000027138 Golden Predator Mining Corp. ( Northern Tiger Resources Inc.)-f1-02281138_1-1-1,2014-07-22,PEA,1.09,1.083613180242488,1.0174205780431045,1.1825237021999606,0.9512279758437212,1.2814342241574332
2014-000014472 ATAC Resources Ltd-f1-02257788_1-1-1,2014-07-23,PEA,1.087,1.0838059905208008,1.01760161048936,1.1827341118999255,0.9513972304579188,1.28166223327905
2014-000029214 IDM Mining Ltd. (Formerly Revolution Resources Corp.)-f1-02257635_1-1-1,2014-07-23,,1.0526,1.0838059905208008,1.01760161048936,1.1827341118999255,0.9513972304579188,1.28166223327905
2014-000008483 Alacer Gold Corp-f1-02237181_1-1-1,2014-07-29,FS,1.04,1.0843952540735,1.0181548788284112,1.1833771625111715,0.9519145035833224,1.2823590709488433
2014-000030615 Coalspur Mines Limited-f1-02240432_2-1-1,2014-07-31,FS,1.1111,1.0843060046554285,1.0180710812185445,1.1832797665453403,0.9518361577816605,1.2822535284352523
"2014-000021638 Coeur Mining, Inc-f1-02257688_2-1-1",2014-08-29,FS,1.08,1.085676226837798,1.011587066867539,1.196391632338016,0.9374979068972802,1.307107037838234
2014-000031351 Monarques Resources Inc-f1-02268601_1-1-1,2014-10-07,,1.12,1.0961985085958759,1.0173022675859942,1.2100986231288773,0.9384060265761125,1.323998737661879
2014-000005672 Atlantic Gold Corporation (previously Spur Ventures Inc.)-f1-02268435_1-1-1,2014-10-14,PEA,1.1111,1.0965354383952868,1.017614947676571,1.210470561498763,0.9386944569578554,1.3244056846022392
2014-000024867 Claim Post Resources Inc-f1-02293444_2-1-1,2014-11-01,PEA,1.0,1.1014862781415948,1.0276068116333827,1.2359958802211344,0.9537273451251708,1.370505482300674
2014-000022850 Alexco Resource Corp-f1-02296485_1-1-1,2014-11-15,,1.1236,1.1023324131142034,1.0283961941964417,1.236945342199017,0.95445997527868,1.3715582712838308
2014-000032549 Lamêlée Iron Ore Ltd-f1-02294795_1-1-1,2014-11-25,PEA,1.1111,1.1031465673686136,1.0291557410688403,1.237858918086693,0.9551649147690673,1.3725712688047722
2015-000031701 Aurvista Gold Corporation-f1-02301905_1-1-1,2014-12-09,PEA,1.0526,1.1085100995742425,1.0328704854661837,1.242031302385248,0.957230871358125,1.3755525051962534
2015-000003348 SilverCrest Mines Inc-f1-02330093_1-1-1,2014-12-31,PFS,1.0,1.1209904762299316,1.0427996611788666,1.256397423202729,0.9646088461278015,1.3918043701755265
2015-000024464 Wellgreen Platinum Ltd-f1-02304935_1-2-1,2015-02-02,PEA,1.1111,1.1281324489852282,1.0470400748909516,1.2647128929317222,0.9659477007966748,1.4012933368782161
2015-000020738 Centerra Gold Inc-f1-02322271_1-1-1,2015-02-05,PEA,1.0526,1.127949941697404,1.0468706865850983,1.2645082898993627,0.9657914314727927,1.4010666381013217
2015-000029300 Rathdowney Resources Ltd-f1-02337292_2-2-1,2015-02-11,,1.14,1.1275029850741602,1.0440906673779728,1.2636940267889891,0.9606783496817854,1.399885068503818
2015-000000834 Agnico Eagle Mines Limited-f1-02319129_1-1-1,2015-02-11,FS,1.03,1.1275029850741602,1.0440906673779728,1.2636940267889891,0.9606783496817854,1.399885068503818
2015-000026555 Century Iron Mines Corporation-f1-02335584_1-1-1,2015-03-02,FS,1.25,1.1302704863376214,1.0434335742195828,1.2632078925008128,0.9565966621015445,1.3961452986640044
2015-000010633 Adriana Resources Inc-f1-02338952_1-1-1,2015-03-25,FS,1.1421,1.1306438891477577,1.0435553262614514,1.2623926727357215,0.9564667633751449,1.3941414563236851
2015-000025037 Eagle Hill Exploration Corporation-f1-02362821_1-1-1,2015-04-28,,1.1628,1.143571101259816,1.051840279786327,1.2741998938906864,0.960109458312838,1.404828686521557
2015-000027965 Ecuador Gold and Copper Corp-f1-02358631_1-1-1,2015-05-19,PEA,1.1048,1.1531577763704501,1.0592735165702973,1.2859071734067975,0.9653892567701448,1.4186565704431449
2015-000005733 Sabina Gold & Silver Corp-f1-02366270_1-1-1,2015-05-20,FS,1.1494,1.1543826968043238,1.060398710192624,1.287273104422524,0.966414723580924,1.4201635120407243
2015-000037240 TMAC Resources Inc-f1-02359475_1-1-1,2015-05-28,,1.1765,1.155782605871608,1.0616846457609967,1.2888341684404971,0.9675866856503856,1.4218857310093864
2015-000026119 B2Gold Corp-f1-02375336_2-1-1,2015-06-30,FS,1.25,1.1680157142857144,1.068648295296927,1.2956489957790849,0.9692808763081395,1.4232822772724556
2015-000005672 Atlantic Gold Corporation (previously Spur Ventures Inc.)-f1-02383572_3-1-1,2015-07-02,FS,1.25,1.1694409329446065,1.069952265330568,1.2972299532110563,0.9704635977165296,1.4250189734775058
2015-000026672 Western Potash Corp-f1-02384196_1-1-1,2015-07-02,,1.22,1.1694409329446065,1.069952265330568,1.2972299532110563,0.9704635977165296,1.4250189734775058
2015-000030647 Zenyatta Ventures Ltd-f1-02372294_1-1-1,2015-07-09,PEA,1.2195,1.170309637650979,1.0705727132459952,1.29710464105908,0.9708357888410116,1.4238996444671812
2015-000000162 Gowest Gold Ltd-f1-02372897_1-1-1,2015-07-15,,1.25,1.1702972818298498,1.0705614104210632,1.2970909465696774,0.9708255390122768,1.423884611309505
2015-000024152 Premier Gold Mines Limited-f1-02374821_2-1-1,2015-07-15,FS,1.1,1.1702972818298498,1.0705614104210632,1.2970909465696774,0.9708255390122768,1.423884611309505
2015-000024909 Rambler Metals and Mining plc-f1-02396630_1-1-1,2015-07-20,,1.1364,1.1728913152885359,1.0710942547508193,1.297854097938898,0.9692971942131028,1.4228168805892598
2015-000025718 First Bauxite Corporation-f1-02378841_1-1-1,2015-08-04,FS,1.248,1.1725929317583268,1.068748443747713,1.29204394764605,0.9649039557370991,1.411494963533773
2015-000005733 Sabina Gold & Silver Corp-f1-02409333_2-1-1,2015-09-14,FS,1.0,1.1828364340184014,1.0739258199576471,1.2973046613699593,0.9650152058968926,1.4117728887215168
2015-000010461 Rockex Mining Corporation ( Enviropave International Ltd.)-f1-02407947_1-1-1,2015-10-26,PEA,1.1765,1.2163246713014375,1.1000706121956423,1.324002716407078,0.9838165530898471,1.4316807615127185
2016-000002429 Radisson Mining Resources Inc-f1-02439942_1-2-1,2015-11-29,,1.25,1.2257458721885486,1.1083631113472374,1.3311493487519581,0.9909803505059263,1.4365528253153674
2016-000016002 Gold Reach Resources Ltd-f1-02457915_1-1-1,2016-01-01,PEA,1.25,1.2388217912650306,1.1193407397309634,1.3397135406822336,0.9998596881968961,1.4406052900994364
2016-000022947 Kaminak Gold Corporation-f1-02434651_1-2-1,2016-01-06,FS,1.1494,1.2391125233505111,1.1175894720493842,1.3380383865772416,0.996066420748257,1.436964249803972
2016-000023396 Plateau Uranium Inc-f1-02438046_1-2-1,2016-01-12,PEA,1.2611,1.2394447885910602,1.1178891511566225,1.3383971785658642,0.9963335137221848,1.437349568540668
2016-000002894 Abacus Mining & Exploration Corporation-f1-02446208_1-1-1,2016-02-19,FS,1.2,1.2469121126558655,1.1234591366887952,1.3383798249969328,1.0000061607217248,1.4298475373380002
2016-000037284 Continental Gold Inc-f1-02446260_1-2-1,2016-02-24,,1.3333,1.2492393494270284,1.1229900354251763,1.3396037416087658,0.9967407214233239,1.429968133790503
2016-000023055 Rockhaven Resources Ltd-f1-02450368_2-1-1,2016-02-26,PEA,1.3333,1.2498935422023183,1.1235781148578603,1.3403052557660917,0.9972626875134022,1.4307169693298651
2016-000033407 Benton Resources Inc-f1-02472165_1-1-1,2016-03-07,PEA,1.25,1.2504030958502685,1.1240361725306554,1.3408516682479412,0.9976692492110423,1.431300240645614
2016-000002563 SEMAFO INC-f1-02459263_1-1-1,2016-03-23,FS,1.39,1.2509854428764975,1.122991235318477,1.339458390744163,0.9949970277604566,1.4279313386118286
2016-000022162 Golden Dawn Minerals Inc-f1-02487437_2-1-1,2016-03-24,,1.2048,1.2506286013826635,1.1226709039571048,1.3390763124907323,0.994713206531546,1.4275240235988012
2016-000008288 Denison Mines Corp-f1-02484220_1-1-1,2016-03-31,,1.35,1.25325762358173,1.1248486658770054,1.339347120069838,0.9964397081722809,1.4254366165579457
2016-000029998 Falco Resources Ltd. ( Falco Pacific Resource Group Inc.)-f1-02500830_2-1-1,2016-04-28,,1.3333,1.2659359525486986,1.1321478610449394,1.346645337629955,0.9983597695411799,1.4273547227112116
2016-000014472 ATAC Resources Ltd-f1-02507566_1-1-1,2016-05-31,PEA,1.2821,1.2797779932212425,1.1403223450452256,1.3553132494750841,1.0008666968692086,1.430848505728926
2016-000024066 AQM Copper Inc-f1-02506315_1-1-1,2016-06-01,PFS,1.15,1.2798172303480868,1.1403573065563102,1.3553548024617468,1.0008973827645335,1.4308923745754067
2016-000019932 New Millennium Iron Corp-f1-02509255_1-1-1,2016-06-09,PFS,1.35,1.2798620727787657,1.1390145979610595,1.3533843624782818,0.9981671231433534,1.426906652177798
2016-000009080 Klondex Mines Ltd-f1-02545180_2-1-1,2016-06-30,,1.25,1.2799133212709708,1.1357007926880103,1.3473561936207015,0.9914882641050495,1.4147990659704321
2016-000023243 Peregrine Diamonds Ltd-f1-02520978_2-1-1,2016-07-07,PEA,1.28,1.279336176690633,1.1351886771044843,1.346748637380752,0.9910411775183356,1.4141610980708708
2016-000008335 Gensource Potash Corporation-f1-02494168_2-2-1,2016-07-15,,1.31,1.2828566849013856,1.137059008014138,1.3484900809073672,0.9912613311268905,1.4141234769133488
2016-000000204 GoldQuest Mining Corp-f1-02552025_1-1-1,2016-09-27,,1.28,1.2922370754655268,1.1851856518712247,1.3560055465722727,1.0781342282769228,1.4197740176790183
2016-000032329 Copper North Mining Corp-f1-02557849_2-1-1,2016-10-12,PEA,1.2821,1.2985300583998374,1.1909573119039076,1.3626090715178292,1.083384565407978,1.4266880846358212
2016-000007482 Avalon Advanced Materials Inc-f1-02551917_1-1-1,2016-10-21,PEA,1.3,1.299020066742671,1.1909017532954624,1.3613992845072032,1.0827834398482539,1.4237785022717353
2017-000009025 IAMGOLD Corporation-f1-02583085_1-1-1,2016-12-09,PEA,1.3514,1.302907142857143,1.2068224578404136,1.3607762676700965,1.1107377728236842,1.4186453924830498
2017-000030076 Dalradian Resources Inc-f1-02565362_1-2-1,2016-12-12,,1.3333,1.3037034013605446,1.207559995161795,1.3616078923029795,1.1114165889630452,1.4195123832454146
2017-000003878 Resource Capital Gold Corp-f1-02576168_1-1-1,2016-12-30,,1.33,1.304931914480078,1.2204626959197529,1.3543572635148755,1.135993477359428,1.4037826125496728
2017-000011133 Kirkland Lake Gold Ltd-f1-02604315_1-1-1,2016-12-31,,1.25,1.3048692352392854,1.220404073953084,1.3542922102472705,1.1359389126668826,1.4037151852552554
2017-000011133 Kirkland Lake Gold Ltd-f1-02604315_1-1-4,2016-12-31,,1.25,1.3048692352392854,1.220404073953084,1.3542922102472705,1.1359389126668826,1.4037151852552554
2018-000033313 MGX Minerals Inc-f1-02757379_1-1-1,2016-12-31,PEA,1.2987,1.3048692352392854,1.220404073953084,1.3542922102472705,1.1359389126668826,1.4037151852552554
2017-000022850 Alexco Resource Corp-f1-02603259_1-1-1,2017-01-03,,1.2658,1.3047873684758013,1.2203275064864145,1.3542072427140721,1.1358676444970275,1.4036271169523429
2017-000010750 Geologix Explorations Inc-f1-02587974_1-1-1,2017-01-19,PEA,1.34,1.3049914712332078,1.21922832952558,1.3536732567423146,1.1334651878179522,1.4023550422514217
2017-000010252 Wallbridge Mining Company Limited-f1-02592311_1-1-1,2017-02-02,PFS,1.31,1.304891534159429,1.2196628791736874,1.351916588585174,1.1344342241879461,1.398941643010919
2017-000016221 Bluestone Resources Inc-f1-02597764_1-1-1,2017-02-07,,1.2821,1.3048465152298234,1.219620800643892,1.3518699472850038,1.1343950860579604,1.398893379340184
2017-000026876 Maritime Resources Corp-f1-02611725_1-1-1,2017-03-02,,1.25,1.3051408838984464,1.2209957103880396,1.3510708056972767,1.136850536877633,1.3970007274961067
2017-000035733 Champion Iron Limited-f1-02597268_1-1-1,2017-03-17,FS,1.3158,1.3052631809458617,1.2287518655148797,1.3494284368639962,1.1522405500838975,1.3935936927821306
2017-000005029 Darnley Bay Resources Limited-f1-02636784_2-1-1,2017-04-18,PEA,1.3333,1.305169502039885,1.231914264950331,1.3484756879138433,1.158659027860777,1.3917818737878018
2017-000007875 Skeena Resources Limited-f1-02630480_1-1-1,2017-04-20,PEA,1.2987,1.3050432404265353,1.2317950900214363,1.3483452368761408,1.158546939616337,1.3916472333257464
2017-000022162 Golden Dawn Minerals Inc-f1-02592894_2-12-1,2017-05-05,PEA,1.3158,1.3045289632094885,1.2344744895275006,1.3446834705579986,1.1644200158455127,1.3848379779065085
2017-000008485 Rogue Resources Inc-f1-02648225_1-1-1,2017-05-23,PEA,1.3158,1.3039393756965934,1.2339165634372875,1.344075735041658,1.1638937511779819,1.3842120943867222
2017-000008263 ENCANTO POTASH CORP-f1-02653513_1-1-1,2017-05-24,,1.32,1.303790238891345,1.2337754354234827,1.3439220076791192,1.1637606319556204,1.3840537764668936
2019-000039579 BMC Minerals (No.1) Ltd-f1-02899896_1-1-1,2017-05-31,PFS,1.3333,1.3029943984459516,1.2319130520785246,1.3424930484905742,1.1608317057110977,1.381991698535197
2017-000008335 Gensource Potash Corporation-f1-02649804_2-1-1,2017-05-31,,1.346,1.3029943984459516,1.2319130520785246,1.3424930484905742,1.1608317057110977,1.381991698535197
2019-000039579 BMC Minerals (No.1) Ltd-f1-02904658_4-1-1,2017-05-31,PFS,1.2658,1.3029943984459516,1.2319130520785246,1.3424930484905742,1.1608317057110977,1.381991698535197
2017-000037111 Desert Star Resources Ltd-f1-02654496_1-1-1,2017-06-15,PFS,1.33,1.3029550267953733,1.2318758282421927,1.3424524833375147,1.160796629689012,1.3819499398796558
2017-000029214 IDM Mining Ltd. (Formerly Revolution Resources Corp.)-f1-02659565_2-1-1,2017-06-26,,1.3158,1.3025424666345307,1.2360773199636408,1.3413920427053359,1.1696121732927507,1.380241618776141
2017-000025296 Trek Mining Inc. ( JDL Gold Corp.)-f1-02659560_1-1-1,2017-07-10,FS,1.3671,1.3025697940775032,1.2351261887146257,1.3407623999009854,1.167682583351748,1.378955005724468
2017-000037372 AuRico Metals Inc-f1-02649947_1-1-1,2017-07-14,,1.3333,1.3026669075171464,1.2352182738782194,1.340862360800579,1.1677696402392923,1.3790578140840115
2017-000032993 NexGen Energy Ltd-f1-02654239_2-2-1,2017-07-31,,1.25,1.302590455369248,1.24984890024675,1.3379307566290444,1.1971073451242522,1.3732710578888405
2017-000043356 Titan Mining Corporation-f1-02662712_1-2-1,2017-08-17,,1.2821,1.3019701881514956,1.2492537474903553,1.3372936610749209,1.1965373068292149,1.3726171339983464
2017-000029998 Falco Resources Ltd. ( Falco Pacific Resource Group Inc.)-f1-02687669_1-1-1,2017-10-05,,1.2821,1.2976076459264043,1.24621788555187,1.3308220144960123,1.1948281251773354,1.3640363830656204
2017-000024726 Critical Elements Corporation-f1-02684870_1-1-1,2017-10-20,FS,1.3333,1.2962368065609147,1.2449013361766756,1.3294160862775262,1.1935658657924364,1.3625953659941377
2017-000032328 NorthIsle Copper and Gold Inc-f1-02686281_2-1-1,2017-10-24,PEA,1.3,1.2961825408315215,1.244849219558255,1.3293604315289311,1.1935158982849887,1.3625383222263407
2018-000002881 Minnova Corp-f1-02767575_1-1-1,2017-10-31,FS,1.25,1.296120522855072,1.2447896577086315,1.329296826101965,1.193458792562191,1.3624731293488583
2018-000027813 Nemaska Lithium Inc-f1-02732187_1-1-1,2017-11-07,FS,1.3,1.2960496451677017,1.2439935399792017,1.3285985783239347,1.1919374347907015,1.3611475114801679
2018-000037377 Alamos Gold Inc-f1-02721540_1-1-1,2017-12-01,FS,1.3333,1.2951518355355063,1.2473016082857875,1.3260978536357342,1.1994513810360687,1.357043871735962
2017-000004947 Yorbeau Resources Inc-f1-02711026_2-1-1,2017-12-06,,1.25,1.294287792055686,1.246469487454516,1.3252131649277388,1.1986511828533457,1.3561385377997917
2018-000044644 Tacora Resources Inc-f1-02725992_1-1-1,2017-12-22,FS,1.2886,1.294306048063641,1.2512065117256677,1.3256733311831643,1.2081069753876943,1.3570406143026879
2018-000007625 Anaconda Mining Inc-f1-02737080_2-1-1,2018-01-17,PEA,1.34,1.2919522393792617,1.2488820410850534,1.3233446485015081,1.205811842790845,1.3547370576237545
2018-000005247 Deep-South Resources Inc-f1-02736873_2-1-1,2018-03-02,PEA,1.25,1.2901246056256086,1.2498756412627623,1.3195182458429278,1.2096266768999158,1.348911886060247
2018-000008434 FRONTIER LITHIUM INC-f1-02757384_1-1-1,2018-03-02,PFS,1.25,1.2901246056256086,1.2498756412627623,1.3195182458429278,1.2096266768999158,1.348911886060247
2018-000004884 Nevsun Resources Ltd-f1-02771114_1-1-1,2018-03-08,,1.29,1.2902146751915127,1.2499629008623014,1.3196103675148092,1.2097111265330902,1.3490060598381057
2018-000031738 Algold Resources Ltd-f1-02793543_2-1-1,2018-03-09,PEA,1.2775,1.2902710573617289,1.250017524036565,1.3196680342719704,1.209763990711401,1.3490650111822122
2018-000034271 Canadian Metals Inc-f1-02782390_2-1-1,2018-03-22,PFS,1.33,1.2903354941276903,1.2500755880995087,1.319741309185719,1.2098156820713268,1.349147124243748
2018-000000171 Harte Gold Corp-f1-02783582_2-1-1,2018-03-31,,1.25,1.2906608331866487,1.250390776217103,1.3200740624871303,1.210120719247557,1.349487291787612
2018-000000523 Star Diamond Corporation-f1-02780481_1-1-1,2018-04-16,PEA,1.25,1.2910388656953684,1.2501174658317058,1.320016664882706,1.209196065968043,1.348994464070044
2020-000008434 FRONTIER LITHIUM INC-f1-03031838_1-1-1,2018-04-16,PFS,1.25,1.2910388656953684,1.2501174658317058,1.320016664882706,1.209196065968043,1.348994464070044
2018-000031889 Callinex Mines Inc-f1-02792445_2-1-1,2018-05-14,PEA,1.2987,1.292083870450963,1.2611655760596583,1.3236783916463815,1.2302472816683534,1.3552729128418
2018-000030782 Marathon Gold Corporation-f1-02777286_2-1-1,2018-05-28,PEA,1.2658,1.2921058519439577,1.261187031557176,1.3237009106391175,1.2302682111703944,1.3552959693342777
2018-000023055 Rockhaven Resources Ltd-f1-02802389_1-1-1,2018-06-05,PEA,1.33,1.29236138891356,1.2616791426907787,1.3235098636915308,1.2309968964679978,1.3546583384695015
2018-000024140 Highland Copper Company Inc-f1-02801230_1-1-1,2018-06-14,,1.2821,1.2923434920916874,1.2616616707614325,1.3234915355207264,1.2309798494311777,1.3546395789497652
2018-000004884 Nevsun Resources Ltd-f1-02803204_2-1-1,2018-06-19,,1.29,1.2925505808975053,1.2618638430247224,1.3237036155778306,1.2311771051519396,1.3548566502581558
2018-000034095 Nouveau Monde Graphite Inc. (auparavant Nouveau Monde Mining Enterprises Inc.)-f1-02855650_2-1-1,2018-07-10,FS,1.307,1.2927841136051552,1.2610099952950828,1.3263864657061217,1.2292358769850105,1.3599888178070882
2018-000033780 Osisko Mining Inc. ( Oban Mining Corporation)-f1-02801521_3-1-1,2018-07-12,,1.28,1.2928875584058914,1.2606907227215136,1.3294863091568372,1.2284938870371358,1.3660850599077827
2018-000007482 Avalon Advanced Materials Inc-f1-02820730_1-1-1,2018-07-24,PEA,1.3,1.2935165123202694,1.2613040137689218,1.330133067347694,1.2290915152175743,1.366749622375119
2018-000027103 Lithium Americas Corp-f1-02802223_2-1-1,2018-08-01,PFS,1.3029,1.2936187882378072,1.2614037427047904,1.3302382384673626,1.2291886971717738,1.366857688696918
2018-000007482 Avalon Advanced Materials Inc-f1-02826804_2-1-1,2018-08-21,PEA,1.3,1.2952555191273443,1.2629997140130576,1.3319213015421567,1.2307439088987706,1.3685870839569692
2018-000017006 Aquila Resources Inc-f1-02820553_2-1-1,2018-08-30,FS,1.33,1.296433948671212,1.263059155743346,1.3348336844620734,1.22968436281548,1.3732334202529348
2018-000009025 IAMGOLD Corporation-f1-02832861_5-1-1,2018-08-30,FS,1.25,1.296433948671212,1.263059155743346,1.3348336844620734,1.22968436281548,1.3732334202529348
2018-000016084 Velocity Minerals Ltd-f1-02822887_2-2-1,2018-09-10,PEA,1.3333,1.2972382186726037,1.2638427209916863,1.335661776545253,1.2304472233107688,1.374085334417902
2018-000005206 Alderon Iron Ore Corp-f1-02825375_1-2-1,2018-09-26,FS,1.2987,1.2983900420680505,1.263940383377912,1.3357552320519566,1.229490724687773,1.3731204220358624
2018-000008403 Desert Lion Energy Inc-f1-02846696_1-1-1,2018-10-01,PEA,1.38,1.2995001241065496,1.2650210120579397,1.3368972601351126,1.23054190000933,1.3742943961636758
2018-000026264 Ascendant Resources Inc-f1-02854966_2-1-1,2018-10-22,,1.3,1.3010747856439904,1.2668203433187655,1.339130034890321,1.2325659009935408,1.3771852841366516
2018-000031788 Horizonte Minerals PLC-f1-02855919_3-1-1,2018-11-01,FS,1.25,1.3023183027110463,1.2680311213118465,1.34040992369592,1.2337439399126464,1.3785015446807938
2018-000009025 IAMGOLD Corporation-f1-02846935_7-1-1,2018-11-01,FS,1.3,1.3023183027110463,1.2680311213118465,1.34040992369592,1.2337439399126464,1.3785015446807938
2018-000029072 Colonial Coal International Corp-f1-02859799_3-1-1,2018-11-12,,1.3,1.302713701500142,1.2685654794105437,1.3408011756486726,1.234417257320945,1.3788886497972035
2019-000031511 International Lithium Corp-f1-02865871_1-1-1,2018-11-14,,1.3,1.3029468799557828,1.2687925455257059,1.3410411715488457,1.2346382110956287,1.3791354631419086
2018-000002899 NGEx Resources Inc-f1-02858390_2-1-1,2018-11-20,PFS,1.3,1.3028997675685137,1.26864688165576,1.3410145509927733,1.2343939957430061,1.379129334417033
2018-000031351 Monarques Gold Corporation ( know as MONARQUES RESOURCES INC.)-f1-02853662_4-1-1,2018-12-01,,1.3158,1.302845924840206,1.2680256101444118,1.3394661472229463,1.2332052954486175,1.3760863696056864
2018-000031521 Mason Graphite Inc-f1-02856062_1-1-1,2018-12-05,FS,1.3099,1.3027853426745213,1.2679666471188218,1.339403862221694,1.233147951563122,1.3760223817688668
2019-000039553 Filo Mining Corp-f1-02877026_1-1-1,2019-01-13,PFS,1.3,1.3062128571428566,1.270604433049381,1.3424736937110502,1.2349960089559058,1.3787345302792435
2019-000007910 ABCOURT MINES INC-f1-02872804_2-1-1,2019-01-15,FS,1.25,1.3062808843537412,1.270670605783209,1.3425436093764562,1.2350603272126763,1.3788063343991712
2019-000043028 Euro Manganese Inc-f1-02886256_2-1-1,2019-01-29,PEA,1.31,1.3063522435096484,1.2712528749700014,1.342229332387258,1.2361535064303544,1.3781064212648677
2019-000016221 Bluestone Resources Inc-f1-02873902_1-1-1,2019-01-29,,1.28,1.3063522435096484,1.2712528749700014,1.342229332387258,1.2361535064303544,1.3781064212648677
2019-000023296 Pure Gold Mining Inc-f1-02888277_1-1-1,2019-02-05,,1.3333,1.306344944963408,1.2712457725227575,1.3422218333969234,1.2361466000821073,1.3780987218304388
2019-000037742 SilverCrest Metals Inc-f1-02917144_2-2-1,2019-02-08,,1.3333,1.3064076241758673,1.2711993843092901,1.342301877733621,1.2359911444427132,1.378196131291375
2019-000000171 Harte Gold Corp-f1-02911334_1-1-1,2019-02-14,,1.2987,1.3064082371533723,1.2711999807667913,1.3423025075530135,1.2359917243802103,1.3781967779526547
2019-000000187 Canarc Resource Corp-f1-02903000_1-1-1,2019-02-28,,1.3,1.3064089376990924,1.2712634528990507,1.3422653771609039,1.2361179680990089,1.3781218166227152
2019-000034463 Fission Uranium Corp-f1-02926146_1-1-1,2019-04-15,PFS,1.3333,1.3062762630741616,1.2713822585444379,1.3417935738180515,1.2364882540147144,1.3773108845619413
2020-000024599 Sama Resources Inc-f1-_1-Ressources Sama Inc__-03067250 -1-,2019-05-22,PEA,1.3298,1.3061764572533219,1.2715033212344073,1.34246871891243,1.2368301852154926,1.378760980571538
2019-000024867 Canadian Premium Sand Inc-f1-02929984_1-1-1,2019-05-28,PFS,1.3333,1.3061964273371298,1.2717993564101973,1.3418909330061608,1.237402285483265,1.3775854386751916
2019-000008697 SRG Mining Inc-f1-02952958_1-1-1,2019-06-18,FS,1.3198,1.307150927598966,1.2728973570408595,1.3428416626859994,1.238643786482753,1.3785323977730326
2019-000012543 Standard Lithium Ltd-f1-02946539_2-1-1,2019-08-01,,1.3,1.3091988009229212,1.2748282824256036,1.3441566719746851,1.240457763928286,1.379114543026449
2019-000023397 Lydian International Limited-f1-02975570_1-1-1,2019-09-16,FS,1.33,1.3120698287032744,1.2770651750616508,1.3465609793800637,1.242060521420027,1.3810521300568528
2019-000024140 Highland Copper Company Inc-f1-02983645_1-1-1,2019-09-22,,1.2821,1.3139147374338012,1.2788608635527514,1.3484543863106233,1.2438069896717017,1.3829940351874455
2019-000009365 Rubicon Minerals Corporation-f1-02969144_2-1-1,2019-09-23,,1.2987,1.3141430332576773,1.2790830686823156,1.3486886834809888,1.244023104106954,1.3832343337043
2019-000002563 SEMAFO INC-f1-02986356_1-1-1,2019-09-30,PEA,1.3298,1.3146891808659171,1.2794031369756889,1.3491635200633718,1.2441170930854606,1.3836378592608267
2019-000020308 Erdene Resource Development Corporation-f1-02997666_2-1-1,2019-10-15,PFS,1.32,1.315313349561048,1.280129715678819,1.3489746555900384,1.24494608179659,1.382635961619029
2019-000031788 Horizonte Minerals PLC-f1-02984697_2-1-1,2019-10-31,PFS,1.34,1.3163252811121586,1.281114578828913,1.3500124843447574,1.2459038765456678,1.3836996875773562
2020-000009025 IAMGOLD Corporation-f1-03016840_2-1-1,2019-11-06,FS,1.25,1.315911749842467,1.2807246560508934,1.3503808428076618,1.2455375622593197,1.3848499357728565
2019-000006065 Victoria Gold Corp-f1-02998460_1-1-1,2019-12-04,FS,1.3333,1.3170295781689059,1.282398661588692,1.3510448682298954,1.247767745008478,1.385060158290885
2020-000009025 IAMGOLD Corporation-f1-03017893_3-1-1,2019-12-31,FS,1.2987,1.3170611470677875,1.2826098235432917,1.3509769841217232,1.2481585000187956,1.384892821175659
2020-000003212 Taseko Mines Limited-f1-03007907_1-2-1,2019-12-31,PFS,1.25,1.3170611470677875,1.2826098235432917,1.3509769841217232,1.2481585000187956,1.384892821175659
2020-000047809 Jervois Mining Limited-f1-03135491_1-1-1,2020-01-20,,1.3339,1.3171610326804966,1.2829709997165493,1.35087686774606,1.2487809667526022,1.3845927028116238
2020-000025074 Vanadium One Iron Corp-f1-03042911_1-1-1,2020-02-27,PEA,1.3158,1.3179542635621198,1.284440806805379,1.350740162920242,1.2509273500486382,1.3835260622783643
2020-000005837 KORE Mining Ltd-f1-03060233_1-1-1,2020-04-06,PEA,1.33,1.319456197608609,1.2856996737829802,1.351731467360824,1.2519431499573515,1.3840067371130391
2020-000004132 Ascot Resources Ltd-f1-03061954_2-1-1,2020-05-22,,1.3158,1.3208224468339136,1.2860363906942878,1.3528019588511622,1.251250334554662,1.384781470868411
2020-000021551 ScoZinc Mining Ltd-f1-03088581_2-1-1,2020-07-06,PFS,1.41,1.3222470162143687,1.2856329352422944,1.3538707227616158,1.2490188542702199,1.385494429308863
2020-000023055 Rockhaven Resources Ltd-f1-03086606_1-1-1,2020-07-10,PEA,1.25,1.3222418280545167,1.285627890746752,1.3538654105184096,1.249013953438987,1.3854889929823024
2020-000046596 Blue Lagoon Resources Inc-f1-03083518_1-1-1,2020-07-13,,1.4085,1.322566977752698,1.2859440367888604,1.354198336705033,1.249321095825023,1.385829695657368
2020-000030562 Teranga Gold Corporation-f1-03100145_1-1-1,2020-07-26,PFS,1.4085,1.322607498384036,1.2854081966580317,1.3551193255817613,1.2482088949320274,1.3876311527794865
2020-000033050 Trilogy Metals Inc. ( NovaCopper Inc.)-f1-03119913_1-1-1,2020-08-20,FS,1.32,1.3226661386939882,1.2868918480920848,1.3552854218484784,1.2511175574901812,1.3879047050029685
2020-000016084 Velocity Minerals Ltd-f1-03108368_1-2-1,2020-08-30,PFS,1.3333,1.3221748052968607,1.2864138038411876,1.3547819713019544,1.2506528023855148,1.3873891373070482
2020-000005620 Troilus Gold Corp-f1-03122905_2-1-1,2020-08-31,PEA,1.25,1.3220369203392692,1.2862796482725918,1.3546406858577678,1.2505223762059146,1.3872444513762665
2020-000002899 Josemaria Resources Inc-f1-03131257_1-1-1,2020-09-28,FS,1.31,1.3214754846146854,1.2855632602764704,1.3542996188966652,1.2496510359382553,1.3871237531786447
2020-000037125 Paramount Gold Nevada Corp-f1-03128464_1-1-1,2020-10-01,,1.3333,1.3213755816600887,1.2854660722699445,1.3541972344522224,1.2495565628798002,1.3870188872443558
2020-000005466 Niobay Metals Inc. ( MDN INC.)-f1-03143344_2-1-1,2020-10-13,PEA,1.3,1.3212563428011583,1.2847902264285707,1.3539518378950084,1.248324110055983,1.3866473329888587
2021-000008433 Metallum Resources Inc-f1-03288400_1-1-1,2020-10-15,,1.246,1.3212610584394189,1.2847948119172092,1.3539566702253314,1.2483285653949996,1.386652282011244
"2020-000011551 Sandfire Resources America Inc. (, Tintina Resources Inc.)-f1-03149838_1-1-1",2020-10-19,,1.34,1.3212664477402885,1.2848000524756538,1.3539621928885581,1.248333657211019,1.386657938036828
2020-000008288 Denison Mines Corp-f1-03156782_1-1-1,2020-10-30,,1.33,1.3212118234248982,1.2852502121799703,1.3543216322669211,1.2492886009350426,1.387431441108944
2020-000011471 E3 Metals Corp-f1-03153845_1-2-1,2020-11-16,,1.35,1.3211341899435147,1.2851746917776765,1.3542420532763597,1.2492151936118383,1.387349916609205
2021-000000760 O3 Mining Inc-f1-03165344_1-1-1,2020-11-25,PEA,1.3333,1.3208660658726714,1.284868751371392,1.3539435252515954,1.2488714368701126,1.3870209846305197
2020-000009365 Battle North Gold Corporation-f1-03147674_2-1-1,2020-12-01,,1.3158,1.320558868463012,1.2845699259549688,1.3536286349273385,1.2485809834469255,1.3866984013916652
2021-000031923 Rokmaster Resources Corp-f1-03163135_1-1-1,2020-12-08,,1.2987,1.3202155891827427,1.28423600200037,1.3532767591612165,1.2482564148179975,1.3863379291396902
2021-000025889 Labrador Iron Mines Holdings Limited-f1-03198968_1-2-1,2020-12-31,PEA,1.33,1.3196106368065368,1.2836475362775102,1.352656657415845,1.2476844357484835,1.3857026780251531
2021-000037742 SilverCrest Metals Inc-f1-03169049_1-1-1,2021-01-04,,1.325,1.3196550134931846,1.283647193999557,1.3519602521723035,1.2476393745059295,1.3842654908514225
2021-000031522 Rockcliff Metals Corporation-f1-03163342_1-1-1,2021-01-12,,1.2987,1.3188097008784472,1.282824946400855,1.3510942462509836,1.246840191923263,1.38337879162352
2021-000022404 First Mining Gold Corp-f1-03182996_1-1-1,2021-01-20,PFS,1.3333,1.317892669215929,1.2823312676598828,1.3505833694977978,1.2467698661038367,1.3832740697796664
2021-000030536 Braveheart Resources Inc-f1-03176084_1-1-1,2021-01-21,PEA,1.3333,1.3176916219610617,1.282135645370439,1.3503773352089292,1.246579668779816,1.3830630484567967
2021-000032993 NexGen Energy Ltd-f1-03176807_1-1-1,2021-02-22,,1.3333,1.3153953749300464,1.2791695345200096,1.347772974260268,1.242943694109973,1.3801505735904895
2021-000008335 Gensource Potash Corporation-f1-03190555_1-2-1,2021-02-26,,1.3,1.3152409995558727,1.279019410626246,1.3476147990369336,1.2427978216966193,1.3799885985179945
2021-000000171 Harte Gold Corp-f1-03183790_1-1-1,2021-03-01,,1.3158,1.3153773328257594,1.2791519892932417,1.34775448806135,1.2429266457607242,1.3801316432969406
2021-000005733 Sabina Gold & Silver Corp-f1-03183313_1-1-1,2021-03-03,FS,1.31,1.3155331422770582,1.279303507769808,1.3479141326606827,1.2430738732625577,1.3802951230443072
2021-000050209 1246778 B.C. LTD-f1-03239369_1-1-1,2021-03-31,PEA,1.3158,1.3149888053750318,1.2785782693433463,1.3477200367358027,1.242167733311661,1.3804512680965737
2021-000005999 Roxgold Inc-f1-03229132_2-1-1,2021-03-31,FS,1.2583,1.3149888053750318,1.2785782693433463,1.3477200367358027,1.242167733311661,1.3804512680965737
2021-000030782 Marathon Gold Corporation-f1-03208886_1-1-1,2021-04-23,FS,1.33,1.311873343193606,1.2753932369424215,1.3447388946685292,1.2389131306912369,1.3776044461434525
2021-000008849 Spanish Mountain Gold Ltd-f1-03234471_1-1-1,2021-05-10,PFS,1.3106,1.3117704874593594,1.2752966842728615,1.3446436258904635,1.2388228810863635,1.3775167643215678
2022-000026953 Bonterra Resources Inc-f1-03414517_1-1-1,2021-06-01,PEA,1.33,1.311606271382125,1.2756645965840792,1.3449083698053648,1.2397229217860335,1.3782104682286045
2021-000031410 Leading Edge Materials Corp-f1-03252789_1-1-1,2021-06-09,PEA,1.2775,1.3101895755399917,1.2735295248236849,1.3432558921104996,1.236869474107378,1.3763222086810072
2021-000036937 Probe Metals Inc-f1-03289738_2-1-1,2021-09-07,PEA,1.3333,1.3009561904761904,1.2654899896241498,1.3340472196158581,1.230023788772109,1.3671382487555261
2021-000003151 Northern Dynasty Minerals Ltd-f1-03277351_2-2-1,2021-09-09,PEA,1.3333,1.3010537414965986,1.2655848812436432,1.3341472519370838,1.2301160209906876,1.3672407623775693
2021-000020511 COPPER FOX METALS INC-f1-03296960_3-1-1,2021-09-10,PEA,1.3,1.3012926419547413,1.2658172688832188,1.3343922290502899,1.2303418958116965,1.3674918161458383
2021-000008322 Lomiko Metals Inc-f1-03278476_2-1-1,2021-09-10,PEA,1.33,1.3012926419547413,1.2658172688832188,1.3343922290502899,1.2303418958116965,1.3674918161458383
2021-000026107 Mexican Gold Mining Corp-f1-03280410_1-1-1,2021-09-18,,1.3158,1.301438257472085,1.2659840008769456,1.3345246920322977,1.2305297442818062,1.3676111265925104
2021-000045902 NorZinc Ltd-f1-03299714_1-1-1,2021-10-15,,1.25,1.3011314503594027,1.2653391331068857,1.3329876651311408,1.229546815854369,1.364843879902879
2021-000043280 Steppe Gold Ltd-f1-03313510_2-1-1,2021-10-27,FS,1.3,1.2998159214799148,1.2646802481747068,1.3320222245020297,1.2295445748694989,1.3642285275241448
2022-000042886 Defense Metals Corp-f1-03324683_1-1-1,2021-11-07,PEA,1.3,1.299409148357998,1.2642844706463081,1.3316053725234,1.2291597929346183,1.3638015966888022
2021-000037111 Kutcho Copper Corp. ( Desert Star Resources Ltd.)-f1-03321014_1-1-1,2021-11-08,FS,1.3158,1.298801200453035,1.2636929563444594,1.330982361135889,1.2285847122358842,1.363163521818743
2021-000010721 Global Atomic Corporation-f1-03323043_1-1-1,2021-11-15,,1.28,1.2986304195653735,1.2633937266839408,1.3308241605182596,1.2281570338025083,1.3630179014711457
2021-000012543 Standard Lithium Ltd-f1-03307901_1-1-1,2021-11-20,,1.2436,1.2980991573871055,1.2628768796325118,1.3302797280671506,1.2276546018779184,1.3624602987471957
2021-000042546 Western Resources Corp-f1-03322515_1-1-1,2021-11-30,,1.27,1.2969589871836875,1.261767646504558,1.3291112924360802,1.2265763058254284,1.3612635976884728
"2022-000005465 Clean Air Metals Inc. (, Regency Gold Corp.)-f1-03325993_1-1-1",2021-12-01,,1.3,1.296886937733738,1.2616975520252467,1.3290374568418262,1.2265081663167554,1.3611879759499144
2022-000047725 G Mining Ventures Corp-f1-03336754_1-1-1,2021-12-10,FS,1.3,1.2963578689006474,1.2611828388053496,1.3284952721100918,1.226007808710052,1.3606326753195364
2022-000026913 AYA GOLD & SILVER INC-f1-03363083_2-1-1,2021-12-13,FS,1.3175,1.2961999454102637,1.261029200369009,1.3283334336121253,1.2258584553277538,1.360466921813987
2022-000027890 Loncor Gold Inc-f1-03333595_1-1-1,2021-12-15,PEA,1.3514,1.2964004138022063,1.26122422930485,1.328538871722459,1.2260480448074933,1.360677329642712
2022-000024814 Search Minerals Inc-f1-03411420_2-1-1,2021-12-31,PEA,1.25,1.2958530802066357,1.2607995103963408,1.327977782448954,1.225745940586046,1.3601024846912722
2022-000005617 Galleon Gold Corp-f1-03341096_1-1-1,2022-01-10,,1.3158,1.2956814515250727,1.2606325243691516,1.3278018990255722,1.2255835972132305,1.3599223465260715
"2022-000029882 Allkem Limited,  Orocobre Limited-f1-03325748_1-1-1",2022-01-11,FS,1.33,1.2957068969810357,1.2606572815109218,1.3278279752842925,1.225607666040808,1.3599490535875494
2022-000003818 Sabre Gold Mines Corp. ( Arizona Gold Corp.)-f1-03332175_1-1-1,2022-01-18,PEA,1.2821,1.295735977502136,1.2605778216428682,1.327857963692017,1.2254196657836005,1.359979949881898
2022-000031900 Magna Mining Inc-f1-03352191_1-1-1,2022-01-31,FS,1.2987,1.294585819935459,1.2594588721461175,1.3266792931056242,1.224331924356776,1.3587727662757894
2022-000031522 Rockcliff Metals Corporation-f1-03340402_1-1-1,2022-02-01,,1.25,1.2944547465929055,1.2593313553128271,1.3265449703849779,1.2242079640327488,1.3586351941770503
2022-000016221 Bluestone Resources Inc-f1-03365225_1-1-1,2022-02-22,FS,1.32,1.292120967763553,1.2597355376547386,1.3164149741990314,1.227350107545924,1.3407089806345096
2022-000008072 Spruce Ridge Resources Ltd-f1-03366701_1-1-1,2022-03-09,PEA,1.2987,1.2926930107773935,1.2602932431107916,1.3169977725655104,1.2278934754441897,1.3413025343536271
2022-000013027 Cornerstone Capital Resources Inc-f1-03395605_1-1-1,2022-03-31,PFS,1.33,1.291220649295616,1.2584958300086044,1.3161751204434176,1.2257710107215931,1.3411295915912194
2022-000026555 Century Global Commodities Corporation-f1-03471973_1-1-1,2022-05-06,FS,1.3158,1.2905371895342395,1.2576415292914616,1.3150882665369468,1.2247458690486837,1.3396393435396539
2022-000045813 Dore Copper Mining Corp-f1-03399661_1-1-1,2022-05-09,,1.25,1.2906687388804554,1.2576453004165782,1.3154664348498364,1.224621861952701,1.3402641308192176
2022-000052628 Endeavour Mining plc-f1-03468668_2-1-1,2022-06-01,FS,1.2346,1.2910294183449562,1.2589669644782264,1.3156745461845731,1.2269045106114969,1.34031967402419
2022-000026880 Manganese X Energy Corp-f1-03402726_1-1-1,2022-06-24,PEA,1.25,1.2922865835730888,1.2601707225752175,1.3169761857394817,1.2280548615773463,1.3416657879058747
2022-000024726 Critical Elements Lithium Corporation-f1-03412588_1-1-1,2022-06-28,FS,1.2987,1.2922813336073395,1.2601514710987556,1.3166057048535096,1.2280216085901718,1.3409300760996794
2022-000032247 Tartisan Nickel Corp-f1-03427839_1-1-1,2022-07-06,,1.28,1.2924512656640084,1.2601814603763541,1.3170497035832245,1.2279116550886997,1.3416481415024404
2022-000034095 Nouveau Monde Graphite Inc. (auparavant Nouveau Monde Mining Enterprises Inc.)-f1-03418879_1-1-1,2022-07-06,FS,1.275,1.2924512656640084,1.2601814603763541,1.3170497035832245,1.2279116550886997,1.3416481415024404
2022-000044171 Imperial Mining Group Ltd-f1-03413761_1-1-1,2022-07-26,PEA,1.25,1.2936581962333966,1.2615619069784025,1.3191529212083373,1.2294656177234082,1.3446476461832781
2022-000015420 Osisko Metals Incorporated-f1-03429014_2-1-1,2022-08-01,PEA,1.27,1.2945941408991553,1.2624746304016365,1.3201073109718158,1.2303551199041178,1.3456204810444763
2022-000000760 O3 Mining Inc-f1-03444224_2-1-1,2022-08-24,PFS,1.3,1.2982322386379834,1.2658372552096222,1.3240789469223282,1.233442271781261,1.3499256552066732
2022-000025247 Graphite One Inc-f1-03445554_1-1-1,2022-08-29,PFS,1.282,1.298248272729124,1.2658528891996859,1.3240953002386922,1.2334575056702477,1.3499423277482605
2022-000007875 Skeena Resources Limited-f1-03437510_1-1-1,2022-09-06,FS,1.3158,1.2981018354999512,1.2657101060406177,1.3239459475678657,1.2333183765812843,1.3497900596357804
2022-000003301 Moneta Gold Inc. ( Moneta Porcupine Mines Inc.)-f1-03445560_2-1-1,2022-09-07,PEA,1.2821,1.2977025739047061,1.2646264796640339,1.3234130580557026,1.2315503854233616,1.3491235422066992
2022-000005870 Rock Tech Lithium Inc-f1-03459784_1-1-1,2022-10-01,PFS,1.2987,1.2983417707148932,1.2656875479348857,1.32463355132914,1.233033325154878,1.350925331943387
2024-000021914 Strategic Resources Inc-f1-03508934_1-4-1,2022-11-18,FS,1.3158,1.3084431101021274,1.2735293106902352,1.3359294667305566,1.238615511278343,1.3634158233589857
2023-000030511 Soma Gold Corp-f1-03492401_1-1-1,2022-12-31,,1.3333,1.3126761904761903,1.2777883976277913,1.340257238124664,1.2429006047793922,1.3678382857731377
2023-000005955 NorthWest Copper Corp. ( _Serengeti Resources Inc._)-f1-03493519_1-1-1,2023-01-04,PEA,1.2987,1.313265170068027,1.277659080061547,1.3406911854648502,1.2420529900550674,1.3681172008616738
2023-000031521 Mason Graphite Inc-f1-03504307_1-1-1,2023-01-10,PEA,1.275,1.3133430515063167,1.2777348499281873,1.3407706933663817,1.242126648350058,1.3681983352264468
2023-000008749 CaNickel Mining Limited-f1-03496778_1-1-1,2023-01-13,,1.2987,1.3134320588643618,1.27782144406149,1.34086155953956,1.242210829258618,1.3682910602147584
2023-000034463 Fission Uranium Corp-f1-03499127_1-1-1,2023-01-17,,1.3333,1.3135337815592707,1.2777615272746652,1.3411240982742247,1.2419892729900595,1.3687144149891786
2023-000033050 Trilogy Metals Inc-f1-03491294_1-1-1,2023-01-20,FS,1.3,1.3136500360677381,1.2778746157542895,1.3412427946678975,1.242099195440841,1.3688355532680572
2023-000020073 CERRO DE PASCO RESOURCES INC. ( Genius Properties Ltd.)-f1-03518451_1-1-1,2023-01-31,PEA,1.34,1.314584871152245,1.278783991913547,1.342197265635714,1.2429831126748492,1.369809660119183
2023-000027114 Treasury Metals Inc-f1-03493929_1-2-1,2023-02-22,PFS,1.34,1.3179468915076167,1.2814281913295917,1.345331687801178,1.2449094911515668,1.3727164840947395
2023-000011411 Focus Graphite Inc-f1-03520628_1-1-1,2023-03-06,FS,1.3587,1.318953585141885,1.2824069907116424,1.3463592988944744,1.2458603962813997,1.3737650126470637
2023-000003760 Vision Lithium Inc-f1-03507921_1-1-1,2023-03-23,PEA,1.35,1.3198891157118335,1.283316598871051,1.3473142682705308,1.2467440820302687,1.3747394208292278
2023-000056724 Sayona Inc-f1-03520244_2-1-1,2023-03-27,FS,1.3333,1.319889465575429,1.2833169390403534,1.3473146254037238,1.2467444125052778,1.3747397852320185
2023-000028221 Orezone Gold Corporation-f1-06052603_1-1-1,2023-03-28,FS,1.2987,1.319889865419538,1.2833173278052699,1.347315033555944,1.246744790191002,1.37474020169235
2023-000024396 Cartier Resources Inc-f1-03542281_1-1-1,2023-04-13,,1.2987,1.3200860045498124,1.2833628698549027,1.3476722599154853,1.246639735159993,1.3752585152811583
2023-000023453 Nighthawk Gold Corp-f1-03549092_2-1-1,2023-04-26,PEA,1.35,1.3205006358938018,1.2837659666756551,1.3480955559420016,1.2470312974575084,1.3756904759902016
2023-000023668 McEwen Mining Inc. ( US Gold Corporation)-f1-03551473_1-1-1,2023-05-09,PEA,1.33,1.3222585676824212,1.285474995009776,1.3498902237880215,1.2486914223371306,1.3775218798936215
2023-000008434 FRONTIER LITHIUM INC-f1-03560609_2-1-1,2023-05-31,PFS,1.2987,1.324252176335584,1.2874131439740646,1.3519254935126714,1.2505741116125453,1.3795988106897592
2023-000007910 ABCOURT MINES INC-f1-03561551_4-1-1,2023-06-07,,1.3,1.325046501381274,1.28818537189461,1.3527364178204386,1.2513242424079458,1.3804263342596033
2023-000016002 Surge Copper Corp-f1-06001766_1-1-1,2023-06-12,PEA,1.2987,1.3253660015785989,1.288495983997719,1.3530625947145867,1.2516259664168394,1.3807591878505747
2023-000053370 LithiumBank Resources Corp-f1-03551940_1-1-1,2023-06-16,,1.3514,1.3254801922803032,1.288606998057519,1.353179171695554,1.2517338038347348,1.3808781511108044
2023-000010252 Wallbridge Mining Company Limited-f1-06008227_2-1-1,2023-06-26,PEA,1.3,1.3259618136057394,1.2890752212825698,1.3536708576143779,1.2521886289594004,1.3813799016230164
2023-000009850 New Age Metals Inc-f1-06008684_1-3-1,2023-06-29,PEA,1.35,1.32590254888275,1.289017605229741,1.3536103544177005,1.252132661576732,1.381318159952651
2023-000005156 Grounded Lithium Corp. ( VAR Resources Corp.)-f1-06007626_2-1-1,2023-06-30,,1.33,1.325834817770762,1.288951758312222,1.3535412079072118,1.2520686988536822,1.3812475980436616
2023-000030612 Westhaven Gold Corp-f1-06023256_1-1-1,2023-07-18,,1.3158,1.3262989305132264,1.2894029600210901,1.3540150193606604,1.2525069895289538,1.3817311082080943
2023-000027739 First Phosphate Corp. ( First Potash Corp.)-f1-06025619_1-1-1,2023-07-25,PEA,1.32,1.3262402063008303,1.2893458694425284,1.3539550679697971,1.2524515325842267,1.381669929638764
2023-000031900 Magna Mining Inc-f1-06026590_1-1-1,2023-07-31,PEA,1.3,1.3261730929152342,1.289280623067029,1.3538865520945245,1.2523881532188241,1.3816000112738147
2023-000037377 Alamos Gold Inc-f1-06013025_2-1-1,2023-08-02,FS,1.3333,1.3259227994832574,1.289037292483976,1.3536310282014208,1.2521517854846944,1.3813392569195844
2023-000004553 FPX Nickel Corp. ( First Point Minerals Corp.)-f1-06036640_1-1-1,2023-09-06,PFS,1.3158,1.3255913523071319,1.2887150657520117,1.353292654668672,1.2518387791968915,1.3809939570302123
2023-000022404 First Mining Gold Corp-f1-06037392_1-1-1,2023-09-15,PEA,1.33,1.3257340027105424,1.28885374780036,1.3534382860827465,1.2519734928901778,1.3811425694549506
2023-000024464 Nickel Creek Platinum Corp-f1-06033570_1-1-1,2023-09-20,PFS,1.3333,1.3256560030977629,1.2887779180388452,1.3533586564873528,1.2518998329799274,1.3810613098769429
2023-000010348 GIGA Metals Corporation-f1-06037857_1-1-1,2023-09-22,PFS,1.2987,1.3255668606831574,1.2886912554542562,1.3532676512354742,1.2518156502253552,1.3809684417877908
2023-000029882 Allkem Limited-f1-06035956_4-1-1,2023-09-30,PFS,1.31,1.3256278407807514,1.2887505391621226,1.3533299056534824,1.251873237543494,1.3810319705262137
2023-000048733 Canada Nickel Company Inc-f1-06052768_1-1-1,2023-10-01,FS,1.3158,1.3256975323208589,1.2888182919711126,1.3534010535597778,1.2519390516213664,1.3811045747986967
2023-000047230 Freeman Gold Corp-f1-06058256_1-1-1,2023-10-13,PEA,1.3514,1.325956986608534,1.2890705285663642,1.3536659297458828,1.2521840705241944,1.3813748728832318
2024-000047856 EMP Metals Corp-f1-06084544_1-1-1,2023-10-31,,1.3514,1.3272327457704716,1.2903107977106967,1.354968348851116,1.2533888496509218,1.3827039519317605
2024-000001767 Dundee Precious Metals Inc-f1-4_1-.pdf (b330f2224b9c78dc),2023-11-16,,1.3362,1.3279583484019926,1.2910162149883235,1.3557091146306577,1.2540740815746545,1.3834598808593228
2024-000008955 Volt Lithium Corp-f1-06078013_1-1-1,2023-11-30,,1.3514,1.3296959163020472,1.2927054459316836,1.3574829930374832,1.25571497556132,1.385270069772919
2023-000045726 Cerrado Gold Inc. ( BB1 Acquisition Corp.)-f1-06063543_1-1-1,2023-12-15,FS,1.35,1.331565371148196,1.2945228948919396,1.3593915144736894,1.257480418635683,1.3872176577991826
2024-000005781 Barksdale Resources Corp-f1-06148611_1-1-1,2024-01-02,PEA,1.3333,1.3326244696357492,1.2955525305897355,1.3604727452777994,1.2584805915437216,1.3883210209198495
2024-000005634 Wealth Minerals Ltd-f1-06085436_1-1-1,2024-01-04,,1.3001,1.3327170129170465,1.2956424994331759,1.3605672224653584,1.2585679859493055,1.3884174320136704
2024-000031511 International Lithium Corp-f1-06073310_1-1-1,2024-01-18,PEA,1.35,1.3339802117932567,1.2968705577031547,1.3618568188085947,1.2597609036130528,1.3897334258239329
2024-000056724 Sayona Inc-f1-06085701_1-1-1,2024-01-24,FS,1.333,1.3341511944303885,1.2970367838180659,1.3620313745240524,1.2599223732057432,1.3899115546177163
2024-000004926 AVINO SILVER & GOLD MINES LTD-f1-06096510_1-1-1,2024-02-05,PFS,1.2987,1.3348368675557591,1.2977033823782544,1.3627313763779063,1.2605698972007497,1.3906258852000535
2024-000036937 Probe Gold Inc-f1-06102442_1-1-1,2024-02-13,PEA,1.3514,1.3348445153018196,1.2977108173736247,1.3627391839413385,1.2605771194454296,1.3906338525808577
2024-000007580 Discovery Silver Corp-f1-06085725_1-4-1,2024-02-16,FS,1.3158,1.3348532555830321,1.2977193145111912,1.3627481068709761,1.2605853734393502,1.39064295815892
2024-000048747 Moon River Capital Ltd-f1-1_1-.pdf (67687818f6cf63c6),2024-02-22,,1.3514,1.3347770539996555,1.2976452327601593,1.3626703128789752,1.260513411520663,1.3905635717582951
2024-000008916 Tinka Resources Limited-f1-06113611_1-1-1,2024-02-28,,1.35,1.3346899664757967,1.2975605679018374,1.362581405459546,1.260431169327878,1.3904728444432952
2024-000031900 Magna Mining Inc-f1-06198928_2-1-1,2024-04-15,,1.35,1.3393667172107786,1.3021072173051005,1.367355887735967,1.2648477173994224,1.3953450582611553
2024-000005620 Troilus Gold Corp-f1-1_1-.pdf (eec5103ff2cd9904),2024-05-14,FS,1.3514,1.3409552453158256,1.3036515545533645,1.3689776118159809,1.2663478637909034,1.3969999783161364
2024-000052252 Silver Mountain Resources Inc-f1-06149229_2-1-1,2024-05-15,,1.3497,1.3409174232180863,1.303614784618882,1.3689389993378853,1.2663121460196776,1.3969605754576844
2024-000054671 Aardvark 2 Capital Corp-f1-06206632_1-1-1,2024-05-24,,1.3,1.3408741979635272,1.3035727618366162,1.3688948707914905,1.2662713257097054,1.3969155436194536
2024-000013177 Alta Copper Corp-f1-06144797_1-1-1,2024-05-31,PEA,1.3514,1.3408247976726024,1.303524735799741,1.368844438167039,1.2662246739268797,1.3968640786614754
2024-000006180 New Pacific Metals Corp-f1-06165441_1-1-1,2024-06-19,PFS,1.36,1.3410330948814342,1.3037272384418324,1.3690570882286204,1.2664213820022305,1.3970810815758068
2024-000011471 E3 Lithium Ltd-f1-06161234_2-1-1,2024-06-20,,1.34,1.3410063941502108,1.303701280491417,1.3690298295237595,1.2663961668326233,1.397053264897308
2024-000032669 Centamin plc-f1-06181176_1-1-1,2024-07-18,FS,1.38,1.3381263266720356,1.3009013328732866,1.3660895763632503,1.2636763390745374,1.394052826054465
2024-000024724 Whitemud Resources Inc-f1-06172911_1-1-1,2024-08-23,PEA,1.3,1.3429894752388623,1.3056291947548173,1.3710543516860483,1.2682689142707724,1.3991192281332345
2024-000033260 Thesis Gold Inc-f1-06193183_2-1-1,2024-08-30,PEA,1.3514,1.349130828844414,1.3115997036162474,1.3773240431031288,1.274068578388081,1.4055172573618437
2024-000002968 Kinross Gold Corporation-f1-06182718_1-1-1,2024-09-01,PEA,1.3514,1.348806661536473,1.3112845542356781,1.3769931015682761,1.2737624469348834,1.405179541600079
2024-000004815 Amex Exploration Inc-f1-06223904_2-1-1,2024-09-05,PEA,1.35,1.350332423659964,1.3127678715731625,1.3785507480261368,1.2752033194863612,1.4067690723923094
2024-000056341 WINSOME RESOURCES LTD-f1-06189451_1-1-1,2024-09-06,PEA,1.35,1.3503799127542446,1.312814039580484,1.3785992295150624,1.275248166406723,1.40681854627588
2024-000008575 South Star Battery Metals Corp-f1-06203545_1-1-1,2024-10-10,PEA,1.36,1.3504341860048512,1.3128668030174226,1.3786546369309776,1.275299420029994,1.406875087857104
2024-000036472 Cabral Gold Inc-f1-06216794_1-1-1,2024-10-21,PFS,1.3514,1.3490676411484015,1.311538273722578,1.3772595349538186,1.2740089062967546,1.4054514287592355
