date,copper_price,copper_price_quarterly,copper_price_yearly,copper_price_3y,copper_price_5y,copper_price_price_floor,copper_price_floor_spot_3y,copper_price_floor_spot_5y
2006-01-01,4743.85714285714,4533.013744588744,3807.8078192640683,2859.040175911891,2341.2368494361813,2341.2368494361813,2859.040175911891,2341.2368494361813
2006-02-01,4974.975,4765.285714285714,3951.7974025974017,2950.507675911891,2394.717682769515,2394.717682769515,2950.507675911891,2394.717682769515
2006-03-01,5123.67391304348,4947.50201863354,4097.194831858961,3046.8404830202417,2451.0762631384214,2451.0762631384214,3046.8404830202417,2451.0762631384214
2006-04-01,6404.44444444444,5501.03111916264,4348.414408578538,3180.634287032587,2530.0508001754583,2530.0508001754583,3180.634287032587,2530.0508001754583
2006-05-01,8059.19047619048,6529.102944559466,4749.855281594411,3358.6368002601002,2636.289808111966,2636.289808111966,3358.6368002601002,2636.289808111966
2006-06-01,7222.77272727273,7228.80254930255,5057.6090694732,3512.4608442716444,2729.828202772861,2729.828202772861,3512.4608442716444,2729.828202772861
2006-07-01,7726.7380952381,7669.567099567103,5400.797561536693,3679.5139556127997,2833.160996784405,2833.160996784405,3679.5139556127997,2833.160996784405
2006-08-01,7690.25,7546.5869408369435,5725.659303960935,3844.334094501688,2936.8916407237994,2936.8916407237994,3844.334094501688,2936.8916407237994
2006-09-01,7622.64285714286,7679.876984126987,6039.991284480416,4006.36110568495,3040.1407322024957,3040.1407322024957,4006.36110568495,3040.1407322024957
2006-10-01,7497.40909090909,7603.433982683983,6326.761486500617,4161.134063524212,3142.141282268372,3142.141282268372,4161.134063524212,3142.141282268372
2006-11-01,7029.29545454545,7383.115800865799,6556.022850136981,4299.356853928252,3235.39132014716,3235.39132014716,4299.356853928252,3235.39132014716
2006-12-01,6680.97368421053,7069.226076555024,6731.351907154526,4423.771797537275,3322.1934305702766,3322.1934305702766,4423.771797537275,3322.1934305702766
2007-01-01,5689.34090909091,6466.5366826156305,6810.142221007339,4514.545817498795,3391.8786578430036,3391.8786578430036,4514.545817498795,3391.8786578430036
2007-02-01,5718.15,6029.488197767147,6872.073471007338,4596.946720276573,3461.158366176337,3461.158366176337,4596.946720276573,3461.158366176337
2007-03-01,6465.29545454545,5957.595454545454,6983.8752661325025,4693.197077105734,3542.1234154187614,3542.1234154187614,4693.197077105734,3542.1234154187614
2007-04-01,7753.34210526316,6645.595853269537,7096.283404534064,4827.262830029711,3644.869593363624,3644.869593363624,4827.262830029711,3644.869593363624
2007-05-01,7677.95238095238,7298.863313586997,7064.5135632642205,4964.748714880727,3746.2184209249513,3746.2184209249513,4964.748714880727,3746.2184209249513
2007-06-01,7514.2380952381,7648.510860484547,7088.802343928003,5098.781843788855,3843.9458151048457,3843.9458151048457,5098.781843788855,3843.9458151048457
2007-07-01,7980.93181818182,7724.3740981241,7109.985154173312,5242.230076112089,3950.4899323643976,3950.4899323643976,5242.230076112089,3950.4899323643976
2007-08-01,7500.20454545455,7665.124819624823,7094.148032961191,5371.563469570483,4050.7780636775283,4050.7780636775283,5371.563469570483,4050.7780636775283
2007-09-01,7671.35,7717.495454545457,7098.206961532621,5504.012901388664,4153.985008121973,4153.985008121973,5504.012901388664,4153.985008121973
2007-10-01,8020.58695652174,7730.713833992097,7141.805117000341,5643.212406794692,4262.891928411828,4262.891928411828,5643.212406794692,4262.891928411828
2007-11-01,6957.43181818182,7549.789591567853,7135.816480636705,5749.521371441156,4352.49853014343,4352.49853014343,5749.521371441156,4352.49853014343
2007-12-01,6630.73611111111,7202.918295271556,7131.630016211752,5846.492215797417,4436.461393900044,4436.461393900044,5846.492215797417,4436.461393900044
2008-01-01,7078.90909090909,6889.025673400673,7247.4273646966,5955.125801656003,4526.938022687923,4526.938022687923,5955.125801656003,4526.938022687923
2008-02-01,7941.14285714286,7216.929353054354,7432.676769458507,6085.515881021082,4631.254653640304,4631.254653640304,6085.515881021082,4631.254653640304
2008-03-01,8434.31578947368,7818.12257917521,7596.761797369193,6225.943965120219,4744.231702512483,4744.231702512483,6225.943965120219,4744.231702512483
2008-04-01,8714.18181818182,8363.21348826612,7676.831773445748,6373.84319551945,4863.0036078155135,4863.0036078155135,6373.84319551945,4863.0036078155135
2008-05-01,8356.125,8501.5408692185,7733.346158366384,6515.905001075005,4974.754024482181,4974.754024482181,6515.905001075005,4974.754024482181
2008-06-01,8292.0,8454.102272727274,7798.159650429875,6648.1903546103595,5084.868905434561,5084.868905434561,6648.1903546103595,5084.868905434561
2008-07-01,8407.02173913043,8351.715579710144,7833.667143842257,6781.483286517421,5196.438832970794,5196.438832970794,6781.483286517421,5196.438832970794
2008-08-01,7633.8,8110.9405797101435,7844.800098387713,6888.202478436612,5294.390082970794,5294.390082970794,6888.202478436612,5294.390082970794
2008-09-01,6975.11363636364,7671.978458498023,7786.780401418016,6974.992882477017,5380.814136001097,5380.814136001097,6974.992882477017,5380.814136001097
2008-10-01,4894.89130434783,6501.26831357049,7526.305763736857,6998.290789079272,5430.3026142619665,4894.89130434783,4894.89130434783,4894.89130434783
2008-11-01,3729.1875,5199.730813570491,7257.285403888372,6983.0415782206865,5458.234489261967,3729.1875,3729.1875,3729.1875
2008-12-01,3105.09523809524,3909.724680814357,6963.481997803716,6942.154640389998,5473.285481325459,3105.09523809524,3105.09523809524,3105.09523809524
2009-01-01,3260.35714285714,3364.87996031746,6645.269335466054,6900.946307056664,5487.2668305318075,3260.35714285714,3260.35714285714,3260.35714285714
2009-02-01,3328.4125,3231.2882936507935,6260.875139037482,6855.208459834442,5496.878413865142,3328.4125,3328.4125,3328.4125
2009-03-01,3770.875,3453.21488095238,5872.255073248009,6817.630712249902,5509.72162038688,3770.875,3770.875,3770.875
2009-04-01,4436.925,3845.4041666666667,5515.81700506619,6762.977394348667,5534.887453720215,4436.925,4436.925,4436.925
2009-05-01,4591.46052631579,4266.420175438597,5202.094965592506,6666.651562407704,5565.937453720214,4591.46052631579,4591.46052631579,4591.46052631579
2009-06-01,5015.43181818182,4681.27244816587,4929.047617107658,6605.336537155178,5604.71055978082,5015.43181818182,5015.43181818182,5015.43181818182
2009-07-01,5228.41304347826,4945.101795991956,4664.163559136643,6535.938619050738,5644.904186263034,5228.41304347826,5228.41304347826,5228.41304347826
2009-08-01,6176.875,5473.573287220027,4542.753142469976,6493.900424606294,5700.448729913827,5700.448729913827,6176.875,5700.448729913827
2009-09-01,6195.75,5867.01268115942,4477.806172773006,6454.264511907881,5755.325055671403,5755.325055671403,6195.75,5755.325055671403
2009-10-01,6305.98863636364,6226.204545454547,4595.397617107657,6421.169499281618,5810.268120245718,5810.268120245718,6305.98863636364,5810.268120245718
2009-11-01,6682.44047619048,6394.726370851374,4841.502031790197,6411.534638771758,5869.470310000408,5869.470310000408,6411.534638771758,5869.470310000408
2009-12-01,6976.97619047619,6655.135101010103,5164.158777821943,6419.756930612471,5933.4234846035815,5933.4234846035815,6419.756930612471,5933.4234846035815
2010-01-01,7367.375,7008.9305555555575,5506.410265917181,6466.368988693279,6003.4114012702485,6003.4114012702485,6466.368988693279,6003.4114012702485
2010-02-01,6867.675,7070.675396825397,5801.348807583848,6498.300238693279,6063.754317936916,6063.754317936916,6498.300238693279,6063.754317936916
2010-03-01,7466.9347826087,7233.994927536233,6109.353789467907,6526.123553361704,6131.888151615315,6131.888151615315,6526.123553361704,6131.888151615315
2010-04-01,7729.8375,7354.8157608695665,6383.763164467906,6525.470647659949,6204.221951218488,6204.221951218488,6525.470647659949,6204.221951218488
2010-05-01,6843.15789473684,7346.643392448514,6571.404611836327,6502.281911931739,6264.24291613077,6264.24291613077,6502.281911931739,6264.24291613077
2010-06-01,6501.5,7024.831798245614,6695.243626987842,6474.150298175125,6313.772461585316,6313.772461585316,6474.150298175125,6313.772461585316
2010-07-01,6750.56818181818,6698.408692185007,6822.08988851617,6439.973530498357,6366.140661441014,6366.140661441014,6439.973530498357,6366.140661441014
2010-08-01,7302.66666666667,6851.578282828283,6915.905860738392,6434.486367198693,6424.653287703642,6424.653287703642,6434.486367198693,6424.653287703642
2010-09-01,7729.59090909091,7260.94191919192,7043.725936495967,6436.104170228997,6489.3021513400045,6436.104170228997,6436.104170228997,6489.3021513400045
2010-10-01,8289.7619047619,7774.006493506492,7209.040375529155,6443.581252124557,6559.862071974926,6443.581252124557,6443.581252124557,6559.862071974926
2010-11-01,8458.42045454545,8159.2577561327535,7357.038707058736,6485.275380912435,6629.5330947021985,6485.275380912435,6485.275380912435,6629.5330947021985
2010-12-01,9152.85714285714,8633.679834054828,7538.362119757149,6555.334298460937,6705.796963749818,6555.334298460937,6555.334298460937,6705.796963749818
2011-01-01,9533.2,9048.159199134197,7718.847536423815,6623.509045935683,6785.619344702198,6623.509045935683,6623.509045935683,6785.619344702198
2011-02-01,9880.9375,9522.331547619047,7969.952744757149,6677.392230459493,6867.385386368865,6677.392230459493,6677.392230459493,6867.385386368865
2011-03-01,9503.35869565217,9639.165398550724,8139.654737510772,6707.0878667422285,6940.380132745676,6707.0878667422285,6707.0878667422285,6940.380132745676
2011-04-01,9482.75,9622.348731884056,8285.730779177438,6728.436982903844,6991.6852253382685,6728.436982903844,6728.436982903844,6991.6852253382685
2011-05-01,8931.675,9305.927898550724,8459.773871282703,6744.424482903845,7006.226634068428,6744.424482903845,6744.424482903845,7006.226634068428
2011-06-01,9066.85227272727,9160.425757575757,8673.553227343307,6765.948157146269,7036.961293159337,6765.948157146269,6765.948157146269,7036.961293159337
2011-07-01,9650.46428571429,9216.33051948052,8915.211236001316,6800.48822788471,7069.023396333941,6800.48822788471,6800.48822788471,7069.023396333941
2011-08-01,8997.98863636364,9238.435064935067,9056.488066809397,6838.382356672589,7090.819040273334,6838.382356672589,6838.382356672589,7090.819040273334
2011-09-01,8300.13636363636,8982.863095238097,9104.033521354851,6875.188543541275,7102.110598714892,6875.188543541275,6875.188543541275,7102.110598714892
2011-10-01,7394.19047619048,8230.771825396827,9029.4025689739,6944.613520536904,7100.390288469583,6944.613520536904,6944.613520536904,7100.390288469583
2011-11-01,7581.02272727273,7758.449855699856,8956.286091701173,7051.608943516702,7109.585743015036,7051.608943516702,7051.608943516702,7109.585743015036
2011-12-01,7558.875,7511.362734487736,8823.454246463078,7175.325048014057,7124.217431611528,7124.217431611528,7175.325048014057,7124.217431611528
2012-01-01,8061.91666666667,7733.938131313133,8700.847302018634,7308.701701453211,7163.760360904457,7163.760360904457,7308.701701453211,7163.760360904457
2012-02-01,8441.4880952381,8020.759920634923,8580.893184955143,7450.731579098713,7209.149329158426,7209.149329158426,7450.731579098713,7209.149329158426
2012-03-01,8470.78409090909,8324.72961760462,8494.845301226553,7581.284609401744,7242.574139764486,7242.574139764486,7581.284609401744,7242.574139764486
2012-04-01,8285.52631578947,8399.26616731222,8395.076660875675,7688.190201507006,7251.443876606591,7251.443876606591,7688.190201507006,7251.443876606591
2012-05-01,7896.90909090909,8217.739832535883,8308.846168451431,7780.008217190155,7255.09315510587,7255.09315510587,7780.008217190155,7255.09315510587
2012-06-01,7428.28947368421,7870.241626794256,8172.299268531177,7847.03204095411,7253.660678079972,7253.660678079972,7428.28947368421,7253.660678079972
2012-07-01,7584.26136363636,7636.486642743221,8000.11569169135,7912.472272069612,7247.049503837548,7247.049503837548,7584.26136363636,7247.049503837548
2012-08-01,7510.43181818182,7507.660885167464,7876.1526235095325,7949.515517019107,7247.219958383002,7247.219958383002,7510.43181818182,7247.219958383002
2012-09-01,8087.7425,7727.4785606060605,7858.453134873169,8002.070864241329,7254.1598333830025,7254.1598333830025,8002.070864241329,7254.1598333830025
2012-10-01,8062.03260869565,7886.73564229249,7914.106645915267,8050.849863472773,7254.850594252567,7254.850594252567,8050.849863472773,7254.850594252567
2012-11-01,7711.22727272727,7953.667460474307,7924.957024703144,8079.427274487684,7267.413851828325,7267.413851828325,7711.22727272727,7267.413851828325
2012-12-01,7966.48684210526,7913.248907842727,7958.924678211915,8106.913681477381,7289.67636401156,7289.67636401156,7966.48684210526,7289.67636401156
2013-01-01,8053.73863636364,7910.484250398724,7958.243175686664,8125.9793380430365,7305.9235231024695,7305.9235231024695,8053.73863636364,7305.9235231024695
2013-02-01,8060.925,8027.050159489633,7926.529584416822,8159.125171376371,7307.919892150088,7307.919892150088,8060.925,7307.919892150088
2013-03-01,7652.375,7922.346212121213,7858.328826841064,8164.276288526129,7294.88754565886,7294.88754565886,7652.375,7294.88754565886
2013-04-01,7221.1619047619,7644.820634920633,7769.631792588767,8150.146410880627,7270.003880435195,7221.1619047619,7221.1619047619,7221.1619047619
2013-05-01,7248.71428571429,7374.083730158731,7715.615558822534,8161.411866185556,7251.547035197101,7248.71428571429,7248.71428571429,7248.71428571429
2013-06-01,7000.2375,7156.704563492064,7679.944561015515,8175.26568563,7230.017660197101,7000.2375,7000.2375,7000.2375
2013-07-01,6906.64130434783,7051.8643633540405,7623.476222741472,8179.601050144713,7205.011319617391,6906.64130434783,6906.64130434783,6906.64130434783
2013-08-01,7186.25,7031.04293478261,7596.46107122632,8176.367253848416,7197.552152950724,7186.25,7186.25,7186.25
2013-09-01,7159.26904761905,7084.053450655626,7519.088283527907,8160.524979918642,7200.62140980498,7159.26904761905,7159.26904761905,7159.26904761905
2013-10-01,7203.02173913043,7182.846928916493,7447.504044397472,8130.337753095546,7239.09025038469,7203.02173913043,7203.02173913043,7203.02173913043
2013-11-01,7070.65476190476,7144.315182884747,7394.123001828931,8091.788706077749,7294.781371416437,7070.65476190476,7070.65476190476,7070.65476190476
2013-12-01,7214.9,7162.858833678397,7331.4907649868255,8037.956563220605,7363.278117448182,7214.9,7214.9,7214.9
2014-01-01,7291.46590909091,7192.340223665223,7267.968037714098,7975.686171806465,7430.463263552079,7291.46590909091,7291.46590909091,7291.46590909091
2014-02-01,7149.2125,7218.5261363636355,7191.99199604743,7899.804921806465,7494.143263552078,7149.2125,7149.2125,7149.2125
2014-03-01,6650.03571428571,7030.23804112554,7108.463722237906,7820.54595010184,7542.12927545684,6650.03571428571,6650.03571428571,6650.03571428571
2014-04-01,6673.5625,6824.270238095237,7062.830438507747,7742.512963990729,7579.406567123507,6673.5625,6673.5625,6673.5625
2014-05-01,6891.125,6738.24107142857,7033.03133136489,7685.8310195462855,7617.734308351577,6891.125,6891.125,6891.125
2014-06-01,6821.14285714286,6795.276785714286,7018.106777793463,7623.450202446718,7647.829492334261,6821.14285714286,6821.14285714286,6821.14285714286
2014-07-01,7113.38043478261,6941.882763975157,7035.335038663027,7552.97565103195,7679.245615522666,7113.38043478261,7113.38043478261,7113.38043478261
2014-08-01,7001.8375,6978.786930641822,7019.967330329694,7497.527008355181,7692.994990522667,7001.8375,7001.8375,7001.8375
2014-09-01,6872.21590909091,6995.811281291174,6996.046235452349,7457.862551284476,7704.269422340848,6872.21590909091,6872.21590909091,6872.21590909091
2014-10-01,6737.47826086957,6870.510556653492,6957.250945597277,7439.620545303339,7711.460916082614,6737.47826086957,6737.47826086957,6737.47826086957
2014-11-01,6712.85,6774.1813899868275,6927.433882105214,7415.50463621243,7711.96774147944,6712.85,6712.85,6712.85
2014-12-01,6446.45238095238,6632.260213940649,6863.396580517913,7384.604007905551,7703.125677987377,6446.45238095238,6446.45238095238,6446.45238095238
2015-01-01,5830.53571428571,6329.94603174603,6741.652397617479,7322.6212036727475,7677.511689892139,5830.53571428571,5830.53571428571,5830.53571428571
2015-02-01,5729.275,6002.087698412696,6623.324272617479,7247.281951027244,7658.538356558804,5729.275,5729.275,5729.275
2015-03-01,5939.67045454545,5833.160389610387,6564.127167639125,7176.973238906032,7633.083951091084,5939.67045454545,5939.67045454545,5939.67045454545
2015-04-01,6042.0875,5903.6776515151505,6511.504250972458,7114.655494022991,7604.954784424417,6042.0875,6042.0875,6042.0875
2015-05-01,6294.77631578947,6092.17809011164,6461.808527288246,7070.151805825224,7595.815091441961,6294.77631578947,6294.77631578947,6294.77631578947
2015-06-01,5833.01136363636,6056.625059808611,6379.464236162705,7025.838524990561,7584.673614169234,5833.01136363636,5833.01136363636,5833.01136363636
2015-07-01,5456.75,5861.51255980861,6241.411699930821,6966.740987111773,7563.109977805597,5456.75,5456.75,5456.75
2015-08-01,5127.3,5472.3537878787865,6085.2002415974885,6900.542881051168,7526.853866694485,5127.3,5127.3,5127.3
2015-09-01,5217.25,5267.099999999999,5947.2864158399125,6820.806978273389,7484.981518209637,5217.25,5217.25,5217.25
2015-10-01,5216.09090909091,5186.880303030303,5820.504136525023,6741.753042173257,7433.753668281788,5216.09090909091,5216.09090909091,5216.09090909091
2015-11-01,4799.90476190476,5077.7485569985565,5661.092033350421,6660.882972428188,7372.778406737776,4799.90476190476,4799.90476190476,4799.90476190476
2015-12-01,4638.83333333333,4884.943001443,5510.4571127154995,6568.448152740079,7297.544676579046,4638.83333333333,4638.83333333333,4638.83333333333
2016-01-01,4471.7875,4636.841865079364,5397.228094858357,6468.94951006331,7213.187801579046,4471.7875,4471.7875,4471.7875
2016-02-01,4598.61904761905,4569.746626984127,5303.006765493277,6372.774344719396,7125.149160706031,4598.61904761905,4598.61904761905,4598.61904761905
2016-03-01,4953.79761904762,4674.734722222223,5220.850695868458,6297.813861915163,7049.3231427626215,4953.79761904762,4953.79761904762,4953.79761904762
2016-04-01,4872.7380952381,4808.384920634923,5123.4049121383005,6232.579867206168,6972.48961101659,4872.7380952381,4872.7380952381,4872.7380952381
2016-05-01,4694.5375,4840.35773809524,4990.051677489178,6161.630512047438,6901.870652683256,4694.5375,4694.5375,4694.5375
2016-06-01,4641.96590909091,4736.413834776337,4890.7978896103905,6096.122967855519,6828.12254662265,4641.96590909091,4641.96590909091,4641.96590909091
2016-07-01,4864.90476190476,4733.802723665223,4841.477453102453,6039.408063898767,6748.363221225824,4864.90476190476,4864.90476190476,4864.90476190476
2016-08-01,4751.67045454545,4752.84704184704,4810.1749909812415,5971.780854302808,6677.591251528855,4751.67045454545,4751.67045454545,4751.67045454545
2016-09-01,4722.20454545455,4779.5932539682535,4768.921203102454,5904.084618131571,6617.959054559158,4722.20454545455,4722.20454545455,4722.20454545455
2016-10-01,4731.2619047619,4735.045634920633,4728.518786075036,5835.424622732446,6573.5769117020145,4731.2619047619,4731.2619047619,4731.2619047619
2016-11-01,5450.93181818182,4968.132756132756,4782.771040764791,5790.432318740141,6538.0753965505,5450.93181818182,5450.93181818182,5450.93181818182
2016-12-01,5660.35,5280.847907647906,4867.897429653681,5747.250374295697,6506.433313217166,5660.35,5660.35,5660.35
2017-01-01,5754.55952380952,5621.947113997114,4974.795098304473,5704.558530260103,6467.977360836214,5704.558530260103,5704.558530260103,5754.55952380952
2017-02-01,5940.9125,5785.274007936507,5086.652886002886,5670.994641371214,6426.301100915579,5670.994641371214,5670.994641371214,5940.9125
2017-03-01,5824.63043478261,5840.034152864045,5159.222287314135,5648.066716940572,6382.198539980138,5648.066716940572,5648.066716940572,5824.63043478261
2017-04-01,5683.90277777778,5816.481904186797,5226.819344192441,5620.576169101067,6338.838147679942,5620.576169101067,5620.576169101067,5683.90277777778
2017-05-01,5599.55952380952,5702.697578789969,5302.237846176568,5584.699350317997,6300.548988228283,5584.699350317997,5584.699350317997,5599.55952380952
2017-06-01,5719.76136363636,5667.74122174122,5392.054134055356,5554.105419942816,6272.073519727486,5554.105419942816,5554.105419942816,5719.76136363636
2017-07-01,5985.11904761905,5768.146645021643,5485.405324531547,5522.764825854941,6245.421147793863,5522.764825854941,5522.764825854941,5985.11904761905
2017-08-01,6485.625,6063.501803751803,5629.901536652759,5508.425589743829,6228.341034157501,5508.425589743829,5508.425589743829,6228.341034157501
2017-09-01,6577.16666666667,6349.303571428573,5784.481713420436,5500.229777454268,6203.164770268611,5500.229777454268,5500.229777454268,6203.164770268611
2017-10-01,6807.60227272727,6623.464646464647,5957.510077417551,5502.177666672536,6182.257598002472,5502.177666672536,5502.177666672536,6182.257598002472
2017-11-01,6826.54545454545,6737.104797979798,6072.144547114519,5505.335873743244,6167.512901032775,5505.335873743244,5505.335873743244,6167.512901032775
2017-12-01,6833.8947368421,6822.680821371607,6169.939941851361,5516.098161406847,6148.636365945056,5516.098161406847,5516.098161406847,6148.636365945056
2018-01-01,7065.85227272727,6908.76415470494,6279.214337594506,5550.412510252445,6132.171593217782,5550.412510252445,5550.412510252445,6132.171593217782
2018-02-01,7006.525,6968.757336523123,6368.015379261174,5585.891676919112,6114.59825988445,5585.891676919112,5585.891676919112,6114.59825988445
2018-03-01,6799.17857142857,6957.185281385279,6449.227723981669,5609.766902388088,6100.37831940826,5609.766902388088,5609.766902388088,6100.37831940826
2018-04-01,6851.5125,6885.738690476191,6546.528534166854,5632.2509301658665,6094.217495995561,5632.2509301658665,5632.2509301658665,6094.217495995561
2018-05-01,6825.27380952381,6825.321626984126,6648.671391309713,5646.986971658485,6087.160154725719,5646.986971658485,5646.986971658485,6087.160154725719
2018-06-01,6965.85714285714,6880.881150793651,6752.512706244776,5678.454909970174,6086.587148773338,5678.454909970174,5678.454909970174,6086.587148773338
2018-07-01,6250.75,6680.626984126983,6774.648618943189,5700.51046552573,6075.655627034208,5700.51046552573,5700.51046552573,6075.655627034208
2018-08-01,6051.04545454545,6422.550865800865,6738.433656821977,5726.170061485326,6056.735551276632,5726.170061485326,5726.170061485326,6051.04545454545
2018-09-01,6050.7625,6117.519318181817,6694.566642933089,5749.323186485326,6038.260442149648,5749.323186485326,5749.323186485326,6038.260442149648
2018-10-01,6219.58695652174,6107.131637022397,6645.565366582628,5777.198076691738,6021.869862439503,5777.198076691738,5777.198076691738,6021.869862439503
2018-11-01,6195.92045454545,6155.423303689063,6593.0132832492955,5815.976290376201,6007.290957316847,5815.976290376201,5815.976290376201,6007.290957316847
2018-12-01,6075.31578947368,6163.607733513622,6529.798370968593,5855.878580824544,5988.297887141409,5855.878580824544,5855.878580824544,5988.297887141409
2019-01-01,5939.10227272727,6070.112838915466,6435.902537635259,5896.637324511414,5965.7584932020145,5896.637324511414,5896.637324511414,5939.10227272727
2019-02-01,6300.4875,6104.968520733651,6377.066079301926,5943.911448188662,5951.613076535348,5943.911448188662,5943.911448188662,5951.613076535348
2019-03-01,6439.46428571429,6226.351352813854,6347.089888825736,5985.17996670718,5948.103552725825,5948.103552725825,5985.17996670718,5948.103552725825
2019-04-01,6438.3625,6392.771428571429,6312.66072215907,6028.669533506121,5944.1835527258245,5944.1835527258245,6028.669533506121,5944.1835527258245
2019-05-01,6017.90476190476,6298.577182539683,6245.379968190814,6065.429735225699,5929.629882090903,5929.629882090903,6017.90476190476,5929.629882090903
2019-06-01,5882.225,6112.830753968254,6155.077289619386,6099.881376639841,5913.9812511385235,5882.225,5882.225,5882.225
2019-07-01,5941.19565217391,5947.1084713595565,6129.281093967212,6129.778345813984,5894.444838095045,5894.444838095045,5941.19565217391,5894.444838095045
2019-08-01,5709.44047619048,5844.287042788131,6100.814012437632,6156.383068637456,5872.904887698219,5709.44047619048,5709.44047619048,5709.44047619048
2019-09-01,5759.25,5803.295376121463,6076.521304104299,6185.189886819275,5854.355455880038,5759.25,5759.25,5759.25
2019-10-01,5757.29782608696,5741.996100759147,6037.9972099014,6213.690884633859,5838.019115300327,5757.29782608696,5757.29782608696,5757.29782608696
2019-11-01,5859.95238095238,5792.16673567978,6009.99987043531,6225.052566933042,5823.804154982867,5823.804154982867,5859.95238095238,5823.804154982867
2019-12-01,6077.0625,5898.10423567978,6010.145429645837,6236.627914155264,5817.647656966994,5817.647656966994,6077.0625,5817.647656966994
2020-01-01,6031.20909090909,5989.40799062049,6017.820997827656,6244.312624352474,5820.992213244051,5820.992213244051,6031.20909090909,5820.992213244051
2020-02-01,5687.75,5932.007196969697,5966.759539494323,6237.2803326858075,5820.300129910717,5687.75,5687.75,5687.75
2020-03-01,5182.63181818182,5633.863636363637,5862.023500533283,6219.44703778023,5807.682819304656,5182.63181818182,5182.63181818182,5182.63181818182
2020-04-01,5057.972,5309.451272727273,5746.990958866617,6202.060071730847,5791.280894304657,5057.972,5057.972,5057.972
2020-05-01,5239.82631578947,5160.143377990429,5682.151088357009,6192.067482619179,5773.698394304656,5239.82631578947,5239.82631578947,5239.82631578947
2020-06-01,5754.59545454546,5350.797923444977,5671.515292902463,6193.035096255543,5772.391462486475,5754.59545454546,5754.59545454546,5754.59545454546
2020-07-01,6372.46086956522,5788.960879966716,5707.454061018406,6203.794591309603,5787.653310312561,5787.653310312561,6203.794591309603,5787.653310312561
2020-08-01,6508.39285714286,6211.816393751181,5774.033426097772,6204.427031785794,5810.671524598277,5810.671524598277,6204.427031785794,5810.671524598277
2020-09-01,6704.9,6528.584575569359,5852.837592764437,6207.975179933941,5835.4656912649425,5835.4656912649425,6207.975179933941,5835.4656912649425
2020-10-01,6713.81136363636,6642.368073593073,5932.547054226889,6205.369876903638,5860.427698840701,5860.427698840701,6205.369876903638,5860.427698840701
2020-11-01,7068.90714285714,6829.206168831166,6033.293284385618,6212.102146023408,5898.244405189907,5898.244405189907,6212.102146023408,5898.244405189907
2020-12-01,7772.2380952381,7184.985533910533,6174.557917322127,6238.167239312185,5950.467817888319,5950.467817888319,6238.167239312185,5950.467817888319
2021-01-01,7972.1475,7604.430912698413,6336.302784746368,6263.342106736429,6008.807151221653,6008.807151221653,6263.342106736429,6008.807151221653
2021-02-01,8470.94,8071.7751984127,6568.235284746369,6304.0203011808735,6073.345833761336,6073.345833761336,6304.0203011808735,6073.345833761336
2021-03-01,8988.24782608696,8477.11177536232,6885.369952071797,6364.827780476939,6140.586670545324,6140.586670545324,6364.827780476939,6140.586670545324
2021-04-01,9324.8175,8928.00177536232,7240.940410405131,6433.530697143605,6214.787993958022,6214.787993958022,6433.530697143605,6214.787993958022
2021-05-01,10166.285,9493.11677536232,7651.4786340893415,6526.336563545722,6305.9837856246895,6305.9837856246895,6526.336563545722,6305.9837856246895
2021-06-01,9631.5,9707.534166666666,7974.55401287722,6600.382198466356,6389.142687139842,6389.142687139842,6600.382198466356,6389.142687139842
2021-07-01,9450.82045454546,9749.535151515154,8231.08397829224,6689.273044425953,6465.574615350519,6465.574615350519,6689.273044425953,6465.574615350519
2021-08-01,9370.13857142857,9484.15300865801,8469.56278781605,6781.470075450485,6542.5490839652375,6542.5490839652375,6781.470075450485,6542.5490839652375
2021-09-01,9324.70954545455,9381.889523809527,8687.880249937263,6872.413048935332,6619.257500631905,6619.257500631905,6872.413048935332,6619.257500631905
2021-10-01,9829.21904761905,9508.02238816739,8947.49755693582,6972.680607021369,6704.223453012857,6704.223453012857,6972.680607021369,6704.223453012857
2021-11-01,9728.90454545454,9627.611046176047,9169.164007152269,7070.8190539910665,6775.522998467402,6775.522998467402,7070.8190539910665,6775.522998467402
2021-12-01,9551.18,9703.101197691198,9317.409165882427,7167.370837616797,6840.370165134069,6840.370165134069,7167.370837616797,6840.370165134069
2022-01-01,9782.3375,9687.474015151513,9468.258332549094,7274.127371707706,6907.4997980705775,6907.4997980705775,7274.127371707706,6907.4997980705775
2022-02-01,9943.175,9758.897500000001,9590.944582549093,7375.313135596595,6974.204173070577,6974.204173070577,7375.313135596595,6974.204173070577
2022-03-01,10230.8939130435,9985.468804347833,9694.498423128805,7480.630625244629,7047.6418977082585,7047.6418977082585,7480.630625244629,7047.6418977082585
2022-04-01,10174.3476190476,10116.138844030365,9765.292599716106,7584.407989662617,7122.482645062756,7122.482645062756,7584.407989662617,7122.482645062756
2022-05-01,9395.02727272727,9933.422934939457,9701.021122443379,7678.2169482965755,7185.740440878052,7185.740440878052,7678.2169482965755,7185.740440878052
2022-06-01,9067.55181818182,9545.64223665223,9654.025440625197,7766.6982488016265,7241.53694845381,7241.53694845381,7766.6982488016265,7241.53694845381
2022-07-01,7544.80952380952,8669.129538239536,9495.191196397202,7811.243078569283,7267.531789723651,7267.531789723651,7544.80952380952,7267.531789723651
2022-08-01,7990.81217391304,8201.057838634793,9380.247329937572,7874.614514617133,7292.618242622201,7292.618242622201,7874.614514617133,7292.618242622201
2022-09-01,7746.01136363636,7760.544353786307,9248.68914811939,7929.802330273698,7312.098987571695,7312.098987571695,7746.01136363636,7312.098987571695
2022-10-01,7651.08285714286,7795.968798230754,9067.177798913042,7982.4074700252495,7326.156997311956,7326.156997311956,7651.08285714286,7326.156997311956
2022-11-01,8049.86136363636,7815.65186147186,8927.257533761527,8043.238275099806,7346.545595796804,7346.545595796804,8043.238275099806,7346.545595796804
2022-12-01,8371.09136363636,8024.01186147186,8828.916814064558,8106.961299089704,7372.1655395767075,7372.1655395767075,8106.961299089704,7372.1655395767075
2023-01-01,9007.34636363636,8476.099696969693,8764.334219367587,8189.631778887683,7404.523774425194,7404.523774425194,8189.631778887683,7404.523774425194
2023-02-01,8936.587,8771.674909090907,8680.451886034256,8279.877251109905,7436.6914744251935,7436.6914744251935,8279.877251109905,7436.6914744251935
2023-03-01,8856.31086956522,8933.414744400527,8565.903299077732,8381.923891426111,7470.9770127274705,7470.9770127274705,8381.923891426111,7470.9770127274705
2023-04-01,8809.1575,8867.351789855073,8452.137455823764,8486.123488648333,7503.604429394137,7503.604429394137,8486.123488648333,7503.604429394137
2023-05-01,8243.15608695652,8636.208152173915,8356.148190342868,8569.549315625198,7527.235800684682,7527.235800684682,8243.15608695652,7527.235800684682
2023-06-01,8396.51772727273,8482.943771409751,8300.22868276711,8642.936045423176,7551.080143758275,7551.080143758275,8396.51772727273,7551.080143758275
2023-07-01,8476.67904761905,8372.117620616102,8377.884476417905,8701.386550369114,7588.178961218593,7588.178961218593,8476.67904761905,7588.178961218593
2023-08-01,8347.82826086957,8407.008345253782,8407.635816997617,8752.481978250413,7626.458674657329,7626.458674657329,8347.82826086957,7626.458674657329
2023-09-01,8276.71380952381,8367.073706004143,8451.86102082157,8796.143472959408,7663.557863149393,7663.557863149393,8276.71380952381,7663.557863149393
2023-10-01,7941.35590909091,8188.632659828097,8476.05044181724,8830.241932555367,7692.254012358879,7692.254012358879,7941.35590909091,7692.254012358879
2023-11-01,8189.58772727273,8135.885815295816,8487.694305453604,8861.371948789134,7725.481800237666,7725.481800237666,8189.58772727273,7725.481800237666
2023-12-01,8407.90047619048,8179.614704184707,8490.761731499782,8879.029237148921,7764.358211682947,7764.358211682947,8407.90047619048,7764.358211682947
2024-01-01,8351.33956521739,8316.275922893532,8436.094498298202,8889.562350071628,7804.562166557781,7804.562166557781,8351.33956521739,7804.562166557781
2024-02-01,8304.95047619048,8354.730172532783,8383.458121314075,8884.951529965807,7837.969882827622,7837.969882827622,8304.95047619048,7837.969882827622
2024-03-01,8692.81904761905,8449.70302967564,8369.833802818559,8876.745175008364,7875.525795526035,7875.525795526035,8692.81904761905,7875.525795526035
2024-04-01,9445.59363636363,8814.454386724386,8422.87014751553,8880.100067685133,7925.646314465429,7925.646314465429,8880.100067685133,7925.646314465429
2024-05-01,10117.1634782609,9418.525387414526,8579.037430124228,8878.735580970158,7993.967293071366,7993.967293071366,8878.735580970158,7993.967293071366
2024-06-01,9648.167,9736.974704874841,8683.341536184833,8879.19855319238,8056.732993071364,8056.732993071364,8879.19855319238,8056.732993071364
2024-07-01,9385.31304347826,9716.881173913052,8759.061035839766,8877.378902884959,8114.1349495931045,8114.1349495931045,8877.378902884959,8114.1349495931045
2024-08-01,8981.11772727273,9338.199256916996,8811.83515804003,8866.572768325073,8168.662903777808,8168.662903777808,8866.572768325073,8168.662903777808
2024-09-01,9259.12857142857,9208.51978072652,8893.703054865427,8864.75107460213,8226.994213301617,8226.994213301617,8864.75107460213,8226.994213301617
2024-10-01,9533.99130434783,9258.079201016377,9026.422671136837,8856.550303955706,8289.939104605966,8289.939104605966,8856.550303955706,8289.939104605966
2024-11-01,9075.72714285714,9289.615672877846,9100.267622435538,8838.406487216891,8343.53535063771,8343.53535063771,8838.406487216891,8343.53535063771
2024-12-01,8909.90772727273,9173.2087248259,9142.101560025725,8820.59336853002,8390.749437758925,8390.749437758925,8820.59336853002,8390.749437758925
2025-01-01,8976.68043478261,8987.438434970827,9194.213299156161,8798.214005607317,8439.840626823481,8439.840626823481,8798.214005607317,8439.840626823481
2025-02-01,9330.975,9072.521054018447,9279.715342806954,8781.208450051761,8500.561043490148,8500.561043490148,8781.208450051761,8500.561043490148
2025-03-01,9735.82333333334,9347.82625603865,9366.632366616477,8767.456489504255,8576.447568742675,8576.447568742675,8767.456489504255,8576.447568742675
2025-04-01,9172.69590909091,9413.16474747475,9343.890889343751,8739.632830894348,8645.026300560856,8645.026300560856,8739.632830894348,8645.026300560856
2025-05-01,9531.20090909091,9479.90671717172,9295.060675246252,8743.41543190445,8716.549210449213,8716.549210449213,8743.41543190445,8716.549210449213
2025-06-01,9835.0680952381,9512.988304473307,9310.635766516094,8764.735328489345,8784.557087794092,8764.735328489345,8764.735328489345,8784.557087794092
2025-07-01,,,,,,,,
2025-08-01,,,,,,,,
2025-09-01,,,,,,,,
2025-10-01,,,,,,,,
